trace_id,step,x,y,heading,speed,action,reward
0,0,5.007070541381836,0.0003778177488129586,0.00023489080814531604,0.2949258369462086,"[0.16539497673511505, 1.0]",0.008397707648093876
0,1,5.042407512664795,0.002322916639968753,0.001539573426175167,0.589777310870948,"[0.15925756096839905, 1.0]",0.03799096918187825
0,2,5.107149600982666,0.006412801332771778,0.004008856388896476,0.8844228883161082,"[0.161859393119812, 1.0]",0.06872199131529358
0,3,5.201251029968262,0.01300942711532116,0.007853129422425553,1.1789532723661083,"[0.1632198840379715, 1.0]",0.0994067187112432
0,4,5.3246917724609375,0.022274557501077652,0.013135376286543377,1.4735670097121116,"[0.16291122138500214, 1.0]",0.13007179403638028
0,5,5.47745943069458,0.034447915852069855,0.01974867106348288,1.7682887485644412,"[0.16060364246368408, 1.0]",0.16072495760218256
0,6,5.659532070159912,0.04990179464221001,0.027564116756483514,2.063136747662388,"[0.15614783763885498, 1.0]",0.1913567548298128
0,7,5.870883464813232,0.06905665248632431,0.03642964686730288,2.3581479620140997,"[0.149610236287117, 1.0]",0.22196306048238376
0,8,6.111483573913574,0.09233807027339935,0.04614405957558532,2.6533522636549454,"[0.14111828804016113, 1.0]",0.25254019428678903
0,9,6.38130521774292,0.12013588845729828,0.05646633880267782,2.9487632048755374,"[0.13086025416851044, 1.0]",0.2830910782512856
0,10,6.680324077606201,0.1527833640575409,0.06711605368579576,3.244369117789061,"[0.11910528689622879, 1.0]",0.31361852089333203
0,11,7.008519172668457,0.19054533541202545,0.07779093544121451,3.5401378897917803,"[0.10617975145578384, 1.0]",0.3441257155663189
0,12,7.365873336791992,0.23360781371593475,0.0881839215952489,3.8360242521770056,"[0.0924440249800682, 1.0]",0.3746162732583317
0,13,7.752377033233643,0.28206223249435425,0.09799820284440841,4.131975867539269,"[0.07825429737567902, 1.0]",0.4050975878455771
0,14,8.168031692504883,0.33587995171546936,0.10695734306754456,4.427943553282909,"[0.06393839418888092, 1.0]",0.4355804052610133
0,15,8.6128511428833,0.3949013650417328,0.11481380144133269,4.723880883649384,"[0.04978445544838905, 1.0]",0.4660769143548402
0,16,9.086869239807129,0.45882588624954224,0.12135306033996773,5.0197518280115965,"[0.036044079810380936, 1.0]",0.4966069801498803
0,17,9.590137481689453,0.5272065997123718,0.12640068271204896,5.3155285611044585,"[0.022940892726182938, 1.0]",0.5271881204072942
0,18,10.122729301452637,0.5994274616241455,0.12981299101676758,5.611187940633594,"[0.010328550823032856, 1.0]",0.5578421654960348
0,19,10.68469524383545,0.6750409603118896,0.1316709453512619,5.906783651430642,"[0.0037396596744656563, 1.0]",0.5885464688142504
0,20,11.276084899902344,0.7536004781723022,0.1321637633109809,6.202241018797069,"[-0.007429133169353008, 1.0]",0.6192997406514813
0,21,11.897059440612793,0.8337522745132446,0.13091620549833305,6.497545413202818,"[-0.01755371317267418, 1.0]",0.6502134950698619
0,22,12.547735214233398,0.9144105911254883,0.12793146770662656,6.792805491322458,"[-0.02440061792731285, 1.0]",0.6812433983315566
0,23,13.228215217590332,0.9944867491722107,0.12333218850405991,7.0878675255185835,"[-0.032805170863866806, 1.0]",0.7123754072217672
0,24,13.938599586486816,1.0727887153625488,0.11717682427655962,7.38303877869021,"[-0.0359804593026638, 1.0]",0.7436080434005903
0,25,14.678948402404785,1.1483503580093384,0.10976458117259646,7.67795967761771,"[-0.04220348224043846, 1.0]",0.7748996344672484
0,26,15.449405670166016,1.2185479402542114,0.10037320990454113,7.971781533024849,"[-0.056935276836156845, 1.0]",0.8063302846598422
0,27,16.250083923339844,1.2799769639968872,0.08811840783243241,8.265486527959595,"[-0.06555578857660294, 1.0]",0.8378729425496463
0,28,17.080936431884766,1.3313387632369995,0.0739209629031663,8.560197962753861,"[-0.06293616443872452, 1.0]",0.8693733993773143
0,29,17.9417781829834,1.3752716779708862,0.060726198124314124,8.856594597242177,"[-0.03563837334513664, 1.0]",0.9006964267862226
0,30,18.832324981689453,1.4180116653442383,0.0524521560916007,9.152314365407264,"[-0.0075517697259783745, 1.0]",0.9317322133503874
0,31,19.7523136138916,1.4638398885726929,0.04979312290121207,9.447593108461987,"[0.007599999196827412, 1.0]",0.9625028011902274
0,32,20.701658248901367,1.513970136642456,0.0507706361793252,9.743028821303215,"[0.010632460005581379, 1.0]",0.99318826470563
0,33,21.680376052856445,1.568061351776123,0.05319131645215247,10.038546698262067,"[0.010946025140583515, 1.0]",1.0238912640972575
0,34,22.68844985961914,1.6264503002166748,0.056131712611708906,10.334059504626442,"[0.011641849763691425, 1.0]",1.0545770745335143
0,35,23.72593879699707,1.6880292892456055,0.05839593217049455,10.62955380070508,"[-0.002024228684604168, 1.0]",1.0853219294811025
0,36,24.79297637939453,1.7505556344985962,0.05876557892979761,10.925132065141613,"[0.0006569670513272285, 1.0]",1.1162006766905983
0,37,25.88949203491211,1.8152602910995483,0.05900020342183332,11.220705921693485,"[0.0008035050705075264, 1.0]",1.1470088321651988
0,38,27.015657424926758,1.8774105310440063,0.05662173425228367,11.51356262923343,"[-0.033435504883527756, 1.0]",1.1779764218461988
0,39,28.171709060668945,1.9306423664093018,0.04931162337612527,11.809172040225656,"[-0.019430343061685562, 1.0]",1.209192909923203
0,40,29.357568740844727,1.9738279581069946,0.039894419445495544,12.099684189516356,"[-0.05402004346251488, 1.0]",1.2403082590286048
0,41,30.573081970214844,2.003858804702759,0.02822245017795133,12.395262792415846,"[-0.005345146171748638, 1.0]",1.2712919119359885
0,42,31.81804847717285,2.036681652069092,0.025507756920778668,12.689810560136774,"[0.01564856246113777, 1.0]",1.3020706544786234
0,43,33.0922966003418,2.066357374191284,0.023445937604839706,12.977657136902687,"[-0.047339122742414474, 1.0]",1.3326475802850073
0,44,34.39501953125,2.0884222984313965,0.018077404321402923,13.256390162250213,"[0.04590482637286186, 1.0]",1.3623766866383291
0,45,35.725852966308594,2.131040096282959,0.027953071433689303,13.550252426437291,"[0.0385727621614933, 1.0]",1.3918095709775615
0,46,37.085750579833984,2.183089256286621,0.03690329006717352,13.844644925727273,"[-0.008580113761126995, 1.0]",1.4221985156911634
0,47,38.47529220581055,2.2286620140075684,0.03483348126796404,14.137656509411666,"[-0.030338268727064133, 1.0]",1.453161080268915
0,48,39.89125061035156,2.2534983158111572,0.02108983898844663,14.29615948146218,"[-0.17152918875217438, 1.0]",1.4802911222075954
0,49,41.32678985595703,2.231293201446533,-0.009710417966647178,14.581188628654676,"[-0.09460576623678207, 1.0]",1.5011545944344147
0,50,42.78969192504883,2.1732912063598633,-0.038036065636838146,14.87728885208321,"[-0.015558498911559582, 1.0]",1.5298498689261713
0,51,44.28181457519531,2.109649896621704,-0.04554751149140657,15.168462286535009,"[0.029638629406690598, 1.0]",1.5603807304358919
0,52,45.803585052490234,2.0571868419647217,-0.03743086227911796,15.461243646193822,"[0.03763142600655556, 1.0]",1.591346073702794
0,53,47.35519790649414,2.021219253540039,-0.024420654563808597,15.756265695250475,"[0.028419900685548782, 1.0]",1.6225160496325335
0,54,48.93647384643555,2.006171703338623,-0.009674198975822002,16.04633892252908,"[0.0499405600130558, 1.0]",1.6534844650927871
0,55,50.5470085144043,2.0176262855529785,0.007280949262222336,16.342273034966496,"[0.02268097922205925, 1.0]",1.6840748966260992
0,56,52.18471145629883,2.0555419921875,0.023902003941515204,16.573244591018835,"[0.09281396865844727, 1.0]",1.712282542554116
0,57,53.84611892700195,2.1376657485961914,0.049467950932113425,16.86953607326608,"[0.03503338620066643, 1.0]",1.7373203830328223
0,58,55.53574752807617,2.242403745651245,0.06442066834652671,17.165264268969384,"[0.0027337269857525826, 1.0]",1.766872290284581
0,59,57.25366973876953,2.347226858139038,0.06320759846999557,17.42818897846603,"[-0.06199095770716667, 1.0]",1.7963490610964565
0,60,59.000328063964844,2.4157843589782715,0.04014196026881933,17.700111615146252,"[-0.07934815436601639, 1.0]",1.8263088274634707
0,61,60.776161193847656,2.442782402038574,0.01278024375518072,17.996894277578388,"[-0.023736659437417984, 1.0]",1.8568191541319152
0,62,62.58176040649414,2.447500228881836,-0.001094159733859179,18.292578787616012,"[-0.009176450781524181, 1.0]",1.8879158171907564
0,63,64.41691589355469,2.4393694400787354,-0.006404636105531658,18.588067791667473,"[0.0024272100999951363, 1.0]",1.9188017921230505
0,64,66.28158569335938,2.4310407638549805,-0.005031110773323633,18.88260588051004,"[0.01611848548054695, 1.0]",1.9496415262669826
0,65,68.17575073242188,2.432490110397339,0.0012982910314134344,19.177694803398474,"[0.014636729843914509, 1.0]",1.9804646656777931
0,66,70.0993881225586,2.4451818466186523,0.00777350090583262,19.47320166589276,"[0.008399118669331074, 1.0]",2.0112667976332363
0,67,72.05252075195312,2.465447187423706,0.011471166921353415,19.76875817312381,"[-0.0008822707459330559, 1.0]",2.0420920411735883
0,68,74.03517150878906,2.4863154888153076,0.010939733125827189,20.063980140710804,"[-0.009016509167850018, 1.0]",2.072938667469136
0,69,76.04742431640625,2.5008656978607178,0.006745653883116098,20.35910289938865,"[-0.011914300732314587, 1.0]",2.1038687706644366
0,70,78.08924102783203,2.5063276290893555,0.0016478309244867262,20.654636887107856,"[-0.0057259825989604, 1.0]",2.1347625774177668
0,71,80.1606216430664,2.506315231323242,-0.0009391637584164059,20.950155575769223,"[0.0019781338050961494, 1.0]",2.1656563153253363
0,72,82.26154327392578,2.5063300132751465,-0.00020812603918951567,21.245588547893945,"[0.005672899074852467, 1.0]",2.196526779324898
0,73,84.39201354980469,2.510362148284912,0.002380732856476442,21.541062120003588,"[0.005370144732296467, 1.0]",2.2274050554189224
0,74,86.55200958251953,2.519900321960449,0.005139368271635192,21.836594019038085,"[0.003849831409752369, 1.0]",2.2582607058005153
0,75,88.74153137207031,2.533891439437866,0.006998387870564393,22.132164366154207,"[0.00038540828973054886, 1.0]",2.289116529198475
0,76,90.96061706542969,2.5490903854370117,0.0070669642686347345,22.427672071770242,"[-0.003330226056277752, 1.0]",2.320010217682341
0,77,93.20130157470703,2.561030387878418,0.004942161192914796,22.391065900231137,"[-0.007559309713542461, 1.0]",2.341444305828384
0,78,95.4396743774414,2.5653092861175537,0.0009781790683867086,22.35449619552335,"[-0.007777961902320385, 1.0]",10.0
1,0,5.006348609924316,6.997918128967285,-0.0012704609980218606,0.2736150572529866,"[-0.9492835998535156, 1.0]",0.007579877681954846
1,1,5.036810874938965,6.986589431762695,-0.008423844844029915,0.5320097233556718,"[-1.0, 1.0]",0.03285630876974896
1,2,5.089846611022949,6.962488174438477,-0.02200064008125313,0.7819254865722562,"[-1.0, 1.0]",0.05655440077355953
1,3,5.163626194000244,6.924423694610596,-0.042622827982281564,1.0229328772411534,"[-1.0, 1.0]",0.07838278092488012
1,4,5.2571845054626465,6.872376441955566,-0.07052223672000668,1.2608151849935982,"[-1.0, 1.0]",0.09923197979487354
1,5,5.369662761688232,6.805665016174316,-0.10523267994560914,1.4945994781534069,"[-1.0, 1.0]",0.11920395387727627
1,6,5.500048637390137,6.723167419433594,-0.1462233896538363,1.7318952364930944,"[-0.9741239547729492, 1.0]",0.1381794042661232
1,7,5.6485819816589355,6.624423027038574,-0.1924898214815105,1.981599517132486,"[-0.9170042276382446, 1.0]",0.157450542095895
1,8,5.816766262054443,6.5094099044799805,-0.2424810835678235,2.2487664874002484,"[-0.832782506942749, 1.0]",0.17830372958880894
1,9,6.007138729095459,6.378673553466797,-0.2940040627550964,2.537245362348601,"[-0.715246319770813, 1.0]",0.20179007117158432
1,10,6.222846984863281,6.233353614807129,-0.34405511280788215,2.841872991556052,"[-0.5769160985946655, 1.0]",0.2284966842298245
1,11,6.4664306640625,6.0748291015625,-0.3893829135093574,3.1536539160287944,"[-0.4299654960632324, 1.0]",0.2577751218213483
1,12,6.739230155944824,5.904348850250244,-0.4273083248029028,3.463957271544987,"[-0.29843538999557495, 1.0]",0.28838729960427667
1,13,7.041220664978027,5.722405433654785,-0.4566656810793921,3.769694993180221,"[-0.1923963576555252, 1.0]",0.31895413650251414
1,14,7.371715545654297,5.528806209564209,-0.4777552537517291,4.071351801294764,"[-0.11708052456378937, 1.0]",0.34881596378209595
1,15,7.729386329650879,5.32204008102417,-0.492478140364069,4.370556127098533,"[-0.08581465482711792, 1.0]",0.3773382865685254
1,16,8.113347053527832,5.101044654846191,-0.5027386342538716,4.668652349688432,"[-0.03779016062617302, 1.0]",0.4049696594505511
1,17,8.525861740112305,4.870413780212402,-0.5064212534092327,4.961116091786747,"[0.04638803377747536, 1.0]",0.434839708997513
1,18,8.969372749328613,4.635443687438965,-0.5014833532740628,5.254123584286517,"[0.08158309757709503, 1.0]",0.4671545653455979
1,19,9.444291114807129,4.3976545333862305,-0.48975053077560915,5.544505039458441,"[0.12382031232118607, 1.0]",0.4998686381560786
1,20,9.951870918273926,4.160717010498047,-0.47132771446082344,5.834315910504651,"[0.15286308526992798, 1.0]",0.5338342250640679
1,21,10.493021965026855,3.9279346466064453,-0.44691864464775666,6.122520308987299,"[0.17956244945526123, 1.0]",0.5687023881433725
1,22,11.06810188293457,3.7102394104003906,-0.4137222085018646,6.310180996786377,"[0.3514325022697449, 1.0]",0.6034757323932536
1,23,11.678155899047852,3.5327115058898926,-0.36184409678322993,6.551129197846796,"[0.37534841895103455, 1.0]",0.6395340975035918
1,24,12.324239730834961,3.393974542617798,-0.29882691433117525,6.834195398949668,"[0.345997154712677, 1.0]",0.6768377110823829
1,25,13.00493049621582,3.281189203262329,-0.23804998298809554,7.14647156389591,"[0.2443559169769287, 1.0]",0.712849887418391
1,26,13.718589782714844,3.178524971008301,-0.19071921883077092,7.456721298402224,"[0.14479032158851624, 1.0]",0.7472145323418334
1,27,14.46392822265625,3.080298900604248,-0.15795820952310713,7.759158025701109,"[0.10460188239812851, 1.0]",0.7802546510570613
1,28,15.240458488464355,2.9883997440338135,-0.13449123294565535,8.059028216063927,"[0.07032952457666397, 1.0]",0.8127958927803931
1,29,16.048006057739258,2.907355785369873,-0.11464482387016695,8.349496575131006,"[0.10730448365211487, 1.0]",0.8451203038629919
1,30,16.88641929626465,2.8416543006896973,-0.09393848007869199,8.648775525834992,"[0.058733854442834854, 1.0]",0.8773327283916481
1,31,17.75530433654785,2.7846179008483887,-0.07715563836317596,8.944098752719487,"[0.07295142114162445, 1.0]",0.9091334846704409
1,32,18.653902053833008,2.731813669204712,-0.06516661976785798,9.236617845760527,"[-0.020712416619062424, 1.0]",0.9401624975910786
1,33,19.58156394958496,2.6728124618530273,-0.06272197104521915,9.532002402212852,"[0.027681846171617508, 1.0]",0.9705559065619109
1,34,20.539323806762695,2.6216609477996826,-0.05670775435549302,9.828568448830737,"[0.029705334454774857, 1.0]",1.0019884151974727
1,35,21.527149200439453,2.579911947250366,-0.04775953309282688,10.12311007483644,"[0.05048875883221626, 1.0]",1.0333793890135219
1,36,22.544973373413086,2.5497477054595947,-0.036166127077439825,10.420569624981132,"[0.033687788993120193, 1.0]",1.064716736286048
1,37,23.592710494995117,2.525756597518921,-0.026789669511488867,10.718112185644037,"[0.02137710526585579, 1.0]",1.0959686264174293
1,38,24.667484283447266,2.4959535598754883,-0.025943982707334,10.933649620263825,"[-0.12254180014133453, 1.0]",1.1239752117433357
1,39,25.764633178710938,2.4293696880340576,-0.047417450050806664,11.221357379688554,"[-0.10248429328203201, 1.0]",1.1476450034722703
1,40,26.889204025268555,2.340108633041382,-0.07011903413096832,11.51936125637535,"[-0.016597356647253036, 1.0]",1.1764079722113063
1,41,28.043447494506836,2.2485885620117188,-0.07854367792332528,11.816369140196088,"[0.0029578329995274544, 1.0]",1.2074171303691636
1,42,29.22765350341797,2.163628339767456,-0.07541060205890204,12.10462057810591,"[0.05935390666127205, 1.0]",1.2386768015126095
1,43,30.44222068786621,2.096588134765625,-0.06145856742408551,12.401354959160207,"[0.04161161556839943, 1.0]",1.270373281764463
1,44,31.68709945678711,2.0426225662231445,-0.04712689917587909,12.697433303198254,"[0.04263380542397499, 1.0]",1.3020172187852905
1,45,32.96211242675781,2.0096020698547363,-0.03003233445476905,12.987403176793821,"[0.07022758573293686, 1.0]",1.3334562842662754
1,46,34.266727447509766,2.006014585494995,-0.007700796608073546,13.281794428697951,"[0.06372454017400742, 1.0]",1.3643830956810938
1,47,35.60067367553711,2.028750419616699,0.013706224866202099,13.578876091045606,"[0.0461442656815052, 1.0]",1.395051170437049
1,48,36.963863372802734,2.0640907287597656,0.025896312123821374,13.871761520527011,"[-0.020294319838285446, 1.0]",1.4256126241079965
1,49,38.35663604736328,2.08969783782959,0.02165922282950561,14.165476678289263,"[-0.03869729861617088, 1.0]",1.4565173196128485
1,50,39.779075622558594,2.1038126945495605,0.01203109654054213,14.46300423201822,"[-0.010893489234149456, 1.0]",1.4875230942393944
1,51,41.231266021728516,2.1108577251434326,0.005120726144004273,14.759343005973363,"[-0.02250116690993309, 1.0]",1.518607442696802
1,52,42.7131462097168,2.1082193851470947,-0.0014559501679460851,15.05668443338639,"[-0.003847162239253521, 1.0]",1.54963526793852
1,53,44.22475051879883,2.103865623474121,-0.0035458658333862303,15.353843170389093,"[0.004019130952656269, 1.0]",1.5806966033487821
1,54,45.76606369018555,2.0985629558563232,-0.00377756084822245,15.650966177300196,"[-0.005309055559337139, 1.0]",1.6117425191845696
1,55,47.33707046508789,2.0888524055480957,-0.005915546571339192,15.948014623040406,"[-0.009424085728824139, 1.0]",1.6427728407060256
1,56,48.937747955322266,2.0739293098449707,-0.009184709967465565,16.245249830649975,"[-0.0064393384382128716, 1.0]",1.6737811144722998
1,57,50.568115234375,2.057173013687134,-0.010609634308711868,16.5421820420197,"[0.007530828006565571, 1.0]",1.704807098241823
1,58,52.22692108154297,2.0534706115722656,-0.003126551119752463,16.804732264489576,"[0.06930883228778839, 1.0]",1.7344271423581719
1,59,53.91276168823242,2.090191602706909,0.020934576696895135,17.094595966196945,"[0.06507959961891174, 1.0]",1.7627662885373394
1,60,55.62654113769531,2.1660282611846924,0.046001047825047436,17.392082038685295,"[0.03339444473385811, 1.0]",1.7920438186369745
1,61,57.368927001953125,2.263201951980591,0.05865226142541502,17.687635417459735,"[-0.012972536496818066, 1.0]",1.8219802236363813
1,62,59.14088821411133,2.3534257411956787,0.05276401225524907,17.973149307691,"[-0.05136222019791603, 1.0]",1.8528403840428127
1,63,60.942989349365234,2.411351203918457,0.03157363893565268,18.26203213810253,"[-0.05981961265206337, 1.0]",1.8842802798753677
1,64,62.77507400512695,2.4306859970092773,0.007748866665749254,18.559155940398398,"[-0.03021935001015663, 1.0]",1.9156008574935115
1,65,64.63691711425781,2.4272687435150146,-0.00534483114973483,18.856049840383683,"[0.0037805410102009773, 1.0]",1.946695333412586
1,66,66.52839660644531,2.4209249019622803,-0.005062669232240857,19.15171711990644,"[0.01998290792107582, 1.0]",1.977662219227079
1,67,68.44950103759766,2.4244837760925293,0.0023841949658933714,19.448410356247788,"[0.016546528786420822, 1.0]",2.008622277755459
1,68,70.40020751953125,2.4412660598754883,0.010060889966101882,19.74548423576877,"[0.010954801924526691, 1.0]",2.039561160994553
1,69,72.38052368164062,2.4679460525512695,0.01483007884621479,20.042731528772226,"[-0.000338616780936718, 1.0]",2.07050845398885
1,70,74.3905258178711,2.4957969188690186,0.014423014673596413,20.339448284936907,"[-0.011003623716533184, 1.0]",2.101529653512685
1,71,76.43028259277344,2.515685796737671,0.009119728836867402,20.63587548132198,"[-0.015835348516702652, 1.0]",2.132618214568293
1,72,78.49979400634766,2.5231997966766357,0.002210690020874928,20.93303612586816,"[-0.008561681024730206, 1.0]",2.1637100761406254
1,73,80.59904479980469,2.5224013328552246,-0.0017129452131392497,21.230269081670933,"[0.0014627249911427498, 1.0]",2.1947870043245503
1,74,82.72801208496094,2.520538091659546,-0.0012796489037834036,21.52732899886595,"[0.00677433330565691, 1.0]",2.2258402656511467
1,75,84.88668823242188,2.5230867862701416,0.0017377126112769758,21.82447177645956,"[0.0063739316537976265, 1.0]",2.2568862704550057
1,76,87.07506561279297,2.5322370529174805,0.005086504523997171,22.121651701876566,"[0.004928720183670521, 1.0]",2.287924813029538
1,77,89.29312896728516,2.5471415519714355,0.007501325842426354,22.41889450571298,"[0.0009083198383450508, 1.0]",2.318948379767896
1,78,91.53289031982422,2.563400983810425,0.007541805890995512,22.382378556488025,"[-0.0054795099422335625, 1.0]",2.3404820560432587
1,79,93.7703628540039,2.574159860610962,0.00423482560738897,22.34549555756022,"[-0.011111664585769176, 1.0]",2.3380272641887085
1,80,96.00418090820312,2.5742135047912598,-0.0013333115997475886,22.3088637925203,"[-0.0092916963621974, 1.0]",10.0
2,0,5.006748676300049,0.0003600549534894526,0.00022383868962094766,0.28149163765624086,"[0.16539497673511505, 1.0]",0.008015388669501912
2,1,5.040476322174072,0.0022093085572123528,0.0014648717575980186,0.5629157412351985,"[0.15911369025707245, 1.0]",0.03626076670958183
2,2,5.102270603179932,0.006093069911003113,0.003812181942393522,0.8441382017046185,"[0.16158536076545715, 1.0]",0.06559290291353016
2,3,5.192087650299072,0.01235793437808752,0.007473229492926059,1.1252499054913878,"[0.16288578510284424, 1.0]",0.09488067169385186
2,4,5.309909343719482,0.021142931655049324,0.012508068691775343,1.4064439906638344,"[0.16260451078414917, 1.0]",0.1241506913783974
2,5,5.4557271003723145,0.032655008137226105,0.018813502046700847,1.6877391712928214,"[0.16042500734329224, 1.0]",0.15341258292364973
2,6,5.629520416259766,0.04723150655627251,0.026268622044214318,1.969148481902815,"[0.1562097817659378, 1.0]",0.18265448405601384
2,7,5.831265449523926,0.06525993347167969,0.034737740626775704,2.250704302559036,"[0.15002569556236267, 1.0]",0.21187320262567583
2,8,6.060935020446777,0.08713492751121521,0.044041227578858866,2.532435837690449,"[0.14198988676071167, 1.0]",0.24106553219245858
2,9,6.318505764007568,0.11322137713432312,0.05396043737496736,2.8143565968292354,"[0.1322673261165619, 1.0]",0.27023534824652257
2,10,6.6039533615112305,0.14383652806282043,0.06424010602461916,3.0964608686375805,"[0.12109654396772385, 1.0]",0.29938167141253125
2,11,6.917258262634277,0.17923875153064728,0.07460539530331634,3.378721895542616,"[0.10877232998609543, 1.0]",0.32850914965298866
2,12,7.258403778076172,0.21962027251720428,0.08477267855496606,3.6610997446086206,"[0.09562256187200546, 1.0]",0.35762046429263333
2,13,7.627378463745117,0.2650928497314453,0.09446711755507309,3.943551248382976,"[0.08197516947984695, 1.0]",0.3867206662866687
2,14,8.024179458618164,0.3156643807888031,0.10342785567486246,4.226028771004414,"[0.06813604384660721, 1.0]",0.41581812434256676
2,15,8.448817253112793,0.3712286055088043,0.1114194694739723,4.508493220089062,"[0.054376568645238876, 1.0]",0.4449260139850297
2,16,8.901315689086914,0.4315544664859772,0.11823583028403029,4.790908480136869,"[0.04093476012349129, 1.0]",0.474057524134737
2,17,9.381714820861816,0.49628013372421265,0.12370263421169003,5.07324405870858,"[0.028019625693559647, 1.0]",0.503228730039091
2,18,9.8900728225708,0.5649107694625854,0.1276840600413589,5.355482328811656,"[0.015822920948266983, 1.0]",0.5324576721886368
2,19,10.42646312713623,0.6368243098258972,0.13008583187044653,5.63761028374698,"[0.004525546915829182, 1.0]",0.5617595508422911
2,20,10.990937232971191,0.7115723490715027,0.13102326457415447,5.91969981052116,"[-0.0015056831762194633, 1.0]",0.5911127549823062
2,21,11.583541870117188,0.7887230515480042,0.13070155471447276,6.201668812463903,"[-0.01092247199267149, 1.0]",0.6205121468020837
2,22,12.204412460327148,0.8671169281005859,0.12886397356231782,6.483523283842736,"[-0.019313525408506393, 1.0]",0.6500464449872533
2,23,12.853652954101562,0.9457343220710754,0.12550213216025696,6.765311587547711,"[-0.025942932814359665, 1.0]",0.6796843959183787
2,24,13.53134822845459,1.0236728191375732,0.12076849648069476,7.047074157441537,"[-0.03086313232779503, 1.0]",0.7094071080615143
2,25,14.237561225891113,1.1001360416412354,0.11488317678772919,7.328841322245903,"[-0.034062113612890244, 1.0]",0.73919278338663
2,26,14.972332000732422,1.1744356155395508,0.10811182340009395,7.610641894535607,"[-0.03564118966460228, 1.0]",0.7690186633667189
2,27,15.735686302185059,1.2459875345230103,0.10073699770944611,7.892490906372535,"[-0.03580847010016441, 1.0]",0.7988705105313131
2,28,16.527629852294922,1.3143305778503418,0.09303793215608192,8.174395838359219,"[-0.03483479842543602, 1.0]",0.8287283313824798
2,29,17.34815216064453,1.3791428804397583,0.08526456440830366,8.456351665967766,"[-0.03302035853266716, 1.0]",0.8585758908464644
2,30,18.19723129272461,1.440232753753662,0.0776276836663925,8.73834409687374,"[-0.030652832239866257, 1.0]",0.88840168051601
2,31,19.074840545654297,1.497505784034729,0.07028827801824278,9.02036964116875,"[-0.027986910194158554, 1.0]",0.9182009163149469
2,32,19.98094367980957,1.5509556531906128,0.06336073023267463,9.30241026062587,"[-0.025222044438123703, 1.0]",0.9479639803280898
2,33,20.91550636291504,1.6006451845169067,0.05691361670775663,9.584474585650188,"[-0.022505339235067368, 1.0]",0.9776928187408946
2,34,21.878498077392578,1.6466392278671265,0.05095412797843135,9.866528539319248,"[-0.02034064754843712, 1.0]",1.0073910929044756
2,35,22.869888305664062,1.6889433860778809,0.04541834817853818,10.148577841444933,"[-0.018479686230421066, 1.0]",1.0370588285579865
2,36,23.88966178894043,1.727410912513733,0.040165262928357315,10.430580482086436,"[-0.01813819631934166, 1.0]",1.0667110954457562
2,37,24.93781280517578,1.7609792947769165,0.03458341044160562,10.712285406554571,"[-0.023067574948072433, 1.0]",1.0963563005648471
2,38,26.01432228088379,1.7857108116149902,0.026726153119490448,10.99220383212164,"[-0.0417950414121151, 1.0]",1.1259743929525552
2,39,27.119083404541016,1.7964664697647095,0.015015834332247735,11.272696871962681,"[-0.04605195298790932, 1.0]",1.1554882595810587
2,40,28.252010345458984,1.794098973274231,0.0025680862391634918,11.555038114383466,"[-0.030511464923620224, 1.0]",1.1849246124326944
2,41,29.413122177124023,1.7846261262893677,-0.006076268343124802,11.837368303571957,"[-0.007554764859378338, 1.0]",1.2143799890311129
2,42,30.6024227142334,1.7759445905685425,-0.008107328148473592,12.11826040888763,"[0.01786840334534645, 1.0]",1.2438327089493693
2,43,31.819860458374023,1.7748870849609375,-0.003556252161637019,12.399343721668462,"[0.026008982211351395, 1.0]",1.2732347908881332
2,44,33.065399169921875,1.7831480503082275,0.0039803605652322105,12.681145273234955,"[0.023199383169412613, 1.0]",1.3026038652774088
2,45,34.338993072509766,1.8015952110290527,0.012403406460935074,12.962400871099813,"[0.0285232774913311, 1.0]",1.3319247065078397
2,46,35.640560150146484,1.8307509422302246,0.02083470815601718,13.244687726068488,"[0.014318828471004963, 1.0]",1.361168172404027
2,47,36.97019577026367,1.8663607835769653,0.026392059560739867,13.526858137138198,"[0.00877933669835329, 1.0]",1.3905064817343094
2,48,38.327964782714844,1.9047706127166748,0.028647490687927935,13.808587891788163,"[-0.008328880183398724, 1.0]",1.4199076579642187
2,49,39.71399688720703,1.9408602714538574,0.026979686055265795,14.090621564015724,"[-0.0074927909299731255, 1.0]",1.4494399015302584
2,50,41.127960205078125,1.9817320108413696,0.028329242937663146,14.368639284770737,"[0.03382908180356026, 1.0]",1.4786221946525622
2,51,42.56951904296875,2.0328879356384277,0.034303778527147166,14.649749182978907,"[-0.008773299865424633, 1.0]",1.5074827092140302
2,52,44.03936767578125,2.080383062362671,0.033290978364590273,14.931653531714035,"[-0.009430910460650921, 1.0]",1.5370410737052131
2,53,45.537471771240234,2.1173770427703857,0.02613000450947567,15.206943884120275,"[-0.04881196841597557, 1.0]",1.5665353429375255
2,54,47.063568115234375,2.1398191452026367,0.015586017121634654,15.486984548282452,"[0.012067441828548908, 1.0]",1.5957877744614117
2,55,48.61769485473633,2.162747859954834,0.01355988416430165,15.767913234220277,"[-0.016049500554800034, 1.0]",1.6250823490559443
2,56,50.19984817504883,2.183583974838257,0.01281419905907999,16.046286900352342,"[0.028362277895212173, 1.0]",1.6543616113640855
2,57,51.807613372802734,2.228433609008789,0.02603333176190592,16.26790056000491,"[0.09403938800096512, 1.0]",1.6809707502739284
2,58,53.437747955322266,2.30470871925354,0.04641184042319235,16.537751656176138,"[-0.01574857160449028, 1.0]",1.7045544649723239
2,59,55.0955924987793,2.3754618167877197,0.04571063010817511,16.81763445273016,"[-0.026605647057294846, 1.0]",1.733523898494317
2,60,56.77953338623047,2.427027702331543,0.03189907722086005,16.998289374317995,"[-0.11755173653364182, 1.0]",1.760433189635603
2,61,58.485347747802734,2.4408512115478516,0.00810293393267525,17.281510723408076,"[-0.02257990464568138, 1.0]",1.783581159827602
2,62,60.21904754638672,2.433236598968506,-0.007141532779156634,17.56145098708052,"[-0.03161584213376045, 1.0]",1.8127263280258468
2,63,61.98056411743164,2.408041477203369,-0.016237160008159,17.841097010487765,"[0.017510656267404556, 1.0]",1.8418015075921168
2,64,63.77012634277344,2.3924639225006104,-0.010085790522293081,18.119272617737472,"[0.03550216928124428, 1.0]",1.8710989521216155
2,65,65.58748626708984,2.4022836685180664,0.00616894634905929,18.395221770257756,"[0.04864368960261345, 1.0]",1.9001384222825661
2,66,67.43192291259766,2.450026273727417,0.028110996886331563,18.672988904881482,"[0.04663636162877083, 1.0]",1.9284650955797793
2,67,69.30311584472656,2.531834840774536,0.046900397325167376,18.95553822294617,"[0.01240368653088808, 1.0]",1.956492854132164
2,68,71.20066833496094,2.6212174892425537,0.04969871384056823,19.19712597914742,"[-0.058849092572927475, 1.0]",1.9839395571405385
2,69,73.12419891357422,2.6751041412353516,0.027417909212638314,19.441418981342462,"[-0.0789930447936058, 1.0]",2.0110169640293223
2,70,75.07405853271484,2.6774332523345947,-0.003582883772538459,19.721265303680457,"[-0.04394952580332756, 1.0]",2.0386053130071873
2,71,77.05152130126953,2.6414287090301514,-0.02364567468659562,20.003538954225167,"[-0.004547323100268841, 1.0]",2.0674786938487006
2,72,79.05685424804688,2.5916149616241455,-0.027696742178769718,20.284394752921724,"[0.015496578998863697, 1.0]",2.0966127231654914
2,73,81.09038543701172,2.550359010696411,-0.01976704687500419,20.562264662584912,"[0.03344525024294853, 1.0]",2.126061379946476
2,74,83.152099609375,2.53725004196167,-0.0035301531829547983,20.840493275866613,"[0.03595977649092674, 1.0]",2.155496392104681
2,75,85.24171447753906,2.556307554244995,0.012949887116619152,21.122311758460757,"[0.016912642866373062, 1.0]",2.1846652710771357
2,76,87.35922241210938,2.593695640563965,0.02071153695560035,21.403845410731957,"[-0.007844383828341961, 1.0]",2.213825238918606
2,77,89.50486755371094,2.6280977725982666,0.01628070269198112,21.6825415681637,"[-0.02799193188548088, 1.0]",2.2432165786582994
2,78,91.67866516113281,2.639862060546875,0.00272095168573383,21.96179925241409,"[-0.029182251542806625, 1.0]",2.2726257040577384
2,79,93.88044738769531,2.624819278717041,-0.010530804740445987,22.243887122354725,"[-0.008684220723807812, 1.0]",2.301879718613096
2,80,96.1026382446289,2.5973105430603027,-0.014730343463392082,22.206724811949723,"[0.01122536975890398, 1.0]",2.3221211185873676
2,81,98.33009338378906,2.5740885734558105,-0.010087255260892825,22.487971929540773,"[0.015191678889095783, 1.0]",2.32865101284309
2,82,100.57685852050781,2.563812255859375,-0.0024027039354699298,22.4510883953087,"[0.012372066266834736, 1.0]",2.347795034497639
2,83,102.82124328613281,2.568009376525879,0.003985686887412854,22.414678111117265,"[0.004968044348061085, 1.0]",2.3452508171250277
2,84,105.06195068359375,2.5794272422790527,0.006229266947749501,22.378131167355967,"[-0.005429047159850597, 1.0]",10.0
3,0,5.007315635681152,3.499427556991577,-0.00035606463774318087,0.30552427434124496,"[-0.24135750532150269, 1.0]",0.008690494915687946
3,1,5.0435662269592285,3.495488405227661,-0.0029113677036747276,0.6043825515494782,"[-0.4055138826370239, 1.0]",0.03897031276004882
3,2,5.109225273132324,3.4853780269622803,-0.009112005669706491,0.9041477027267801,"[-0.41072583198547363, 1.0]",0.06972771083536622
3,3,5.204170227050781,3.468498945236206,-0.018898723201584033,1.2047553973825451,"[-0.3974389433860779, 1.0]",0.10036635320667849
3,4,5.328604221343994,3.4454944133758545,-0.031889090366772344,1.5072641913655527,"[-0.3733740448951721, 1.0]",0.1312166831543579
3,5,5.4827985763549805,3.41679310798645,-0.047267380923380564,1.8117471919877262,"[-0.3404220640659332, 1.0]",0.1623472173749311
3,6,5.666960716247559,3.3824729919433594,-0.06415315381502751,2.117934979635003,"[-0.30135631561279297, 1.0]",0.19369284730093564
3,7,5.881240367889404,3.3424863815307617,-0.08167369115249556,2.42540368859189,"[-0.25935131311416626, 1.0]",0.22519396824050922
3,8,6.12575626373291,3.2968454360961914,-0.09900940511031209,2.7336422441650368,"[-0.2172558605670929, 1.0]",0.2568172859422485
3,9,6.400574207305908,3.2455506324768066,-0.11544936483547996,3.0421903164776323,"[-0.17723329365253448, 1.0]",0.2885077999971474
3,10,6.7057037353515625,3.188521146774292,-0.13043989913737253,3.350708122577769,"[-0.1405946910381317, 1.0]",0.3202077145972543
3,11,7.041125297546387,3.1257004737854004,-0.14358779228103913,3.658997324060995,"[-0.10786490887403488, 1.0]",0.3518870501530987
3,12,7.406826972961426,3.0571532249450684,-0.1546431065981757,3.96697688859,"[-0.07903590053319931, 1.0]",0.38355307141369405
3,13,7.8028178215026855,2.983090400695801,-0.16345936822882923,4.274636318187933,"[-0.053819600492715836, 1.0]",0.41522671197310546
3,14,8.229135513305664,2.903886079788208,-0.16996507129772898,4.581993802685813,"[-0.031837474554777145, 1.0]",0.4469366639150647
3,15,8.68585205078125,2.8200857639312744,-0.1741361141970108,4.889080002547789,"[-0.012727911584079266, 1.0]",0.478717397487051
3,16,9.173067092895508,2.732407569885254,-0.17598634536434332,5.195927999620247,"[0.003797595389187336, 1.0]",0.5105967181125489
3,17,9.69090747833252,2.6417315006256104,-0.1755658322282203,5.502572585163583,"[0.017947886139154434, 1.0]",0.5426019620702478
3,18,10.239520072937012,2.549091339111328,-0.17294834435083573,5.809034800376494,"[0.030128423124551773, 1.0]",0.5747532512061864
3,19,10.819421768188477,2.459805727005005,-0.16586446900927942,6.1076950732558855,"[0.0989522933959961, 1.0]",0.6073863230811163
3,20,11.431214332580566,2.381469964981079,-0.15110962446385923,6.410518561106805,"[0.11005476862192154, 1.0]",0.6406398979170704
3,21,12.07470703125,2.3129074573516846,-0.13259133382399302,6.715353657310042,"[0.11064545810222626, 1.0]",0.6737117901273287
3,22,12.749768257141113,2.2534685134887695,-0.11279232901590852,7.021802555206221,"[0.10093451291322708, 1.0]",0.7066593373895412
3,23,13.456249237060547,2.202056407928467,-0.09376377671118252,7.32934386885957,"[0.08362183719873428, 1.0]",0.7394630273293017
3,24,14.193998336791992,2.1572985649108887,-0.07700437081325973,7.637112727838781,"[0.06558101624250412, 1.0]",0.7721161070067198
3,25,14.962867736816406,2.1179521083831787,-0.06312397521176649,7.94475160252545,"[0.049239497631788254, 1.0]",0.8046207822357786
3,26,15.76272964477539,2.082843780517578,-0.052192098411154575,8.252199066947263,"[0.03509405627846718, 1.0]",0.8369968037602471
3,27,16.593488693237305,2.0509681701660156,-0.04393083955167487,8.559435463016833,"[0.025129277259111404, 1.0]",0.8692765080454898
3,28,17.455078125,2.0217223167419434,-0.037728870005097725,8.86653443577905,"[0.018684733659029007, 1.0]",0.9014888367237011
3,29,18.347476959228516,1.99518620967865,-0.03270241976368293,9.173448475178041,"[0.01880975440144539, 1.0]",0.9336793523668168
3,30,19.270671844482422,1.9724836349487305,-0.027680097421956873,9.480196093793005,"[0.02170555666089058, 1.0]",0.9658557676759748
3,31,20.22465705871582,1.9543895721435547,-0.02222620982558343,9.787048114555432,"[0.02070498839020729, 1.0]",0.9980269307488979
3,32,21.20940589904785,1.9413692951202393,-0.01645034605341955,10.09371275907688,"[0.023718010634183884, 1.0]",1.0301705477478773
3,33,22.224882125854492,1.935020923614502,-0.009783521738569334,10.400200861123425,"[0.027620960026979446, 1.0]",1.062277130681696
3,34,23.27104949951172,1.9351094961166382,-0.003012967299261149,10.707319495972248,"[0.015888918191194534, 1.0]",1.0943503113891018
3,35,24.34790802001953,1.9397035837173462,0.002304566449300438,11.014199279450619,"[0.016672763973474503, 1.0]",1.1264224172653403
3,36,25.455398559570312,1.9506784677505493,0.007831557817596035,11.320734750915998,"[0.022103194147348404, 1.0]",1.1584338459299033
3,37,26.59328269958496,1.9730033874511719,0.01618016836083136,11.624584471610985,"[0.045707207173109055, 1.0]",1.1901947701368978
3,38,27.761234283447266,2.0116353034973145,0.02848037732952502,11.931033921389638,"[0.03736433759331703, 1.0]",1.221641236508558
3,39,28.95952606201172,2.057231903076172,0.036507278013078626,12.235946241982317,"[-0.0152748329564929, 1.0]",1.2533535366533735
3,40,30.188602447509766,2.096822500228882,0.03449579244174217,12.542202257060024,"[-0.019615251570940018, 1.0]",1.285516295654817
3,41,31.448457717895508,2.1326539516448975,0.03015151091354973,12.849232880018791,"[-0.005032683722674847, 1.0]",1.3176768183458267
3,42,32.739036560058594,2.167970657348633,0.027677833735030077,13.156214058837786,"[-0.0048428429290652275, 1.0]",1.349781805427856
3,43,34.05967330932617,2.210970640182495,0.03089080443215586,13.452707565083061,"[0.054013628512620926, 1.0]",1.381173933310452
3,44,35.409393310546875,2.265970468521118,0.03888281770542967,13.747373449471477,"[-0.03327394649386406, 1.0]",1.4115831817433249
3,45,36.78938674926758,2.313900947570801,0.03642671739010339,14.052898692409919,"[0.01360208261758089, 1.0]",1.4432314828365478
3,46,38.19907760620117,2.3593621253967285,0.03305675334671765,14.33662410097004,"[-0.06329506635665894, 1.0]",1.474205665387959
3,47,39.63874053955078,2.3823153972625732,0.01902482387919946,14.644084996113605,"[-0.014663930051028728, 1.0]",1.5055613158321206
3,48,41.109134674072266,2.3947575092315674,0.008700280965180163,14.948313525000051,"[-0.03642458841204643, 1.0]",1.5376615453839846
3,49,42.60783004760742,2.378488779067993,-0.008943693888813442,15.181663987145306,"[-0.1081814095377922, 1.0]",1.5670128614773102
3,50,44.13130187988281,2.3207695484161377,-0.03574002130302656,15.49005058829898,"[-0.037912677973508835, 1.0]",1.593177059922736
3,51,45.684574127197266,2.2446560859680176,-0.050607384404503186,15.796837591533485,"[0.0010694460943341255, 1.0]",1.6243580164763538
3,52,47.26813888549805,2.160264015197754,-0.05503595498119651,16.103578729355707,"[-0.008439275436103344, 1.0]",1.656030862582882
3,53,48.882049560546875,2.069087266921997,-0.057038652120935396,16.41021055109908,"[0.00756258238106966, 1.0]",1.687756622528774
3,54,50.52470397949219,1.9891694784164429,-0.04975104495598792,16.625719040927105,"[0.09956175088882446, 1.0]",1.7174701546294844
3,55,52.18971252441406,1.9550336599349976,-0.021990786385220673,16.787484025141723,"[0.17537057399749756, 1.0]",1.7405522230350128
3,56,53.87346649169922,1.9857350587844849,0.01902815283056114,17.041518862823693,"[0.11453678458929062, 1.0]",1.7604408021678628
3,57,55.5811882019043,2.0820465087890625,0.06002445517707855,17.34671045336838,"[0.050599005073308945, 1.0]",1.7857819072452359
3,58,57.3165283203125,2.220402956008911,0.08450556349763083,17.65439629755257,"[0.01814991608262062, 1.0]",1.8147849017471898
3,59,59.080440521240234,2.374411106109619,0.09039354635168806,17.939792594790603,"[-0.04613972827792168, 1.0]",1.844641267604292
3,60,60.87380599975586,2.5030391216278076,0.07263399030638507,18.168624920749163,"[-0.09776186943054199, 1.0]",1.8751242906589962
3,61,62.69402313232422,2.5766923427581787,0.038044055120108666,18.418589521243465,"[-0.0999150350689888, 1.0]",1.903100785413955
3,62,64.54219055175781,2.589787483215332,0.0019945744984148917,18.725318793074788,"[-0.04013108089566231, 1.0]",1.9324313540024303
3,63,66.42073822021484,2.5661866664886475,-0.01803559269228927,19.032561189622154,"[-0.006380240432918072, 1.0]",1.964194193810331
3,64,68.32969665527344,2.5313005447387695,-0.020976255167954427,19.33581373988428,"[0.02771027758717537, 1.0]",1.995969596888073
3,65,70.26923370361328,2.510549783706665,-0.010315621324367363,19.64007748462226,"[0.03140843287110329, 1.0]",2.027917397020644
3,66,72.2393569946289,2.5129241943359375,0.003556252161637019,19.94628388241354,"[0.021400894969701767, 1.0]",2.0598815684864857
3,67,74.24002075195312,2.5338973999023438,0.013032844584575543,20.25328602506822,"[0.002037239260971546, 1.0]",2.0918035444370258
3,68,76.27128601074219,2.559453248977661,0.013881194549820286,20.559172391631993,"[-0.014921198599040508, 1.0]",2.1237815345514064
3,69,78.3332290649414,2.574805974960327,0.006689194868006787,20.864247324555095,"[-0.023320820182561874, 1.0]",2.1558321671597165
3,70,80.42578887939453,2.5721662044525146,-0.0033787524749833153,21.17099555903797,"[-0.012277672998607159, 1.0]",2.187829294468796
3,71,82.5489730834961,2.5576751232147217,-0.008782173168699892,21.477774723772264,"[0.004179459996521473, 1.0]",2.219834190358538
3,72,84.70281982421875,2.5434353351593018,-0.007008907356870431,21.78403570426919,"[0.012980331666767597, 1.0]",2.2518749013918677
3,73,86.88734436035156,2.5388989448547363,-0.0008239820412700993,22.09044518646696,"[0.01300667691975832, 1.0]",2.2839315394719137
3,74,89.10250854492188,2.548090934753418,0.006029663024047949,22.39712631024205,"[0.00981615949422121, 1.0]",2.3159512529664017
3,75,91.34002685546875,2.5684471130371094,0.010674615439310031,22.36075705858707,"[0.00013867486268281937, 1.0]",2.338141717310517
3,76,93.57524871826172,2.590094804763794,0.01013066478666147,22.323730099513806,"[-0.011518183164298534, 1.0]",2.3356786482407808
3,77,95.80683135986328,2.6010613441467285,0.003742007647669965,22.286007576234045,"[-0.018413949757814407, 1.0]",2.3318696756946156
3,78,98.0346908569336,2.5946617126464844,-0.005194628864254369,22.24927419019372,"[-0.011905173771083355, 1.0]",10.0
4,0,5.006657123565674,0.00035501160891726613,0.00022024342214965742,0.2776752109880142,"[0.16539497673511505, 1.0]",0.007906662015119892
4,1,5.0399274826049805,0.0021770664025098085,0.0014429006786045306,0.5552850269469036,"[0.15907278656959534, 1.0]",0.03576914166056771
4,2,5.100884914398193,0.006002482026815414,0.0037557229272842108,0.8326940049083242,"[0.16150808334350586, 1.0]",0.06470455481530035
4,3,5.189484596252441,0.012173715978860855,0.007364306204341808,1.1099936441535023,"[0.1627919226884842, 1.0]",0.09359465325293881
4,4,5.305710315704346,0.02082325518131256,0.012328438476249204,1.3873756545105744,"[0.16251806914806366, 1.0]",0.12246890989720188
4,5,5.4495530128479,0.03214918076992035,0.018546120673256894,1.664856585201046,"[0.16037511825561523, 1.0]",0.1513345517769594
4,6,5.620994567871094,0.0464792437851429,0.025898975284911252,1.9424477543240242,"[0.15622836351394653, 1.0]",0.18018256991765147
4,7,5.820010185241699,0.06419184803962708,0.03425517583725313,2.2201820101527208,"[0.15014402568340302, 1.0]",0.2090064364162927
4,8,6.046574592590332,0.08567286282777786,0.04344161685942716,2.4980864557435294,"[0.1422366201877594, 1.0]",0.23780579639947869
4,9,6.300662994384766,0.1112801730632782,0.05324471283200882,2.77617624309524,"[0.1326652467250824, 1.0]",0.2665811948883622
4,10,6.582254409790039,0.14132623374462128,0.06341812135416625,3.054446453061806,"[0.12165967375040054, 1.0]",0.29533642444405156
4,11,6.89132833480835,0.17606717348098755,0.07369179789136471,3.3328696053832982,"[0.10950648039579391, 1.0]",0.3240718382425354
4,12,7.22786808013916,0.21569624543190002,0.08379090421910895,3.6114109228475195,"[0.09652363508939743, 1.0]",0.3527910944836244
4,13,7.591861724853516,0.26033011078834534,0.09344539580286337,3.8900266222960918,"[0.08303294330835342, 1.0]",0.3814987645146879
4,14,7.983307838439941,0.30998045206069946,0.10239707917494734,4.168674135296609,"[0.06921084225177765, 1.0]",0.4102051471952605
4,15,8.402217864990234,0.36452046036720276,0.11039308718985552,4.447320410329036,"[0.05505089834332466, 1.0]",0.43892296839677364
4,16,8.848617553710938,0.42370831966400146,0.1172153069543116,4.7259098037640275,"[0.04175998643040657, 1.0]",0.4676662828376412
4,17,9.322545051574707,0.4872167706489563,0.12271073986368997,5.004423244800898,"[0.02868819609284401, 1.0]",0.49644740246537356
4,18,9.82406997680664,0.5544469356536865,0.12667285777545523,5.282830340466937,"[0.014670257456600666, 1.0]",0.5252976617640348
4,19,10.35328483581543,0.6246284246444702,0.128915372571357,5.561115343338008,"[0.0030464129522442818, 1.0]",0.5542398780538101
4,20,10.910221099853516,0.697452187538147,0.12967916717199124,5.839379301503783,"[-0.001879747025668621, 1.0]",0.583213470894853
4,21,11.494905471801758,0.7726302146911621,0.12926504562248375,6.117521153734403,"[-0.011462117545306683, 1.0]",0.612213217140047
4,22,12.107508659362793,0.8486731648445129,0.12720136209378197,6.395394857068374,"[-0.02357741817831993, 1.0]",0.6413824644178429
4,23,12.748174667358398,0.9240994453430176,0.12322339837353002,6.673229071158867,"[-0.031053107231855392, 1.0]",0.6706955388158203
4,24,13.4170560836792,0.9969543814659119,0.11703754095154828,6.950043302027421,"[-0.0498138852417469, 1.0]",0.7001566111799242
4,25,14.11437702178955,1.063492774963379,0.10739516675075311,7.225871118040957,"[-0.06852217018604279, 1.0]",0.7298373581415358
4,26,14.840181350708008,1.1214298009872437,0.09451598656107585,7.5027091490793705,"[-0.07167458534240723, 1.0]",0.7595665200893142
4,27,15.594383239746094,1.1709505319595337,0.08029057844036291,7.780459381058389,"[-0.06695324927568436, 1.0]",0.7892139562528487
4,28,16.37684440612793,1.21388840675354,0.06691365344294908,8.059413425033222,"[-0.04646151885390282, 1.0]",0.8187285267944855
4,29,17.187297821044922,1.2552529573440552,0.05765237759414443,8.337901553904542,"[-0.010663057677447796, 1.0]",0.8479739719095626
4,30,18.025312423706055,1.301666259765625,0.055172575145117086,8.61475590112344,"[0.021170932799577713, 1.0]",0.8767810042161883
4,31,18.890661239624023,1.3556925058364868,0.058158910833477684,8.892791112272358,"[0.01975061371922493, 1.0]",0.9053663759231944
4,32,19.783447265625,1.4160887002944946,0.06306884777720168,9.170532185033439,"[0.027706701308488846, 1.0]",0.9340534208336271
4,33,20.703683853149414,1.482417106628418,0.06830648669306072,9.448910374194023,"[0.007729639299213886, 1.0]",0.9627566842082872
4,34,21.65155601501465,1.5523183345794678,0.07182212564807422,9.72694738172062,"[0.017049480229616165, 1.0]",0.9916434250829772
4,35,22.626991271972656,1.6265134811401367,0.07472017754629867,10.005038586758674,"[-0.0037718070670962334, 1.0]",1.0204579305984218
4,36,23.62995719909668,1.704703450202942,0.07686029379828607,10.281705235516323,"[0.027217339724302292, 1.0]",1.049233600683847
4,37,24.660268783569336,1.7871581315994263,0.07908456594072089,10.55666265334488,"[-0.029432039707899094, 1.0]",1.0778165664127082
4,38,25.71900749206543,1.8568247556686401,0.07116485749104307,10.829101878568824,"[-0.06088658794760704, 1.0]",1.1074696669496535
4,39,26.806081771850586,1.912731409072876,0.05802894857228136,11.10801024991202,"[-0.028639640659093857, 1.0]",1.1370603259097602
4,40,27.92120933532715,1.965332269668579,0.04965237483760099,11.38648886658594,"[-0.007107744924724102, 1.0]",1.1663667633761992
4,41,29.06382942199707,2.023092031478882,0.04900456090243921,11.661218878764968,"[0.0339808352291584, 1.0]",1.1950955716243643
4,42,30.23255729675293,2.0819079875946045,0.049729473351158404,11.903111174835052,"[-0.07891804724931717, 1.0]",1.222291875042617
4,43,31.427711486816406,2.122187376022339,0.03868401273005517,12.179720159814979,"[0.0049372510984539986, 1.0]",1.2499629307826439
4,44,32.65049362182617,2.164120674133301,0.03465052210107533,12.45707088307995,"[-0.020685072988271713, 1.0]",1.2788389539836253
4,45,33.90085220336914,2.2062482833862305,0.033347703695808306,12.730145269332986,"[0.03678480163216591, 1.0]",1.307644235254967
4,46,35.17721939086914,2.252147912979126,0.03503454993026445,12.974981811891494,"[-0.06901302933692932, 1.0]",1.3347546056535118
4,47,36.478271484375,2.262725830078125,0.015384282669060667,13.188963528475034,"[-0.1315380334854126, 1.0]",1.360402429383997
4,48,37.80189514160156,2.222215175628662,-0.02104816051738645,13.455187981276334,"[-0.11494576185941696, 1.0]",1.384172003142306
4,49,39.1507453918457,2.1419615745544434,-0.054464174295156376,13.736748088575498,"[-0.03227422758936882, 1.0]",1.4106656166427303
4,50,40.526893615722656,2.052802562713623,-0.06671817741893715,14.009943973476679,"[0.026832226663827896, 1.0]",1.4391929717575982
4,51,41.93109130859375,1.9750436544418335,-0.05970474268821402,14.281855750892731,"[0.052816618233919144, 1.0]",1.4684660437501111
4,52,43.36361312866211,1.9232488870620728,-0.04044755800390565,14.550989505881118,"[0.07386366277933121, 1.0]",1.4980012728448244
4,53,44.823246002197266,1.9128715991973877,-0.011081413295819686,14.799486150678566,"[0.10626683384180069, 1.0]",1.5262305612132099
4,54,46.308265686035156,1.9530020952224731,0.02430587232082626,15.076205952830136,"[0.07074195146560669, 1.0]",1.5528626106256262
4,55,47.819759368896484,2.025514602661133,0.048966211382742486,15.355463929185461,"[0.010963757522404194, 1.0]",1.5805932705426626
4,56,49.35869216918945,2.104546308517456,0.054362308383460345,15.629511383158583,"[-0.030463073402643204, 1.0]",1.6092656015171825
4,57,50.92429733276367,2.1651735305786133,0.041649043129694974,15.854025512739561,"[-0.09446179121732712, 1.0]",1.6369482783815468
4,58,52.51506423950195,2.193413496017456,0.019168101945845173,16.13156656891817,"[-0.009744050912559032, 1.0]",1.663358956298413
4,59,54.13352966308594,2.218580722808838,0.012935772362841824,16.408159115111367,"[0.017464686185121536, 1.0]",1.6923021396019855
4,60,55.77950668334961,2.2519612312316895,0.018508836417995944,16.684390486035333,"[0.028685156255960464, 1.0]",1.721056777450831
4,61,57.45285415649414,2.2992398738861084,0.028085696855975506,16.962709419926718,"[0.014494557864964008, 1.0]",1.7496796655342015
4,62,59.153804779052734,2.3537075519561768,0.03318778087234975,17.24063433476076,"[-0.006099077872931957, 1.0]",1.7785334770650172
4,63,60.882606506347656,2.4020142555236816,0.02900528638038047,17.514669797544272,"[-0.03475077077746391, 1.0]",1.8076177413838712
4,64,62.63934326171875,2.42864727973938,0.015085209678645128,17.78961004291818,"[-0.0393291674554348, 1.0]",1.8367900005642255
4,65,64.42388153076172,2.430896759033203,-0.0002711097989696043,18.067895204350798,"[-0.019818145781755447, 1.0]",1.8658437974625475
4,66,66.23619079589844,2.4197819232940674,-0.008202802473553206,18.345714165999276,"[0.006397825665771961, 1.0]",1.8948649788837155
4,67,68.0762710571289,2.409754991531372,-0.006501308853101406,18.623008023469133,"[0.01685338094830513, 1.0]",1.9238837973360798
4,68,69.94412231445312,2.4091267585754395,9.161274149871446e-05,18.90084407478303,"[0.014946204610168934, 1.0]",1.9529050556607424
4,69,71.83973693847656,2.420046091079712,0.006859237703608301,19.1789968086822,"[0.010055546648800373, 1.0]",1.9819201096625074
4,70,73.76310729980469,2.439530849456787,0.011251988763639531,19.457297540439534,"[0.0008373456075787544, 1.0]",2.010928200260103
4,71,75.71428680419922,2.460860252380371,0.011511114337704242,19.73529859046035,"[-0.007953333668410778, 1.0]",2.039988348051603
4,72,77.69331359863281,2.476811170578003,0.0077736340638869805,20.01306858011605,"[-0.012562076561152935, 1.0]",2.069085603044116
4,73,79.70018768310547,2.483543872833252,0.0024309334430245855,20.291269309046598,"[-0.007567505352199078, 1.0]",2.0981847963633657
4,74,81.73487854003906,2.4836676120758057,-0.0009339705942910115,20.569538398998517,"[0.000292179174721241, 1.0]",2.127253779729087
4,75,83.79739379882812,2.482511043548584,-0.00098590223554762,20.847713492996668,"[0.005000417120754719, 1.0]",2.1563299695075475
4,76,85.88773345947266,2.484266519546509,0.001127715563594478,21.125922034982366,"[0.005019729025661945, 1.0]",2.185406309801952
4,77,88.00587463378906,2.4908456802368164,0.003720968675058778,21.40415079177078,"[0.004446347244083881, 1.0]",2.214459852879375
4,78,90.15182495117188,2.5021846294403076,0.00588771653794673,21.682434478431347,"[0.0017487378790974617, 1.0]",2.2435212725357534
4,79,92.32559204101562,2.5158746242523193,0.006673349059520106,21.96069932430734,"[-0.0017366958782076836, 1.0]",2.272590236803133
4,80,94.52719116210938,2.528562068939209,0.005675595757121954,22.238891450524708,"[-0.004538598470389843, 1.0]",2.301674132621111
4,81,96.74906158447266,2.5372517108917236,0.0033923345965432006,22.202462525231507,"[-0.004557664506137371, 1.0]",10.0
5,0,5.0059356689453125,6.998058795928955,-0.0011855061592491722,0.2558384527973285,"[-0.9492835998535156, 1.0]",0.007086941982900478
5,1,5.034442901611328,6.98751974105835,-0.007846870993864385,0.49756939786408455,"[-1.0, 1.0]",0.030746294956404005
5,2,5.084098815917969,6.965107440948486,-0.020487565107925043,0.7309577948680333,"[-1.0, 1.0]",0.05294522438354678
5,3,5.153131008148193,6.929661273956299,-0.039745681898614826,0.9559194034020809,"[-1.0, 1.0]",0.07333382954553397
5,4,5.240683555603027,6.8812479972839355,-0.06584066583975634,1.1782032417659614,"[-1.0, 1.0]",0.0928544620427808
5,5,5.346072196960449,6.81937837600708,-0.09830526531809447,1.39678852884024,"[-1.0, 1.0]",0.11167418973720296
5,6,5.4682769775390625,6.742978096008301,-0.13670392033734835,1.6159229404625364,"[-0.9827547073364258, 1.0]",0.1294764338106947
5,7,5.607170581817627,6.651464462280273,-0.1802663115522103,1.8453815737020078,"[-0.9328098297119141, 1.0]",0.1471978213602235
5,8,5.763973236083984,6.544814586639404,-0.22766884790091169,2.089523587656913,"[-0.8587033748626709, 1.0]",0.16620551041081352
5,9,5.940722942352295,6.423328399658203,-0.2771497151643114,2.352358092225374,"[-0.7559557557106018, 1.0]",0.18733531768332473
5,10,6.1401801109313965,6.287858486175537,-0.32621419719127687,2.6325800733503555,"[-0.6270157098770142, 1.0]",0.21130377890917817
5,11,6.364987373352051,6.13962984085083,-0.3718979293724427,2.922422832530051,"[-0.48711299896240234, 1.0]",0.23795816516703952
5,12,6.616663932800293,5.979668140411377,-0.4116366870522228,3.2133808661870162,"[-0.3571001887321472, 1.0]",0.26613677334608377
5,13,6.8954010009765625,5.8083415031433105,-0.44404309646074314,3.5011726963009426,"[-0.24867701530456543, 1.0]",0.29449234530962376
5,14,7.200706481933594,5.625555038452148,-0.46890876524270375,3.785143851463731,"[-0.16305476427078247, 1.0]",0.32233862828861803
5,15,7.532144069671631,5.431346893310547,-0.4866616633852816,4.066049966626178,"[-0.09414073079824448, 1.0]",0.3497348125878549
5,16,7.889560222625732,5.226055145263672,-0.49799554435244,4.344912668003801,"[-0.04435103014111519, 1.0]",0.3769682599601187
5,17,8.273605346679688,5.011434555053711,-0.5030018877276259,4.620492061753406,"[0.022939924150705338, 1.0]",0.40483733833184543
5,18,8.68574333190918,4.790782451629639,-0.5008746878069257,4.895087265727129,"[0.06347548216581345, 1.0]",0.4341658779252643
5,19,9.126391410827637,4.565408229827881,-0.49284978449419015,5.169177660464196,"[0.09362923353910446, 1.0]",0.4639093783905459
5,20,9.596318244934082,4.337448596954346,-0.47958058436286954,5.4417200445090925,"[0.12465917319059372, 1.0]",0.49441457430673624
5,21,10.096718788146973,4.110418796539307,-0.4608794677141699,5.712258058094109,"[0.15508271753787994, 1.0]",0.5261057044743142
5,22,10.628738403320312,3.8953473567962646,-0.4331526318150818,5.899495355734193,"[0.3308911919593811, 1.0]",0.5585673442741437
5,23,11.195257186889648,3.7152607440948486,-0.38664851286011803,6.139566138816933,"[0.34847214818000793, 1.0]",0.5941468311940121
5,24,11.796100616455078,3.5661282539367676,-0.33030654368034806,6.3994469082475165,"[0.34354013204574585, 1.0]",0.6296409406525435
5,25,12.429551124572754,3.439218521118164,-0.2743113180745054,6.690379941635839,"[0.24421489238739014, 1.0]",0.6635572178550371
5,26,13.09424877166748,3.3222873210906982,-0.22820494222834498,6.977010509277119,"[0.18774959444999695, 1.0]",0.6960941943864736
5,27,13.789114952087402,3.2124030590057373,-0.19250619992221374,7.262260442507503,"[0.11420174688100815, 1.0]",0.7275463524112057
5,28,14.513127326965332,3.105360507965088,-0.16763760166305453,7.543210538608869,"[0.08041416853666306, 1.0]",0.7579568223016696
5,29,15.26601505279541,3.0021684169769287,-0.14982211923486055,7.822436760654447,"[0.05740581825375557, 1.0]",0.7880886912530232
5,30,16.047672271728516,2.904218912124634,-0.13559458058527518,8.099376648449184,"[0.06349540501832962, 1.0]",0.8181044138511268
5,31,16.858154296875,2.8138935565948486,-0.12188089886802178,8.377157286507376,"[0.05374005064368248, 1.0]",0.8481792329357676
5,32,17.69740867614746,2.7336180210113525,-0.10719050282098053,8.649609428292234,"[0.08586574345827103, 1.0]",0.878177621699776
5,33,18.565532684326172,2.6709072589874268,-0.08762545671465904,8.923138658166707,"[0.09498728066682816, 1.0]",0.9082781321404612
5,34,19.462177276611328,2.6226274967193604,-0.06767904594023832,9.202672726970315,"[0.05311765894293785, 1.0]",0.9380566195565226
5,35,20.386831283569336,2.5767369270324707,-0.055557934554851585,9.480056116745363,"[0.0023973407223820686, 1.0]",0.9673142594833619
5,36,21.339229583740234,2.532008171081543,-0.04915063528823005,9.754834559062333,"[0.04429066553711891, 1.0]",0.996295055686679
5,37,22.319665908813477,2.497124671936035,-0.040209737718560845,10.032899175286179,"[0.022576842457056046, 1.0]",1.02558437136203
5,38,23.32794189453125,2.4635889530181885,-0.03493081980580648,10.31044203735982,"[-0.002762402407824993, 1.0]",1.0546729748858927
5,39,24.363679885864258,2.4236860275268555,-0.036290230384237177,10.585678713765779,"[-0.033620428293943405, 1.0]",1.0833735455449538
5,40,25.426729202270508,2.381117343902588,-0.03871650329535381,10.857820415149677,"[0.03802197054028511, 1.0]",1.1119095082744235
5,41,26.51755714416504,2.35605525970459,-0.029004487432052528,11.12902848211174,"[0.06599842756986618, 1.0]",1.140908570064034
5,42,27.63599967956543,2.3508474826812744,-0.012500079208504822,11.406036537632033,"[0.0525297112762928, 1.0]",1.1697696998197347
5,43,28.781904220581055,2.3651623725891113,0.005566406152428982,11.678870492257431,"[0.07169046252965927, 1.0]",1.1984594582307835
5,44,29.951845169067383,2.3916711807250977,0.019282617872718788,11.836583850385166,"[-0.1360449343919754, 1.0]",1.2232055758130613
5,45,31.138717651367188,2.3842356204986572,0.004016313239948666,12.017983654098469,"[-0.1661147177219391, 1.0]",1.2409534087432479
5,46,32.344539642333984,2.3270468711853027,-0.03241586363039062,12.281042461975034,"[-0.13343270123004913, 1.0]",1.2610866820456845
5,47,33.57426834106445,2.2263267040252686,-0.07072570222728913,12.562169072987269,"[-0.07699115574359894, 1.0]",1.2862584595589115
5,48,34.828006744384766,2.1076340675354004,-0.0925045009897385,12.761611531190246,"[0.08045359700918198, 1.0]",1.3111656552106685
5,49,36.10417938232422,2.0147488117218018,-0.08143307454800741,12.960955000957238,"[0.13603948056697845, 1.0]",1.3344969354437608
5,50,37.40292739868164,1.9699598550796509,-0.04630717819235208,13.154265413922417,"[0.1724967360496521, 1.0]",1.3579422107200727
5,51,38.72250747680664,1.9895620346069336,0.0027968517768011125,13.377378816476607,"[0.16881170868873596, 1.0]",1.3797782827991447
5,52,40.063838958740234,2.0634853839874268,0.04846154235617206,13.656050388400324,"[0.04100586846470833, 1.0]",1.4027837086813952
5,53,41.4315299987793,2.1490206718444824,0.0654234816549959,13.916438338378478,"[-0.03931273892521858, 1.0]",1.4303150125617656
5,54,42.82602310180664,2.2166502475738525,0.05497949596608631,14.165858012807494,"[-0.08948006480932236, 1.0]",1.4582394640849774
5,55,44.247650146484375,2.2459208965301514,0.027077290909216956,14.43522698514298,"[-0.08662103861570358, 1.0]",1.4865855661108778
5,56,45.696693420410156,2.236152172088623,-0.003524427386611073,14.711314572205515,"[-0.06528694182634354, 1.0]",1.515244189500706
5,57,47.172935485839844,2.197660207748413,-0.026277943108029334,14.990364113357357,"[-0.01895872876048088, 1.0]",1.5436987039397956
5,58,48.67668914794922,2.1504709720611572,-0.03370643149464225,15.26544282984374,"[0.021967697888612747, 1.0]",1.5724481548436717
5,59,50.20822525024414,2.110247850418091,-0.028457074669987037,15.542041895099194,"[0.024795357137918472, 1.0]",1.6014752908228682
5,60,51.7667350769043,2.0901145935058594,-0.014576679068493803,15.791021021590051,"[0.07880117744207382, 1.0]",1.6295694212573115
5,61,53.351078033447266,2.113309383392334,0.012686234168701738,16.062331192003825,"[0.07030543684959412, 1.0]",1.656623446906986
5,62,54.96174240112305,2.1749446392059326,0.03903208788452872,16.34062024214243,"[0.03736347332596779, 1.0]",1.684197158765422
5,63,56.59922409057617,2.257904291152954,0.05313152848568059,16.61745133745738,"[-0.007666575722396374, 1.0]",1.7122602204716832
5,64,58.26437759399414,2.336463212966919,0.049568352105208824,16.88680761572959,"[-0.04808538779616356, 1.0]",1.741144137688752
5,65,59.95760726928711,2.3864457607269287,0.03044459179151282,17.15559922179208,"[-0.06318683922290802, 1.0]",1.7704298717910332
5,66,61.67869567871094,2.3998889923095703,0.006623681105190293,17.432880356737087,"[-0.037165019661188126, 1.0]",1.799536371029145
5,67,63.427520751953125,2.3899805545806885,-0.00846991753088755,17.71078050359061,"[-0.0024364395067095757, 1.0]",1.8285235855083453
5,68,65.20404052734375,2.374669075012207,-0.010694056515268002,17.987165172442516,"[0.017785612493753433, 1.0]",1.8574620186666164
5,69,67.0082778930664,2.3669683933258057,-0.004553206515708119,18.264121205442162,"[0.019028354436159134, 1.0]",1.886425911147146
5,70,68.8402328491211,2.3721163272857666,0.003658517547496132,18.54151146283701,"[0.015657875686883926, 1.0]",1.9153917576374542
5,71,70.69986724853516,2.3893167972564697,0.010466089925957434,18.81932546164741,"[0.006632593460381031, 1.0]",1.9443213639914758
5,72,72.58721160888672,2.4124724864959717,0.013303688067436426,19.096970710262525,"[-0.004265542142093182, 1.0]",1.9732807285477438
5,73,74.50232696533203,2.433654546737671,0.01130711619820346,19.37419993824839,"[-0.012333321385085583, 1.0]",2.00229925616743
5,74,76.44525146484375,2.4463579654693604,0.005935786595623327,19.65159001651943,"[-0.012547965161502361, 1.0]",2.031356654586056
5,75,78.41596221923828,2.449561595916748,0.0005970807163961922,19.929385254412566,"[-0.005050848238170147, 1.0]",2.060392988039388
5,76,80.4144515991211,2.447826862335205,-0.0017606157966518765,20.207111278811237,"[0.002468128688633442, 1.0]",2.089421380637463
5,77,82.44071197509766,2.4464221000671387,-0.0008905610685223664,20.484777327023604,"[0.005638127215206623, 1.0]",2.1184418739481687
5,78,84.49474334716797,2.4489448070526123,0.0016527577725033993,20.762480616074093,"[0.005461503751575947, 1.0]",2.1474625348426457
5,79,86.57653045654297,2.4567759037017822,0.004394881588902777,21.040231474517388,"[0.00415774155408144, 1.0]",2.176468151010328
5,80,88.68607330322266,2.4690370559692383,0.006389855561481639,21.31802449131537,"[0.0010238708928227425, 1.0]",2.2054739568906068
5,81,90.8233871459961,2.482973337173462,0.006809303433168878,21.59577749885311,"[-0.0025116903707385063, 1.0]",10.0
6,0,5.007150650024414,3.4993960857391357,-0.0003760383459194827,0.2987453302522165,"[-0.26042938232421875, 1.0]",0.008495004010549038
6,1,5.042562007904053,3.495318651199341,-0.0030230873114032164,0.590597478017949,"[-0.42421188950538635, 1.0]",0.03806904653071944
6,2,5.106665134429932,3.4850194454193115,-0.009331583301583457,0.8836822368359754,"[-0.42324644327163696, 1.0]",0.0680796965916408
6,3,5.199350357055664,3.467946767807007,-0.019225626225391146,1.1772411752486538,"[-0.41235554218292236, 1.0]",0.09798280791435136
6,4,5.320803642272949,3.4446940422058105,-0.03237258726267633,1.4730329009960255,"[-0.3852606415748596, 1.0]",0.12808193327176726
6,5,5.4713897705078125,3.4159605503082275,-0.04780906788910233,1.7714228723195977,"[-0.3431786298751831, 1.0]",0.15855753116030147
6,6,5.6513824462890625,3.3820033073425293,-0.0645475679724683,2.071085981766727,"[-0.3046366274356842, 1.0]",0.18931256269920027
6,7,5.860872745513916,3.3425958156585693,-0.08185545189689325,2.3720945099645063,"[-0.2604506015777588, 1.0]",0.2201647245196938
6,8,6.099992752075195,3.297816753387451,-0.09889755234452835,2.673806716961067,"[-0.21739746630191803, 1.0]",0.2511521367876041
6,9,6.368796348571777,3.247636556625366,-0.11502206063857656,2.97573490125173,"[-0.17785830795764923, 1.0]",0.2821944035522148
6,10,6.667270183563232,3.191896915435791,-0.12975120567947762,3.2776170450693574,"[-0.1418755054473877, 1.0]",0.3132231116942672
6,11,6.995387077331543,3.130497455596924,-0.14273225178085092,3.57928836388136,"[-0.10968386381864548, 1.0]",0.3442236914057767
6,12,7.3531317710876465,3.06347918510437,-0.15372604707680715,3.8806732806744186,"[-0.08123240619897842, 1.0]",0.3752077235191384
6,13,7.740511417388916,2.991032361984253,-0.16258505244295574,4.181758716350545,"[-0.05625082924962044, 1.0]",0.406197560524847
6,14,8.157561302185059,2.913499593734741,-0.1692288404143767,4.482559697579069,"[-0.03438903018832207, 1.0]",0.4372214034352484
6,15,8.604344367980957,2.831383228302002,-0.17362372200327947,4.783100369118939,"[-0.015310998074710369, 1.0]",0.46830701745693365
6,16,9.080954551696777,2.7453505992889404,-0.17577422458351855,5.083411516815579,"[0.0012576477602124214, 1.0]",0.49948553554149044
6,17,9.587512969970703,2.6562252044677734,-0.17571829820062757,5.383522594986785,"[0.015518908388912678, 1.0]",0.5307842699513663
6,18,10.124152183532715,2.564966917037964,-0.17352438609461984,5.683463127585541,"[0.02764591947197914, 1.0]",0.5622147976361467
6,19,10.691386222839355,2.4766783714294434,-0.16699617931450828,5.9760246414635425,"[0.09608244150876999, 1.0]",0.5941261501932266
6,20,11.289813995361328,2.3986217975616455,-0.15303122834840543,6.272592181152208,"[0.10683947801589966, 1.0]",0.6266544373371576
6,21,11.919245719909668,2.3295083045959473,-0.13543772039706958,6.571018552165179,"[0.10765738785266876, 1.0]",0.6590013080330831
6,22,12.579558372497559,2.2687199115753174,-0.11655364458148121,6.870868215555402,"[0.09903030842542648, 1.0]",0.69123155955789
6,23,13.27062702178955,2.215524435043335,-0.09815546250677798,7.171523564314871,"[0.08534536510705948, 1.0]",0.7233405053314091
6,24,13.992324829101562,2.169161558151245,-0.08142788138388113,7.472485275508746,"[0.06996750086545944, 1.0]",0.755323991051801
6,25,14.744519233703613,2.1287436485290527,-0.06699674406895983,7.773442015997666,"[0.055265698581933975, 1.0]",0.7871748936740403
6,26,15.527091026306152,2.0934011936187744,-0.05502809865598035,8.074264717107477,"[0.04259847477078438, 1.0]",0.8189059838295227
6,27,16.33994483947754,2.062366485595703,-0.04536814759199004,8.374940247680902,"[0.032499078661203384, 1.0]",0.8505410442859508
6,28,17.18301010131836,2.0349981784820557,-0.037675873099405344,8.675496532049099,"[0.024944592267274857, 1.0]",0.8821049962350412
6,29,18.05623435974121,2.010801315307617,-0.031537419944827505,8.975973703179669,"[0.01959364488720894, 1.0]",0.9136161400871601
6,30,18.9595890045166,1.9894343614578247,-0.026548919748945465,9.276405038696826,"[0.01596677675843239, 1.0]",0.9450984674495263
6,31,19.893049240112305,1.97069251537323,-0.022364960518376442,9.57681092790491,"[0.01356614101678133, 1.0]",0.9765558847712752
6,32,20.856603622436523,1.9544707536697388,-0.018720291408548917,9.877195097352875,"[0.011946980841457844, 1.0]",1.0080017602623066
6,33,21.850234985351562,1.9407225847244263,-0.015437013258644328,10.177574142598019,"[0.010751103051006794, 1.0]",1.0394304465567301
6,34,22.873939514160156,1.9294195175170898,-0.01241685542443971,10.477954262975674,"[0.00972371269017458, 1.0]",1.0708553229919844
6,35,23.927705764770508,1.9205163717269897,-0.009622533650674114,10.778337100844194,"[0.008711148984730244, 1.0]",1.1022687675641505
6,36,25.011526107788086,1.9139283895492554,-0.0070565779403830575,11.07872013220741,"[0.007646565325558186, 1.0]",1.1336745836125115
6,37,26.125398635864258,1.9095206260681152,-0.004746552010848504,11.379103657683403,"[0.00652757752686739, 1.0]",1.1650784945357473
6,38,27.269311904907227,1.9071075916290283,-0.002720152737406778,11.67948591166666,"[0.0053979502990841866, 1.0]",1.1964709556454687
6,39,28.443265914916992,1.906467080116272,-0.000995755931580078,11.979874618898801,"[0.00431912112981081, 1.0]",1.2278634457948103
6,40,29.647260665893555,1.9073591232299805,0.0004251736680309648,12.280264126812334,"[0.0033504562452435493, 1.0]",1.259255939547218
6,41,30.881296157836914,1.909546136856079,0.001560612398786354,12.58065364596495,"[0.0025359289720654488, 1.0]",1.2906484333502017
6,42,32.145362854003906,1.912811279296875,0.0024466460934560175,12.881045514259196,"[0.0018952982500195503, 1.0]",1.3220314009811585
6,43,33.43946075439453,1.9169707298278809,0.00312948059695195,13.181440884907792,"[0.0014211880043148994, 1.0]",1.35341438437271
6,44,34.76359939575195,1.9218803644180298,0.003654789121970481,13.481834900963218,"[0.0010852860286831856, 1.0]",1.3848068984117563
6,45,36.11777877807617,1.9274307489395142,0.004064250139570014,13.782227287180373,"[0.0008493708446621895, 1.0]",1.4161994051165305
6,46,37.50199890136719,1.9335383176803589,0.004389688424777383,14.082617913638025,"[0.0006733285263180733, 1.0]",1.4475919039023868
6,47,38.916259765625,1.9401350021362305,0.004650012421333116,14.383006437066504,"[0.0005244212225079536, 1.0]",1.4789843932246118
6,48,40.36054611206055,1.9471569061279297,0.004855608457487115,14.68339425195175,"[0.00038227904587984085, 1.0]",1.5103616205693298
6,49,41.834869384765625,1.9545385837554932,0.005007674955730401,14.983786465746176,"[0.00023951847106218338, 1.0]",1.541750311800936
6,50,43.3392333984375,1.9621492624282837,0.005071723979947151,15.284181787145878,"[-0.00022762548178434372, 1.0]",1.5731428317140315
6,51,44.87363815307617,1.9695624113082886,0.00487584848177125,15.584566235241681,"[-0.001593547873198986, 1.0]",1.6045353026972595
6,52,46.43808364868164,1.9766173362731934,0.0045324338592056534,15.884957270555649,"[0.0003757001832127571, 1.0]",1.6359278033229692
6,53,48.032569885253906,1.984214425086975,0.004695552475973308,16.185355727706987,"[0.0016387449577450752, 1.0]",1.667320337346947
6,54,49.6570930480957,1.9929285049438477,0.005311674794162613,16.48576121646992,"[0.0019791023805737495, 1.0]",1.6987090883159115
6,55,51.311641693115234,2.003031015396118,0.006109424698696131,16.786165565258255,"[0.0017897086217999458, 1.0]",1.7300863900631933
6,56,52.995567321777344,2.0240883827209473,0.01213242982001983,17.073181453536435,"[0.050763923674821854, 1.0]",1.7607549452030233
6,57,54.708011627197266,2.0765860080718994,0.030389597515003253,17.370117958958986,"[0.045578185468912125, 1.0]",1.7906098362352374
6,58,56.449188232421875,2.157350540161133,0.04803503710759571,17.67086237539236,"[0.019482780247926712, 1.0]",1.820695485913875
6,59,58.219730377197266,2.251155376434326,0.05514394616339846,17.96939141103499,"[-0.016650911420583725, 1.0]",1.851404406125048
6,60,60.02051544189453,2.3346779346466064,0.047391217914069195,18.26296814439833,"[-0.04512583091855049, 1.0]",1.882968421347058
6,61,61.851890563964844,2.388998508453369,0.028558008475300767,18.55863843196441,"[-0.04651200398802757, 1.0]",1.9148889950141523
6,62,63.71364974975586,2.4115030765533447,0.009355818067502852,18.85902176127669,"[-0.02244504913687706, 1.0]",1.9466247837167607
6,63,65.60555267333984,2.4154391288757324,-0.0008570052387870675,19.159262259461407,"[0.002452370710670948, 1.0]",1.9781196037515607
6,64,67.5274658203125,2.4160749912261963,-0.0009723201139877347,19.458916334281785,"[0.013543118722736835, 1.0]",2.009478270476924
6,65,69.4793472290039,2.423102378845215,0.004016979030221357,19.75906312309783,"[0.010694709606468678, 1.0]",2.0407971927453463
6,66,71.46119689941406,2.4390201568603516,0.009074455098335932,20.059373760356852,"[0.007017468102276325, 1.0]",2.072116852331762
6,67,73.47301483154297,2.4616143703460693,0.01215839564064769,20.359755306085326,"[-0.0004471195861697197, 1.0]",2.1034368310062903
6,68,75.51486206054688,2.4849014282226562,0.011751065151919704,20.65989726238254,"[-0.007577265612781048, 1.0]",2.1348167666846276
6,69,77.58677673339844,2.502574920654297,0.008022905941918346,20.959888873309588,"[-0.010834130458533764, 1.0]",2.1662341727814556
6,70,79.68875122070312,2.5114681720733643,0.00317502065159303,21.260235249791112,"[-0.006141181103885174, 1.0]",2.1976455459287476
6,71,81.8207778930664,2.514146327972412,0.0002789661241857644,21.560631827509713,"[0.0004373239353299141, 1.0]",2.229049515587075
6,72,83.98284149169922,2.515512466430664,0.0003000050967978396,21.8609617585405,"[0.004108776338398457, 1.0]",2.2604379265462446
6,73,86.17494201660156,2.519392728805542,0.0021064272641986292,22.161322647155675,"[0.003910896368324757, 1.0]",2.291826476814544
6,74,88.39706420898438,2.527482271194458,0.004230830865754598,22.46169243503399,"[0.003399101085960865, 1.0]",2.3231998083404655
6,75,90.64112854003906,2.5389835834503174,0.005602225669090188,22.4253305142241,"[-0.0011344505473971367, 1.0]",10.0
7,0,5.0072784423828125,0.0003892825625371188,0.00024181502697917523,0.30359672492001427,"[0.16539497673511505, 1.0]",0.008644627644952564
7,1,5.043654441833496,0.0023962915875017643,0.0015861787452511322,0.6071144674401228,"[0.15935057401657104, 1.0]",0.03910801455416415
7,2,5.1102986335754395,0.0066198259592056274,0.00413429127623921,0.9104235068648227,"[0.1620369553565979, 1.0]",0.07074109752283506
7,3,5.207164764404297,0.013432293199002743,0.008097341294385885,1.2136143115947906,"[0.1634378731250763, 1.0]",0.10232739523103399
7,4,5.334230899810791,0.02301020547747612,0.013539510981963154,1.5168889064779234,"[0.1631113886833191, 1.0]",0.1338921354856448
7,5,5.49148416519165,0.035615868866443634,0.020353208630930375,1.8202759848070338,"[0.16071966290473938, 1.0]",0.16544450731249102
7,6,5.678900241851807,0.051644936203956604,0.028401281445150417,2.1237972917755576,"[0.1561061441898346, 1.0]",0.19697316447314625
7,7,5.896450042724609,0.0715394839644432,0.03752074396590821,2.4274938028245425,"[0.149336040019989, 1.0]",0.22847352298551318
7,8,6.144102573394775,0.09574541449546814,0.04749920909627203,2.7313949869121887,"[0.14054648578166962, 1.0]",0.2599438081112709
7,9,6.4218292236328125,0.12466856837272644,0.05807768442022976,3.035513009603353,"[0.12994077801704407, 1.0]",0.2913864587812522
7,10,6.729604244232178,0.15865185856819153,0.06895936063429353,3.339835228268624,"[0.11780662089586258, 1.0]",0.32280427912657406
7,11,7.067405700683594,0.19796298444271088,0.0798242589334901,3.6443231733222876,"[0.10449432581663132, 1.0]",0.3542009107313663
7,12,7.435217380523682,0.24278207123279572,0.09034973735175633,3.948927182653117,"[0.09038478136062622, 1.0]",0.3855818521620269
7,13,7.833031177520752,0.2931847870349884,0.10022460551571477,4.253592299432588,"[0.0758526548743248, 1.0]",0.41695496234451696
7,14,8.260849952697754,0.34911519289016724,0.10916217413402052,4.558263965615873,"[0.06123975291848183, 1.0]",0.4483309630222734
7,15,8.718692779541016,0.4103754162788391,0.11690691290008015,4.862895136311068,"[0.04684605076909065, 1.0]",0.47972585495666153
7,16,9.2066011428833,0.47661542892456055,0.12324243997532403,5.167447024074054,"[0.03293250873684883, 1.0]",0.5111618749506184
7,17,9.72463321685791,0.547328770160675,0.1279939188341892,5.471891241918062,"[0.019731421023607254, 1.0]",0.5426555845632407
7,18,10.272866249084473,0.6218546628952026,0.13103631406349603,5.77621056639556,"[0.007458050735294819, 1.0]",0.5742259797753425
7,19,10.851357460021973,0.6997045278549194,0.13247495368435658,6.080472670939163,"[0.0007818685844540596, 1.0]",0.6058533379567262
7,20,11.460161209106445,0.7803910970687866,0.13252076005510638,6.384601243613502,"[-0.00954871904104948, 1.0]",0.6375344546807334
7,21,12.099431037902832,0.8626078367233276,0.1308692007050931,6.68858844803275,"[-0.01885853335261345, 1.0]",0.6693684768125341
7,22,12.769291877746582,0.9451870322227478,0.12750056824225187,6.99249729264125,"[-0.026103567332029343, 1.0]",0.7013270776606356
7,23,13.469841003417969,1.027104377746582,0.12259502551432622,7.296366899527725,"[-0.031417619436979294, 1.0]",0.7333827767192614
7,24,14.201149940490723,1.1074532270431519,0.11641010019872589,7.60024606805263,"[-0.03480591997504234, 1.0]",0.7655100443789907
7,25,14.963269233703613,1.1854528188705444,0.10925139003053808,7.9041643233213845,"[-0.03639092668890953, 1.0]",0.7976880326678368
7,26,15.756224632263184,1.2604472637176514,0.10144912698493336,8.208137950380852,"[-0.036415573209524155, 1.0]",0.8298920193362842
7,27,16.58002281188965,1.3319287300109863,0.09332235776050268,8.51217834802639,"[-0.035205792635679245, 1.0]",0.8621029821925836
7,28,17.43465232849121,1.39955472946167,0.08515617375193774,8.816276904341786,"[-0.03311174735426903, 1.0]",0.8943027626711005
7,29,18.32008171081543,1.4631351232528687,0.07718306892240356,9.120424091532666,"[-0.030468489974737167, 1.0]",0.9264712907361158
7,30,19.23628044128418,1.522589921951294,0.06957867874579193,9.424597701922533,"[-0.027560915797948837, 1.0]",0.9586094201274014
7,31,20.183208465576172,1.577938199043274,0.062457918623137765,9.72879803861341,"[-0.02461082860827446, 1.0]",0.9907076154657526
7,32,21.16082763671875,1.6292738914489746,0.05588590284309447,10.033014877482247,"[-0.02176724001765251, 1.0]",1.0227677380912483
7,33,22.169097900390625,1.6767404079437256,0.049884203010492456,10.337242446800406,"[-0.01912316307425499, 1.0]",1.054787854682477
7,34,23.207984924316406,1.7205148935317993,0.044449623332022625,10.641471892981606,"[-0.01671835407614708, 1.0]",1.0867736474441985
7,35,24.27745819091797,1.7607976198196411,0.039558062199819055,10.945711011808712,"[-0.014567430131137371, 1.0]",1.1187289661547017
7,36,25.377525329589844,1.7950775623321533,0.0336485077409332,11.248391715840784,"[-0.03308698162436485, 1.0]",1.1506849013931586
7,37,26.50818634033203,1.8190562725067139,0.024831846636116595,11.55222707345809,"[-0.02950696274638176, 1.0]",1.1826460325727488
7,38,27.669391632080078,1.8349171876907349,0.016385631238930998,11.856623050459065,"[-0.01916932687163353, 1.0]",1.2145600954751128
7,39,28.861095428466797,1.8457574844360352,0.010386860883526694,12.16101773552669,"[-0.008790249936282635, 1.0]",1.2464283761965889
7,40,30.083253860473633,1.8543715476989746,0.007247127116378316,12.465305538555668,"[-0.0016455603763461113, 1.0]",1.2782523069303364
7,41,31.335840225219727,1.862687587738037,0.006313156522087304,12.769555564432885,"[0.0017489241436123848, 1.0]",1.3100493647860416
7,42,32.61885070800781,1.8716483116149902,0.00659238896238179,13.073812543385891,"[0.0023702429607510567, 1.0]",1.3418426392333225
7,43,33.932289123535156,1.8814663887023926,0.007249790277468193,13.378083220606687,"[0.0017495052888989449, 1.0]",1.3736397900200739
7,44,35.27614974975586,1.8920501470565796,0.007815712009110243,13.682355118554934,"[0.0008149789646267891, 1.0]",1.4054312242542004
7,45,36.65043258666992,1.9031084775924683,0.008083226540608557,13.986625043714296,"[-0.0003214580938220024, 1.0]",1.437222649610777
7,46,38.055137634277344,1.9141873121261597,0.007971640090934429,14.29088900107718,"[-0.0012530339881777763, 1.0]",1.469014048112269
7,47,39.49026870727539,1.9248707294464111,0.007538876413796025,14.595153979654148,"[-0.0016614152118563652, 1.0]",1.5008092659064904
7,48,40.95583724975586,1.9349703788757324,0.006958973086431897,14.899423472308115,"[-0.001412699930369854, 1.0]",1.5326159481058552
7,49,42.45182800292969,1.9445645809173584,0.006429802977832466,15.203690765464318,"[-0.0009421734139323235, 1.0]",1.5644073616184175
7,50,43.9782600402832,1.9538159370422363,0.006043910935880525,15.507958198069012,"[-0.0005494533106684685, 1.0]",1.5962178492448262
7,51,45.53511428833008,1.962870478630066,0.005794772215903521,15.812222781276667,"[-0.00035264622420072556, 1.0]",1.62800925056262
7,52,47.12239074707031,1.971816897392273,0.005621000954775468,16.116486075129377,"[-0.00033050309866666794, 1.0]",1.6598006460783166
7,53,48.74010467529297,1.980668306350708,0.005463208660188457,16.4207390390783,"[-0.0003917468711733818, 1.0]",1.6916072538985085
7,54,50.38824462890625,1.9893884658813477,0.005286241605753084,16.725005408568716,"[-0.00045561324805021286, 1.0]",1.7234024779518404
7,55,52.06591796875,2.008042573928833,0.010653709624753205,17.0104113023675,"[0.05468327924609184, 1.0]",1.7542201907044037
7,56,53.77212905883789,2.060387134552002,0.030165359351218335,17.30989077320992,"[0.05185616388916969, 1.0]",1.7841055985673353
7,57,55.507198333740234,2.144536018371582,0.05014745648424679,17.614427128748655,"[0.02449699118733406, 1.0]",1.8143341969817126
7,58,57.271820068359375,2.244656562805176,0.05912883410248426,17.91678191423693,"[-0.01584513857960701, 1.0]",1.845247253233207
7,59,59.06700897216797,2.3351082801818848,0.05165520513539512,18.212444277188293,"[-0.04875711724162102, 1.0]",1.877144903055941
7,60,60.89322280883789,2.3943541049957275,0.031406525577249766,18.51073003425101,"[-0.051732536405324936, 1.0]",1.9095121218240514
7,61,62.75025177001953,2.419135093688965,0.010440923053655737,18.81509842094642,"[-0.023544680327177048, 1.0]",1.9416969040758996
7,62,64.63782501220703,2.4250104427337646,-5.5127434564816724e-05,19.118887392292066,"[0.005858776159584522, 1.0]",1.9736082354528144
7,63,66.55575561523438,2.4297261238098145,0.0011696603507633796,19.42197969954536,"[0.01768885925412178, 1.0]",2.005329511675298
7,64,68.50399017333984,2.443727731704712,0.00786751049231249,19.725930052293236,"[0.012912710197269917, 1.0]",2.0370012433407885
7,65,70.4825210571289,2.4682998657226562,0.013741778066754584,20.030187106527663,"[0.005558897741138935, 1.0]",2.068666725768437
7,66,72.49139404296875,2.49839186668396,0.01597390653440378,20.33427148859572,"[-0.00531903188675642, 1.0]",2.1003772075385245
7,67,74.53070068359375,2.525334596633911,0.013199691626868848,20.63782751755753,"[-0.013544502668082714, 1.0]",2.132176864454009
7,68,76.60049438476562,2.5420658588409424,0.006999586293055415,20.941663106295053,"[-0.012500080280005932, 1.0]",2.1640311851502028
7,69,78.70073699951172,2.5480599403381348,0.0014251906573559125,21.24593578030384,"[-0.00363775622099638, 1.0]",2.195849325757461
7,70,80.83140563964844,2.549232006072998,-0.00037790255868230815,21.550072540826616,"[0.004273367114365101, 1.0]",2.2276439665704384
7,71,82.99249267578125,2.552008867263794,0.0013574132076135115,21.8541889361562,"[0.006339174695312977, 1.0]",2.2594308863455153
7,72,85.1839828491211,2.560082197189331,0.004428304260583715,22.158369023649303,"[0.0051656560972332954, 1.0]",2.2912028339462656
7,73,87.40586853027344,2.5739145278930664,0.007026084745901606,22.46262732567713,"[0.0020458148792386055, 1.0]",2.3229675041178908
7,74,89.64998626708984,2.590015411376953,0.007590408580889552,22.426148517824828,"[-0.0045807985588908195, 1.0]",2.345035405146618
7,75,91.89183044433594,2.6016414165496826,0.004756538864936211,22.389296727724542,"[-0.010588656179606915, 1.0]",2.342596012520854
7,76,94.13002014160156,2.6031408309936523,-0.0006073338865926203,22.352622821891153,"[-0.009689549915492535, 1.0]",2.338776499964135
7,77,96.36454010009766,2.5943315029144287,-0.005459347076607557,22.316236900451166,"[-0.0038905544206500053, 1.0]",2.334943024548124
7,78,98.59538269042969,2.579624891281128,-0.0076045233346668795,22.2798578617197,"[0.0014988677576184273, 1.0]",2.33110195070977
7,79,100.82259368896484,2.5641324520111084,-0.007134874876431496,22.243448973950493,"[0.003534373827278614, 1.0]",10.0
8,0,5.007363796234131,3.4994237422943115,-0.000357662534397285,0.3075444075530437,"[-0.24135750532150269, 1.0]",0.008747746068119556
8,1,5.043853759765625,3.4954569339752197,-0.002929876673250398,0.6083750709733031,"[-0.40550342202186584, 1.0]",0.039227651350874006
8,2,5.109946250915527,3.4852750301361084,-0.009174323639213888,0.9101291865435847,"[-0.4106775224208832, 1.0]",0.07018807248934847
8,3,5.205519199371338,3.468280076980591,-0.01902429124698113,1.2127390044852966,"[-0.397286593914032, 1.0]",0.10103027397599439
8,4,5.330777645111084,3.4451186656951904,-0.0320932216643266,1.5172685850889993,"[-0.3730522394180298, 1.0]",0.1320861543726466
8,5,5.485994815826416,3.416219711303711,-0.04755819811441686,1.823791154615463,"[-0.3398900628089905, 1.0]",0.16342423091110161
8,6,5.671380043029785,3.381661891937256,-0.06452772742234725,2.1320318904540247,"[-0.30060529708862305, 1.0]",0.19497937071041224
8,7,5.887084007263184,3.341397523880005,-0.08212030326730169,2.4415585717047996,"[-0.2584095299243927, 1.0]",0.22669097780607003
8,8,6.133225440979004,3.2954397201538086,-0.09950661728582944,2.751851303350225,"[-0.21617403626441956, 1.0]",0.25852476458089635
8,9,6.409871578216553,3.243788957595825,-0.11597427388633452,3.0624429839475353,"[-0.17607200145721436, 1.0]",0.2904271306653127
8,10,6.7170281410217285,3.18636417388916,-0.1309657402946085,3.3729965996805467,"[-0.13940270245075226, 1.0]",0.32233504750373826
8,11,7.054677963256836,3.1231112480163574,-0.1440893986723557,3.6833151203201178,"[-0.1066787838935852, 1.0]",0.35422474027654793
8,12,7.422807693481445,3.0540997982025146,-0.15509704240598055,3.993319683046004,"[-0.07787824422121048, 1.0]",0.38609966879831636
8,13,7.821429252624512,2.979555368423462,-0.1638405997388741,4.303001390067022,"[-0.05259193107485771, 1.0]",0.417985065398368
8,14,8.250590324401855,2.8999083042144775,-0.17022393055568497,4.6123721649047225,"[-0.029958035796880722, 1.0]",0.449916746519415
8,15,8.710382461547852,2.8158340454101562,-0.17416114791125814,4.921441615713664,"[-0.009703720919787884, 1.0]",0.4819386244167076
8,16,9.20091438293457,2.728100061416626,-0.1756707607751693,5.2302877473916025,"[0.006120537407696247, 1.0]",0.514068216249981
8,17,9.722294807434082,2.6374847888946533,-0.17491335776115058,5.538937380802415,"[0.019906211644411087, 1.0]",0.5463056427131225
8,18,10.274704933166504,2.5453150272369385,-0.17181263930397161,5.847170963674361,"[0.036035310477018356, 1.0]",0.5787223950689565
8,19,10.858687400817871,2.457282304763794,-0.16391623351383178,6.147545167357885,"[0.10321694612503052, 1.0]",0.6116464209044776
8,20,11.474783897399902,2.3813822269439697,-0.14797761386387176,6.450750009357335,"[0.12233371287584305, 1.0]",0.6451248716241392
8,21,12.122843742370605,2.3186347484588623,-0.12679163476007282,6.7543622826049985,"[0.13734129071235657, 1.0]",0.6784544752424256
8,22,12.802680969238281,2.26938533782959,-0.10277844384304657,7.062675337631638,"[0.12166253477334976, 1.0]",0.7116192658870182
8,23,13.514116287231445,2.2331693172454834,-0.07836151770476363,7.368536081326784,"[0.12812215089797974, 1.0]",0.7445937303591346
8,24,14.256860733032227,2.213168144226074,-0.052979861461600386,7.676238100556409,"[0.1184418722987175, 1.0]",0.777287517253285
8,25,15.030689239501953,2.208348512649536,-0.028677451250191055,7.985931208053497,"[0.09743298590183258, 1.0]",0.8097651969059673
8,26,15.835463523864746,2.2112138271331787,-0.010368884546169355,8.295769837967585,"[0.0226348377764225, 1.0]",0.8421052486336471
8,27,16.671222686767578,2.211961030960083,-0.0024533039961811554,8.604980577716278,"[0.007624019868671894, 1.0]",0.8744815755025552
8,28,17.537748336791992,2.208005428314209,-0.0019060243921700248,8.910252600702176,"[-0.04048174247145653, 1.0]",0.9066217867275739
8,29,18.43486213684082,2.194772481918335,-0.008053798610562879,9.219293559058794,"[-0.02307235822081566, 1.0]",0.9386006210645927
8,30,19.362529754638672,2.186760425567627,-0.008948088104611784,9.518125168937283,"[0.05929557606577873, 1.0]",0.9704991810580693
8,31,20.319908142089844,2.203017234802246,0.005221926265427612,9.813281597439312,"[0.10536693036556244, 1.0]",1.0015381546396487
8,32,21.30670166015625,2.2370026111602783,0.023236613143159168,10.119607746000055,"[0.002543915994465351, 1.0]",1.0323317529234064
8,33,22.32440757751465,2.2664787769317627,0.02830154606232682,10.428447009860271,"[-0.0034543974325060844, 1.0]",1.0646339289027698
8,34,23.371902465820312,2.2853641510009766,0.023291607419669624,10.704221249379998,"[-0.09723901748657227, 1.0]",1.095663883927874
8,35,24.447893142700195,2.287022352218628,0.009589244137048425,11.000319397229307,"[0.023867730051279068, 1.0]",1.1254921141674148
8,36,25.5539608001709,2.294377326965332,0.006537661001980943,11.30617288435299,"[-0.03353625163435936, 1.0]",1.1569454354502915
8,37,26.690567016601562,2.285311698913574,-0.003540938985369557,11.610592444849127,"[-0.05600651726126671, 1.0]",1.1888538824324852
8,38,27.85758399963379,2.2611331939697266,-0.016283765327234967,11.920169261281833,"[-0.016509663313627243, 1.0]",1.220657744707995
8,39,29.055395126342773,2.230994939804077,-0.023941152409539868,12.229029054320389,"[-0.019474994391202927, 1.0]",1.252841757453426
8,40,30.28312110900879,2.2027053833007812,-0.024541029445080298,12.51426513488134,"[0.0656152293086052, 1.0]",1.2840401757729816
8,41,31.54043960571289,2.2031497955322266,-0.007011703676015557,12.813603916031413,"[0.08251126110553741, 1.0]",1.314979714326243
8,42,32.827789306640625,2.2250747680664062,0.012433100707089473,13.122423546661063,"[0.005953212268650532, 1.0]",1.3464006068877092
8,43,34.14523696899414,2.2592720985412598,0.02459029792524703,13.41841257086576,"[0.06829772144556046, 1.0]",1.3778305189224116
8,44,35.488731384277344,2.311798572540283,0.037365481674356715,13.593280731123015,"[-0.13323695957660675, 1.0]",1.4046641785732568
8,45,36.85189437866211,2.3307790756225586,0.021366008793487268,13.80628298063649,"[-0.14274975657463074, 1.0]",1.42529126779763
8,46,38.238643646240234,2.303828239440918,-0.01200073650411504,14.111401886135537,"[-0.08555949479341507, 1.0]",1.450250576065735
8,47,39.65465545654297,2.2409350872039795,-0.04167727263724963,14.421925705767759,"[-0.047363247722387314, 1.0]",1.4809104759786893
8,48,41.100582122802734,2.1564881801605225,-0.059133894108555296,14.731333624057473,"[-0.006045530550181866, 1.0]",1.5122176675680243
8,49,42.57559585571289,2.0728492736816406,-0.05953589827510264,14.98637981487557,"[0.08043674379587173, 1.0]",1.5424524420770962
8,50,44.079139709472656,2.025590658187866,-0.036240162955743394,15.278083538871046,"[0.09075654298067093, 1.0]",1.5722952296846853
8,51,45.61305236816406,2.0233490467071533,-0.003811915626284801,15.582512694114621,"[0.07351743429899216, 1.0]",1.604033965814922
8,52,47.17695236206055,2.063462495803833,0.02584917417252708,15.889804135454643,"[0.055455345660448074, 1.0]",1.6354041125060303
8,53,48.770263671875,2.129298448562622,0.04357291070116798,16.188913978447037,"[-0.02080531045794487, 1.0]",1.6661614227174648
8,54,50.39411926269531,2.190849781036377,0.04081294370546473,16.496033834255908,"[-0.02684028074145317, 1.0]",1.698087743074464
8,55,52.049041748046875,2.2445921897888184,0.03288058524060844,16.805158031995195,"[-0.009824912063777447, 1.0]",1.7305456964955408
8,56,53.73508071899414,2.2907819747924805,0.026758111052570754,17.11359198456067,"[-0.015950415283441544, 1.0]",1.7630501348777887
8,57,55.45224380493164,2.326669692993164,0.020468523506131042,17.422564515465943,"[-0.009617897681891918, 1.0]",1.7955646262570968
8,58,57.20033264160156,2.359720468521118,0.01813626018149428,17.730632705042034,"[0.012869228608906269, 1.0]",1.827876683842611
8,59,58.97920608520508,2.395313262939453,0.019659588325019683,18.039168397401173,"[-0.007799173705279827, 1.0]",1.860049701391821
8,60,60.78904342651367,2.4234347343444824,0.015789216312807497,18.34682625704453,"[-0.020056601613759995, 1.0]",1.892398059465294
8,61,62.62983322143555,2.4392828941345215,0.008123307115013745,18.655568745300993,"[-0.013999047689139843, 1.0]",1.9247398542757295
8,62,64.50155639648438,2.4458281993865967,0.0023668844188078353,18.964591800500152,"[-0.002268056385219097, 1.0]",1.9570638381510788
8,63,66.40415954589844,2.4508912563323975,0.0018457037934798137,19.272942269322307,"[0.011683930642902851, 1.0]",1.989331389626013
8,64,68.33759307861328,2.4626550674438477,0.0062568306650323535,19.581616522587158,"[0.01152386236935854, 1.0]",2.021550807066486
8,65,70.30182647705078,2.4833831787109375,0.011471033763298166,19.89051709836583,"[0.007918675430119038, 1.0]",2.053740725380146
8,66,72.29686737060547,2.5112898349761963,0.014923023168258887,20.199530313935373,"[0.0002687321975827217, 1.0]",2.0859387799673965
8,67,74.3227767944336,2.540531873703003,0.014858441511824694,20.508298903311175,"[-0.007247614674270153, 1.0]",2.1181967688930254
8,68,76.379638671875,2.5646865367889404,0.01133001938357836,20.81689995146883,"[-0.010852853767573833, 1.0]",2.150537927223016
8,69,78.46744537353516,2.5804522037506104,0.006556036813503141,21.125834146681587,"[-0.006103786639869213, 1.0]",2.1828729553202235
8,70,80.586181640625,2.590441942214966,0.003771302419661282,21.434802897873094,"[0.0009524943307042122, 1.0]",2.2151928801302727
8,71,82.7358169555664,2.5996878147125244,0.004004595331151606,21.743703476450545,"[0.004407246597111225, 1.0]",2.247481980585434
8,72,84.91633605957031,2.6116244792938232,0.005826596990930355,22.052680307816075,"[0.003128957934677601, 1.0]",2.2797561653890788
8,73,87.12772369384766,2.626795530319214,0.007354851982471544,22.36167719997232,"[0.0009655924513936043, 1.0]",2.312015181677219
8,74,89.3617172241211,2.643038034439087,0.0074916053044473685,22.325252249039902,"[-0.0035202158614993095, 1.0]",2.334457165394117
8,75,91.59346771240234,2.6554901599884033,0.005205947298886571,22.288583212838468,"[-0.008445586077868938, 1.0]",2.332049112739023
8,76,93.82159423828125,2.6597931385040283,0.0009309079590371638,22.25202916797032,"[-0.007793198339641094, 1.0]",2.3282606571347726
8,77,96.04606628417969,2.655890941619873,-0.00294958406531709,22.215657850933315,"[-0.003130580298602581, 1.0]",2.3244425062276375
8,78,98.27518463134766,2.6472434997558594,-0.004676777190288028,22.524632851726782,"[0.0011029215529561043, 1.0]",2.330479195000739
8,79,100.52550506591797,2.6376712322235107,-0.004384228944543267,22.488254214937797,"[0.0024091051891446114, 1.0]",2.3515175785375324
8,80,102.7735824584961,2.629520893096924,-0.003360376663462006,22.451893253907407,"[0.0013794871047139168, 1.0]",2.3491109122207083
8,81,105.01803588867188,2.6229135990142822,-0.0026583674001168234,22.415534839402056,"[0.00017691124230623245, 1.0]",2.3453233369530904
8,82,107.25886535644531,2.616769790649414,-0.002644918436612187,22.379170986268146,"[-0.0013825399801135063, 1.0]",2.341535737211644
8,83,109.49603271484375,2.6093904972076416,-0.0034180341010623394,22.342788334516108,"[-0.0023673875257372856, 1.0]",2.33770990590376
8,84,111.72956848144531,2.5998783111572266,-0.004549344932128108,22.306429280907633,"[-0.0014798669144511223, 1.0]",2.3339146983656467
8,85,113.9594497680664,2.588752269744873,-0.005276254751665377,22.270069030715728,"[1.8727965652942657e-05, 1.0]",2.3300965972593146
8,86,116.18570709228516,2.5771756172180176,-0.0053107426877812,22.23371260235879,"[0.0009140269830822945, 1.0]",2.3263090309293646
8,87,118.40833282470703,2.5661070346832275,-0.004905276411816928,22.19734946950548,"[0.000899982638657093, 1.0]",2.3225138050346494
8,88,120.63558959960938,2.5558836460113525,-0.004446946388214634,22.50633989840068,"[0.0005676792934536934, 1.0]",10.0
9,0,5.006844520568848,3.4994654655456543,-0.0003316967137694249,0.2858435183309804,"[-0.24135750532150269, 1.0]",0.008130816401337069
9,1,5.040762901306152,3.495797872543335,-0.00271309536051767,0.5654846425511613,"[-0.40562504529953003, 1.0]",0.03646306162878491
9,2,5.10220193862915,3.4863851070404053,-0.008494818087080525,0.8458736758459571,"[-0.4112253189086914, 1.0]",0.06524546886430485
9,3,5.191031455993652,3.4706339836120605,-0.01766061961080645,1.1269763418635979,"[-0.39894554018974304, 1.0]",0.09390091090288814
9,4,5.307435512542725,3.449152708053589,-0.029877871111544607,1.4098131049116187,"[-0.37652701139450073, 1.0]",0.12274821552117456
9,5,5.451667785644531,3.4223690032958984,-0.044407412228744114,1.6944394730438448,"[-0.3456384539604187, 1.0]",0.15185725073050393
9,6,5.6239166259765625,3.3903582096099854,-0.060459615699196334,1.9806318791410717,"[-0.3087301552295685, 1.0]",0.18116168378816608
9,7,5.824321746826172,3.3530690670013428,-0.07725763743292635,2.2680551913982723,"[-0.2686445713043213, 1.0]",0.2106113692109016
9,8,6.0529961585998535,3.3105056285858154,-0.09405539285054587,2.5562771164455245,"[-0.22798576951026917, 1.0]",0.2401776587976865
9,9,6.3100104331970215,3.262667655944824,-0.11018895589230127,2.84488281043841,"[-0.18883535265922546, 1.0]",0.2698162472441408
9,10,6.595381736755371,3.2094829082489014,-0.12512036801799375,3.133543081703871,"[-0.1525636464357376, 1.0]",0.299472247426017
9,11,6.909097671508789,3.1508781909942627,-0.13845548138629304,3.4220482571684165,"[-0.11983048170804977, 1.0]",0.32911515191067586
9,12,7.251142978668213,3.086871385574341,-0.14993197462982621,3.7102967805106095,"[-0.09075845777988434, 1.0]",0.3587416426717216
9,13,7.621517181396484,3.017596483230591,-0.15938752808015266,3.998261260649987,"[-0.06515593081712723, 1.0]",0.3883663784011964
9,14,8.020241737365723,2.9433186054229736,-0.1667333253149179,4.28594817848686,"[-0.04269791767001152, 1.0]",0.41801132277242914
9,15,8.447365760803223,2.864447593688965,-0.17192782102111792,4.573381278942484,"[-0.023042168468236923, 1.0]",0.44770423919274116
9,16,8.902965545654297,2.7815473079681396,-0.1749671536151709,4.860588414512794,"[-0.005894775502383709, 1.0]",0.4774724327163818
9,17,9.387144088745117,2.6953301429748535,-0.17587742207575907,5.147594468506119,"[0.00897084642201662, 1.0]",0.5073427181990978
9,18,9.900022506713867,2.6066410541534424,-0.17471362067939467,5.434433201913526,"[0.021713946014642715, 1.0]",0.5373333673773608
9,19,10.441740036010742,2.516479969024658,-0.17153274107340444,5.7210956969435705,"[0.033194903284311295, 1.0]",0.567462459933121
9,20,11.012784004211426,2.4299871921539307,-0.1641155711214246,6.000281779234174,"[0.10004617273807526, 1.0]",0.5980452362072374
9,21,11.613697052001953,2.354297637939453,-0.14944022193454298,6.283717652673272,"[0.10932052135467529, 1.0]",0.6291897772275571
9,22,12.244283676147461,2.2879223823547363,-0.13138345711158728,6.569122849764428,"[0.108563631772995, 1.0]",0.6601476769694478
9,23,12.904406547546387,2.2300217151641846,-0.11232800687985289,6.855965228223304,"[0.09848704189062119, 1.0]",0.6909747149259307
9,24,13.593934059143066,2.179676055908203,-0.09404354178369534,7.143560060007618,"[0.08374298363924026, 1.0]",0.721673531866714
9,25,14.31273365020752,2.1359684467315674,-0.07765937528336408,7.431386845727532,"[0.06778333336114883, 1.0]",0.7522408318702271
9,26,15.06067180633545,2.0979244709014893,-0.06371679487041781,7.71915637141927,"[0.05292585864663124, 1.0]",0.7826743597993164
9,27,15.837635040283203,2.064645290374756,-0.05229875801281292,8.006768335394147,"[0.040402937680482864, 1.0]",0.8129936914570276
9,28,16.64353370666504,2.0353662967681885,-0.04318342339174386,8.294226386964379,"[0.03061136230826378, 1.0]",0.8432226851231757
9,29,17.47830581665039,2.009463310241699,-0.0359844994910965,8.581567861959215,"[0.02341737225651741, 1.0]",0.873389165364168
9,30,18.341903686523438,1.9864681959152222,-0.030269355791785912,8.86883836843096,"[0.018406007438898087, 1.0]",0.9035076425309863
9,31,19.234298706054688,1.9660687446594238,-0.025630129172868443,9.156060608776714,"[0.015060861594974995, 1.0]",0.9335972922707452
9,32,20.155473709106445,1.9480845928192139,-0.021729796598393136,9.443257162407294,"[0.012872983701527119, 1.0]",0.9636696602825906
9,33,21.10541343688965,1.9324281215667725,-0.018318154083946325,9.730439944242097,"[0.011402864940464497, 1.0]",0.9937267075322925
9,34,22.0841121673584,1.9190624952316284,-0.015231284064435968,10.017617961781239,"[0.010309834964573383, 1.0]",1.0237780112967656
9,35,23.091556549072266,1.9079638719558716,-0.01237997064334273,10.304795255211635,"[0.009356935508549213, 1.0]",1.0538159603623196
9,36,24.127742767333984,1.8990907669067383,-0.009733986942293882,10.591969887417957,"[0.00840440858155489, 1.0]",1.0838500827550996
9,37,25.19266128540039,1.8923641443252563,-0.00730092297039775,10.879155029465165,"[0.00739531684666872, 1.0]",1.1138747156989994
9,38,26.28631019592285,1.8876575231552124,-0.00510448086135451,11.166339166146498,"[0.006333981640636921, 1.0]",1.1438974367701202
9,39,27.40868377685547,1.884799599647522,-0.0031728901227205952,11.453528068716684,"[0.005260844714939594, 1.0]",1.1739144572418423
9,40,28.55978012084961,1.8835864067077637,-0.0015243934079611776,11.740717888447694,"[0.004234139807522297, 1.0]",1.2039295744921552
9,41,29.739595413208008,1.8837971687316895,-0.0001581917687509815,12.02790816162514,"[0.0033100293949246407, 1.0]",1.2339408790857116
9,42,30.94812774658203,1.8852139711380005,0.0009410279711792313,12.315098984217935,"[0.0025265710428357124, 1.0]",1.2639502788030041
9,43,32.18537902832031,1.8876370191574097,0.0018046911126923249,12.602289240626504,"[0.0019014673307538033, 1.0]",1.2939615833211005
9,44,33.45134353637695,1.8908950090408325,0.0024742098107379817,12.8894800029156,"[0.0014295922592282295, 1.0]",1.323967168069761
9,45,34.74603271484375,1.8948493003845215,0.0029900641138862483,13.176669995624742,"[0.0010859714820981026, 1.0]",1.3539841934471082
9,46,36.069435119628906,1.8993921279907227,0.0033907366998890964,13.463858724717696,"[0.0008381949737668037, 1.0]",1.3839897690463858
9,47,37.42155456542969,1.904439091682434,0.003705256024627346,13.751047856343138,"[0.0006503360345959663, 1.0]",1.4139991611543254
9,48,38.80239486694336,1.909920334815979,0.003951997899623194,14.038235124731342,"[0.0004930989816784859, 1.0]",1.444012359574963
9,49,40.21194839477539,1.9157707691192627,0.004142280759509731,14.325427763126168,"[0.0003474699333310127, 1.0]",1.474017952766099
9,50,41.65022277832031,1.9219247102737427,0.0042769035526131205,14.612625255030842,"[0.0002048211172223091, 1.0]",1.5040311971925606
9,51,43.117218017578125,1.9283125400543213,0.004358795756132849,14.899819710156278,"[6.903428584337234e-05, 1.0]",1.5340444279535157
9,52,44.6129264831543,1.9348639249801636,0.004387158421741866,15.187011088754181,"[-5.267839878797531e-05, 1.0]",1.5640500154755657
9,53,46.13735580444336,1.9415100812911987,0.004367983661893504,15.474201635450882,"[-0.00015025120228528976, 1.0]",1.5940632286485914
9,54,47.69050598144531,1.9481940269470215,0.004310059908184449,15.761388611609128,"[-0.00020240526646375656, 1.0]",1.6240764257541942
9,55,49.27237319946289,1.9548804759979248,0.004229499285209215,16.04857406776874,"[-0.00020887237042188644, 1.0]",1.6540858013225375
9,56,50.882957458496094,1.961551547050476,0.00414134865312743,16.33577530342,"[-0.000210675410926342, 1.0]",1.684095247898593
9,57,52.521480560302734,1.9781955480575562,0.009559017258675695,16.60617721346993,"[0.05466419830918312, 1.0]",1.7132508992672553
9,58,54.18700408935547,2.0275232791900635,0.02871313760879879,16.888821351460418,"[0.05193576589226723, 1.0]",1.7415232251343062
9,59,55.879783630371094,2.1073741912841797,0.0483684648760736,17.17629887226607,"[0.02531391754746437, 1.0]",1.7700728859408223
9,60,57.60045623779297,2.2027368545532227,0.05760270963981462,17.46189471918602,"[-0.013903866522014141, 1.0]",1.799251133658212
9,61,59.34999084472656,2.2897868156433105,0.05124561095974123,17.742061681588027,"[-0.045641254633665085, 1.0]",1.82937388450074
9,62,61.128814697265625,2.3487863540649414,0.03272652137154797,18.023958824238292,"[-0.04964003339409828, 1.0]",1.8599316672481347
9,63,62.93677520751953,2.3765883445739746,0.013145629456740693,18.311289946725925,"[-0.02314574643969536, 1.0]",1.890361315014173
9,64,64.77359771728516,2.387613296508789,0.003212704381017062,18.59800698961564,"[0.005875234492123127, 1.0]",1.9205135412188954
9,65,66.63907623291016,2.398526906967163,0.004552407567381067,18.88396239046029,"[0.01841012015938759, 1.0]",1.9504563463820714
9,66,68.5331039428711,2.4192068576812744,0.011426558973093748,19.17079561228679,"[0.014016528613865376, 1.0]",1.980296290216228
9,67,70.45567321777344,2.450361728668213,0.017415475632463817,19.45801315512401,"[0.004740414209663868, 1.0]",2.0101303341004018
9,68,72.4068832397461,2.4857754707336426,0.019108313979373293,19.744844908283312,"[-0.007933872751891613, 1.0]",2.040061824059931
9,69,74.3868637084961,2.516005277633667,0.015179219265124999,20.031044133845473,"[-0.01671263948082924, 1.0]",2.0701201673523046
9,70,76.39561462402344,2.5341596603393555,0.007859787325150691,20.317824496097618,"[-0.013488310389220715, 1.0]",2.100181125759783
9,71,78.43313598632812,2.541203260421753,0.0019819244832373073,20.60505715866721,"[-0.0026415837928652763, 1.0]",2.13024411951869
9,72,80.49937438964844,2.544264316558838,0.0005888249170169502,20.89206850359095,"[0.005717863328754902, 1.0]",2.160252711586472
9,73,82.59431457519531,2.549889087677002,0.002825613916574099,21.179112564871996,"[0.006744575686752796, 1.0]",2.190246192088799
9,74,84.71794128417969,2.561030387878418,0.005982924546917623,21.466243141076575,"[0.004629169590771198, 1.0]",2.2202248031192195
9,75,86.87024688720703,2.577056646347046,0.008147142406770058,21.753425845252686,"[0.0003368379548192024, 1.0]",2.2501960193309807
9,76,89.05126190185547,2.594205141067505,0.008130098175794132,22.040507706346915,"[-0.004384170286357403, 1.0]",2.2801972993269986
9,77,91.26101684570312,2.6078786849975586,0.005779858513799141,22.327505557986612,"[-0.006995382718741894, 1.0]",2.310228718858596
9,78,93.49173736572266,2.6151585578918457,0.0023888554978013232,22.291082460535463,"[-0.004762585274875164, 1.0]",2.3310303910919408
9,79,95.72013092041016,2.616532802581787,-0.00024008397227071043,22.25471493438897,"[-0.0024095578119158745, 1.0]",2.3285397718922503
9,80,97.94486236572266,2.6138546466827393,-0.0017638115899591966,22.21836577580171,"[-0.0010769171640276909, 1.0]",2.3247140913036075
9,81,100.17373657226562,2.6087827682495117,-0.0025719478227443915,22.505577024873464,"[-0.000796775333583355, 1.0]",2.3301493031548994
9,82,102.42227172851562,2.6021056175231934,-0.003130279545279002,22.46922407756363,"[-0.0008399514481425285, 1.0]",2.349646664599036
9,83,104.66844177246094,2.5942294597625732,-0.0036386769973750788,22.43287104249809,"[-0.0007923794910311699, 1.0]",2.347117963636554
9,84,106.9109878540039,2.5853590965270996,-0.004083158583309654,22.396511410051247,"[-0.0005351705476641655, 1.0]",2.3433303828881993
9,85,109.14989471435547,2.5757696628570557,-0.004385693683142122,22.360157668331716,"[-0.00021397601813077927, 1.0]",2.3395275698590554
9,86,111.3851547241211,2.5657949447631836,-0.004523379111499359,22.32380249208975,"[5.048699676990509e-06, 1.0]",2.335717120980029
9,87,113.61679077148438,2.555696964263916,-0.004544018609947464,22.28744866263226,"[7.023382931947708e-05, 1.0]",10.0
