trace_id,step,x,y,heading,speed,action,reward,label
0,0,6.681062698364258,0.003812974551692605,0.0021009677839636254,21.116075946532543,"[0.15123966336250305, 1.0]",1.7760850401236543,True
0,1,8.79174518585205,0.04465830326080322,0.022077205962593105,21.105699074912863,"[0.41796228289604187, 1.0]",2.205658133324901,True
0,2,10.897047996520996,0.16614174842834473,0.06517314451252787,21.030081045390478,"[0.48210611939430237, 1.0]",2.1999381753732026,True
0,3,12.987585067749023,0.37907499074935913,0.11976315316919006,20.952214458284352,"[0.5038821697235107, 1.0]",2.184822036290307,True
0,4,15.061355590820312,0.6705824136734009,0.17509285481862236,20.891969243163388,"[0.3916517198085785, 1.0]",2.1677843846655245,True
0,5,17.11696434020996,1.0416001081466675,0.2284298461824017,20.864593299816175,"[0.2395864725112915, 1.0]",2.149499419238821,True
0,6,19.15447998046875,1.4964178800582886,0.28034058162439024,20.909144827090717,"[0.07602444291114807, 1.0]",2.131606791980697,True
0,7,21.18105125427246,2.0149941444396973,0.31908251810815447,20.971101525249203,"[-0.16051694750785828, 1.0]",2.1209412306673325,True
0,8,23.212265014648438,2.529921054840088,0.30795729581240305,20.943304699544516,"[-0.3994884788990021, 1.0]",2.125458631523927,True
0,9,25.2475643157959,3.0244197845458984,0.2492231421834683,20.950271138671813,"[-0.47767990827560425, 1.0]",2.129575521271484,True
0,10,27.297897338867188,3.4487006664276123,0.18248379263386472,20.88096765395481,"[-0.48951461911201477, 1.0]",2.1442973775140857,True
0,11,29.356075286865234,3.787959575653076,0.11795393468264503,20.77030045884624,"[-0.45198318362236023, 1.0]",2.151644300062855,True
0,12,31.41536521911621,4.040412425994873,0.054737680939107136,20.651239178777242,"[-0.3870864808559418, 1.0]",2.152220508555474,True
0,13,33.47170639038086,4.206205368041992,-0.007856724689897732,20.54150490403793,"[-0.2965663969516754, 1.0]",2.148777943332819,True
0,14,35.522823333740234,4.284754753112793,-0.07000984452627534,20.457892574161505,"[-0.17696928977966309, 1.0]",2.143177459943102,True
0,15,37.568115234375,4.275516986846924,-0.13191276037824107,20.42190179969504,"[-0.03559502959251404, 1.0]",2.1371904587333934,True
0,16,39.61079025268555,4.1818318367004395,-0.19076129677599418,20.509428145102422,"[0.10606449842453003, 1.0]",2.134967444963508,True
0,17,41.65701675415039,4.026939868927002,-0.2321352353650843,20.59732093698462,"[0.22916778922080994, 1.0]",2.1389144456812748,True
0,18,43.70989990234375,3.862920045852661,-0.2276430152383382,20.61118248505961,"[0.3047056198120117, 1.0]",2.1456334693761274,True
0,19,45.76723098754883,3.7065258026123047,-0.1680304179238412,20.714349917521663,"[0.2680724263191223, 1.0]",2.1505456598339254,True
0,20,47.837100982666016,3.5781264305114746,-0.06731033128731667,20.79344067864065,"[0.2722414433956146, 1.0]",2.1634404781710703,True
0,21,49.91514587402344,3.5292022228240967,0.034254909521144405,20.74596372296147,"[0.2620040774345398, 1.0]",2.1714017281107485,True
0,22,51.989959716796875,3.569427490234375,0.1341331709370941,20.735983106140328,"[0.05388715863227844, 1.0]",2.169420995884296,True
0,23,54.05287170410156,3.6974313259124756,0.23297106847320492,20.438222361989585,"[0.6071311831474304, 1.0]",2.1484897195498682,True
0,24,56.07881164550781,3.9014880657196045,0.32891371043023643,20.056576386707047,"[0.6950290203094482, 1.0]",2.093276706125328,True
0,25,58.056556701660156,4.175146102905273,0.4224227557831526,19.602717379693225,"[0.7640951871871948, 1.0]",2.0193634071878686,True
0,26,59.9776725769043,4.512724876403809,0.5135374861580342,19.1135389901013,"[0.7351574301719666, 1.0]",1.932473163749067,True
0,27,61.83686828613281,4.909633636474609,0.6023921248738189,18.597907916291245,"[0.7135840058326721, 1.0]",1.8388882241508941,True
0,28,63.62956237792969,5.359681606292725,0.6883359285181481,18.026535892744686,"[0.8116919994354248, 1.0]",1.9831476374679973,True
0,29,65.35044860839844,5.85432243347168,0.7705109597458506,17.420771728109514,"[0.8235278725624084, 1.0]",1.8670685021338658,True
0,30,66.99577331542969,6.3867340087890625,0.8489406543745206,16.782251188403002,"[0.8484674692153931, 1.0]",1.7507456270763786,True
0,31,68.56253051757812,6.9500603675842285,0.9235597649574512,16.117896806605184,"[0.8552390336990356, 1.0]",1.6361399140966801,True
0,32,70.04851531982422,7.537525177001953,0.9941866639082981,15.424416291101227,"[0.9191370606422424, 1.0]",1.5246940963888076,True
0,33,71.4523696899414,8.141117095947266,1.0601684439963153,14.708244363105539,"[0.9658010005950928, 1.0]",1.4164773096203545,True
0,34,72.77338409423828,8.753713607788086,1.1211163169918645,13.97459579806595,"[0.9908674955368042, 0.9904391765594482]",0.9943687088846165,True
0,35,74.01119995117188,9.369649887084961,1.176982778759002,13.231381438134056,"[0.9688725471496582, 1.0]",0.9198115582890362,True
0,36,75.16565704345703,9.984674453735352,1.2278910004981425,12.478620777334541,"[0.9922816753387451, 0.9932107925415039]",0.8496384924256513,True
0,37,76.23719024658203,10.594003677368164,1.2735439731687173,11.719406555053293,"[0.9987673759460449, 0.9960479736328125]",0.7834052497351873,True
0,38,77.22621154785156,11.193707466125488,1.3138937265815898,10.955841579226654,"[1.0, 0.9827585220336914]",0.7210981847850244,True
0,39,78.13319396972656,11.780488967895508,1.3489475344954869,10.190639819299497,"[1.0, 0.9880969524383545]",0.6626116814643376,True
0,40,78.95861053466797,12.351592063903809,1.3787163491603929,9.426463351747383,"[1.0, 0.9880235195159912]",0.6077673450334773,True
0,41,79.70294952392578,12.904738426208496,1.4031961758346716,8.666239568331264,"[1.0, 0.9862173795700073]",0.5563674056369142,True
0,42,80.36666107177734,13.438126564025879,1.4223781595076987,7.913716742153038,"[1.0, 0.9814503192901611]",0.5082180025871216,True
0,43,80.9500961303711,13.950435638427734,1.4362580890560013,7.174140980941947,"[1.0, 0.984728217124939]",0.46314193701109185,True
0,44,81.45354461669922,14.440861701965332,1.4448383030679102,6.454932713756051,"[1.0, 0.9892081618309021]",0.4210290522584295,True
0,45,81.87715911865234,14.909132957458496,1.448115106407414,5.767020976003082,"[1.0, 0.9809518456459045]",0.3818028771145787,True
0,46,82.22098541259766,15.355573654174805,1.446076589751013,5.1282001445946275,"[1.0, 0.9765337109565735]",0.34549066163869957,True
0,47,82.4849624633789,15.781319618225098,1.4387145805231114,4.568570408663727,"[1.0, 0.9711754322052002]",0.3123251217824797,True
0,48,82.6690444946289,16.1889591217041,1.4260482784506943,4.152489443642328,"[1.0, 0.9682354927062988]",0.283109374567211,True
0,49,82.7774658203125,16.584665298461914,1.4105338670728695,3.9453384397448112,"[1.0, 0.9655368328094482]",0.26069467012122416,True
0,50,82.83509826660156,16.971935272216797,1.4080590081166156,3.8081422768118665,"[1.0, 0.9634284973144531]",0.2464124256923241,True
0,51,82.85409545898438,17.34986686706543,1.4284453065240905,3.7049080258290057,"[1.0, 0.9646428823471069]",0.23468592060157448,True
0,52,82.83284759521484,17.71830940246582,1.4714349183675033,3.654003463016788,"[1.0, 0.9644080400466919]",0.2233396335378646,True
0,53,82.7679214477539,18.07758140563965,1.533768567236275,3.664602973257926,"[1.0, 0.9648836851119995]",-5.0,False
1,0,6.719437599182129,3.5037519931793213,0.002078730388861416,21.678727466138163,"[0.03267344832420349, 1.0]",1.8169918727797507,True
1,1,8.889694213867188,3.5128188133239746,0.0047410925306135,21.840769343577136,"[-0.12266290187835693, 1.0]",2.268540076731156,True
1,2,11.075652122497559,3.4613842964172363,-0.027975708302955482,21.97139819491974,"[-0.16455954313278198, 1.0]",2.28482920050751,True
1,3,13.274534225463867,3.33117413520813,-0.07309285296220569,22.21442910783569,"[-0.04869574308395386, 1.0]",2.2988470339515694,True
1,4,15.490729331970215,3.1482553482055664,-0.10129905785750815,22.373019470013897,"[0.08191663026809692, 1.0]",2.3168736941214103,True
1,5,17.71862030029297,2.971250057220459,-0.0859873463281513,22.308645723777392,"[0.14865359663963318, 1.0]",2.3282798740797523,True
1,6,19.944461822509766,2.844691514968872,-0.0486708668178526,22.241085493271907,"[0.14510878920555115, 1.0]",2.3259264069365204,True
1,7,22.166624069213867,2.7985897064208984,-0.003445997292508274,22.173728663258476,"[0.13405779004096985, 1.0]",2.3219440256887647,True
1,8,24.387441635131836,2.842517614364624,0.045183856844556836,22.31641916269293,"[0.07761359214782715, 1.0]",2.321241452150087,True
1,9,26.614927291870117,2.9552319049835205,0.08388198432838934,22.280963463364056,"[-0.029524145647883415, 1.0]",2.3277499923234197,True
1,10,28.83740234375,3.088894844055176,0.08674661355493285,22.205657008954894,"[-0.17059198021888733, 1.0]",2.3224005084201798,True
1,11,31.05810546875,3.195822238922119,0.04831094059652763,22.30297775380037,"[-0.23928552865982056, 1.0]",2.321066524892102,True
1,12,33.28577423095703,3.230048656463623,-0.00027044400869780105,22.221101037158906,"[-0.19419944286346436, 1.0]",2.3276637168742464,True
1,13,35.51118469238281,3.176151990890503,-0.04918712059516395,22.363933820658907,"[-0.07959485054016113, 1.0]",2.3260481636187462,True
1,14,37.74298095703125,3.0560927391052246,-0.08618814867434299,22.326715626214593,"[0.04868927597999573, 1.0]",2.332266484966403,True
1,15,39.97062683105469,2.9284613132476807,-0.08182589080879321,22.261484033748708,"[0.1321313977241516, 1.0]",2.3278225521753066,True
1,16,42.193572998046875,2.835428476333618,-0.039299735574081396,22.202279443168084,"[0.1209600567817688, 1.0]",2.322856424486444,True
1,17,44.41728973388672,2.8212952613830566,0.012948688694129018,22.330899578664713,"[0.11293500661849976, 1.0]",2.324205783943835,True
1,18,46.64768981933594,2.8930749893188477,0.06321585426937482,22.28596022595411,"[0.038351982831954956, 1.0]",2.330686906466012,True
1,19,48.8716926574707,3.0219972133636475,0.09634517875579629,22.240281906926192,"[-0.09217581152915955, 1.0]",2.3240841067159335,True
1,20,51.09046936035156,3.1415927410125732,0.08148860145673531,22.145246989904415,"[-0.22926151752471924, 1.0]",2.3184303143354295,True
1,21,53.30619812011719,3.219777822494507,0.030863373872928257,22.225142781283775,"[-0.24895316362380981, 1.0]",2.315741902281402,True
1,22,55.52668380737305,3.2155306339263916,-0.024270052804164166,22.15413139073834,"[-0.15791729092597961, 1.0]",2.320179278514182,True
1,23,57.745643615722656,3.1308913230895996,-0.07353653559981321,22.350737719314722,"[-0.018956152722239494, 1.0]",2.3195381280865255,True
1,24,59.97441864013672,2.993104934692383,-0.1022526026858106,22.29552826841464,"[0.13438120484352112, 1.0]",2.3291049016219283,True
1,25,62.19841766357422,2.8620765209198,-0.0815531831131695,22.215088190030027,"[0.18842312693595886, 1.0]",2.323966920292635,True
1,26,64.42167663574219,2.7783005237579346,-0.0296987735282368,22.326208815713994,"[0.17855298519134521, 1.0]",2.3237269118386816,True
1,27,66.65206909179688,2.7797353267669678,0.02584198363758361,22.251668274599293,"[0.16172024607658386, 1.0]",2.3305249632903844,True
1,28,68.8742446899414,2.8704919815063477,0.07998138543780442,22.194700703062036,"[0.07414647936820984, 1.0]",2.3220517513083103,True
1,29,71.08983612060547,3.0235788822174072,0.12237105366665091,22.257333666868316,"[-0.140053391456604, 1.0]",2.31574943216497,True
1,30,73.30754089355469,3.169412136077881,0.1158445779412478,22.13028890596782,"[-0.33237361907958984, 1.0]",2.317291073026074,True
1,31,75.51947021484375,3.291566848754883,0.06213767350205579,22.194296584732452,"[-0.31453177332878113, 1.0]",2.3118036559203587,True
1,32,77.7396469116211,3.3398306369781494,-0.0009088037219893152,22.24042446877967,"[-0.2040136456489563, 1.0]",2.3202586068868523,True
1,33,79.9617691040039,3.300410509109497,-0.062176422495916484,22.181255391493597,"[-0.07179486751556396, 1.0]",2.3219378416445338,True
1,34,82.18153381347656,3.1895859241485596,-0.11380792549760965,22.348624711469004,"[0.04290756583213806, 1.0]",2.3203335206742666,True
1,35,84.40872192382812,3.0415050983428955,-0.13656743333148125,22.26112988920233,"[0.24892020225524902, 1.0]",2.327363194852973,True
1,36,86.62810516357422,2.9012553691864014,-0.10776574561643759,22.147328491235772,"[0.2968463897705078, 1.0]",2.3190462179566547,True
1,37,88.8454360961914,2.799645185470581,-0.041322672738105304,22.29818151592236,"[0.14632025361061096, 1.0]",2.317672749438838,True
1,38,91.07323455810547,2.7816555500030518,0.02805733419036649,22.232934308082683,"[0.11840078234672546, 1.0]",2.3278466663004345,True
1,39,93.29308319091797,2.85326886177063,0.09515381364214903,22.125743746969352,"[0.1851259469985962, 1.0]",2.319414479673862,True
1,40,95.49776458740234,3.0112361907958984,0.16229410209386508,22.010604386928158,"[0.29037192463874817, 1.0]",2.3037291162255515,True
1,41,97.69094848632812,3.234438419342041,0.219038341756292,22.136364685122377,"[-0.12796571850776672, 1.0]",2.292797540008832,True
1,42,99.88679504394531,3.486842632293701,0.24263022058886818,22.020398087282587,"[-0.49546465277671814, 1.0]",2.2949383490099593,True
1,43,102.0718765258789,3.7318828105926514,0.21433879453868343,21.87151243373419,"[-0.603959321975708, 1.0]",2.283503287885398,True
1,44,104.24578857421875,3.959172010421753,0.13617941076065687,21.80962526814227,"[-0.6288554072380066, 1.0]",2.272055362046484,True
1,45,106.41826629638672,4.124138832092285,0.04467838886965936,21.682304265257446,"[-0.5643404126167297, 1.0]",2.270048091361627,True
1,46,108.58233642578125,4.204074859619141,-0.04389155792559585,21.532510832099057,"[-0.41091665625572205, 1.0]",2.260966428138977,True
1,47,110.73258972167969,4.195529937744141,-0.1309770587292416,21.37404262391564,"[-0.3058622479438782, 1.0]",2.246436487706058,True
1,48,112.8667221069336,4.100893020629883,-0.21805616794627092,21.287042808378807,"[-0.02695557288825512, 1.0]",2.229924077891611,True
1,49,114.99012756347656,3.925196647644043,-0.3017278957065983,21.314826504134604,"[0.18493863940238953, 1.0]",2.2193221758115746,True
1,50,117.10855865478516,3.6899731159210205,-0.36817682753932957,21.34502523212303,"[0.3544151484966278, 1.0]",2.2144837048531474,True
1,51,119.22808837890625,3.444856643676758,-0.38958251743305894,21.34961012090681,"[0.4332248866558075, 1.0]",10.0,True
2,0,6.694455146789551,3.5037496089935303,0.002079129863024498,21.36614288920884,"[0.03267344832420349, 1.0]",1.7906027897909906,True
2,1,8.833507537841797,3.5125510692596436,0.004656803482112615,21.5313456664817,"[-0.12003043293952942, 1.0]",2.235943446551414,True
2,2,10.988593101501465,3.4608078002929688,-0.028153740621827517,21.66674390537566,"[-0.16080445051193237, 1.0]",2.2525859112338584,True
2,3,13.157058715820312,3.3317599296569824,-0.07275130255240292,21.91561674185098,"[-0.045595258474349976, 1.0]",2.267085889657177,True
2,4,15.343708038330078,3.1523995399475098,-0.09896919137785165,22.081974981729772,"[0.0819292962551117, 1.0]",2.2860182099275494,True
2,5,17.547964096069336,2.980149030685425,-0.08302085118991265,22.234896413333978,"[0.14292195439338684, 1.0]",2.3043130915992607,True
2,6,19.765823364257812,2.8568646907806396,-0.047600542375748844,22.17073632806194,"[0.14054763317108154, 1.0]",2.3176275816647554,True
2,7,21.98556900024414,2.811279535293579,-0.005039366572702875,22.29174051149308,"[0.1284652054309845, 1.0]",2.320058468288047,True
2,8,24.212528228759766,2.8536720275878906,0.04073677729828784,22.241218533593656,"[0.07520079612731934, 1.0]",2.3270447119167965,True
2,9,26.433380126953125,2.9628477096557617,0.07609197182379823,22.207117504751245,"[-0.024602023884654045, 1.0]",2.32078392696474,True
2,10,28.65325355529785,3.0894181728363037,0.07660476349169354,22.337993922615787,"[-0.15413451194763184, 1.0]",2.3203944009964976,True
2,11,30.88227653503418,3.1851398944854736,0.04052345809497293,22.251523413097445,"[-0.2164374589920044, 1.0]",2.3291548350952667,True
2,12,33.10576629638672,3.207423448562622,-0.004654140321022737,22.17604434511502,"[-0.1696206033229828, 1.0]",2.3232819609055566,True
2,13,35.32746505737305,3.1439642906188965,-0.051926714408528696,22.363058804902494,"[-0.06109127402305603, 1.0]",2.3223325256083895,True
2,14,37.55851745605469,3.016209363937378,-0.08654141699294193,22.322527269601828,"[0.061031460762023926, 1.0]",2.331503771394849,True
2,15,39.78569793701172,2.8890488147735596,-0.07554096379426145,22.25566805519341,"[0.13767009973526, 1.0]",2.3273309872054018,True
2,16,42.00838088989258,2.8051390647888184,-0.032020650524621885,22.194848507055525,"[0.12573987245559692, 1.0]",2.3225597711626094,True
2,17,44.23135757446289,2.8032045364379883,0.019443073328396565,22.32197384360154,"[0.10884162783622742, 1.0]",2.3234255668665194,True
2,18,46.46062469482422,2.8849265575408936,0.06796107469967794,22.27945556933163,"[0.02909189648926258, 1.0]",2.3295246704233206,True
2,19,48.683536529541016,3.019864797592163,0.09760072605171466,22.231002095001188,"[-0.10347801446914673, 1.0]",2.322951344144302,True
2,20,50.90107345581055,3.1439831256866455,0.07882703826330939,22.13415646468116,"[-0.23426726460456848, 1.0]",2.3171406303605964,True
2,21,53.115726470947266,3.221264362335205,0.02803163468584735,22.213788098965708,"[-0.23608455061912537, 1.0]",2.3146150615820646,True
2,22,55.339237213134766,3.2141635417938232,-0.02693308073618894,22.304682354207223,"[-0.13454577326774597, 1.0]",2.3238818127814325,True
2,23,57.56714630126953,3.1332223415374756,-0.07167085809815799,22.268877496721615,"[0.00911686010658741, 1.0]",2.328119036870013,True
2,24,59.79003143310547,3.0194621086120605,-0.08747805074832282,22.213920132182253,"[0.11294972896575928, 1.0]",2.3228477724307575,True
2,25,62.01385498046875,2.921767473220825,-0.05550680186192203,22.394621725016584,"[0.1372649371623993, 1.0]",2.324599345125856,True
2,26,64.25083923339844,2.8840982913970947,-0.004315386230364204,22.336972572579644,"[0.1238461434841156, 1.0]",2.337500629506296,True
2,27,66.48321533203125,2.9288530349731445,0.04465668410677548,22.29205744426216,"[0.04879686236381531, 1.0]",2.3326903571319924,True
2,28,68.70911407470703,3.030430793762207,0.07846751151614928,22.242903232969667,"[-0.10768100619316101, 1.0]",2.3259918072241446,True
2,29,70.92931365966797,3.1205151081085205,0.06399030151436946,22.138701796634873,"[-0.2546338438987732, 1.0]",2.3198237430457946,True
2,30,73.14502716064453,3.166809558868408,0.015785487887280958,22.207826203943636,"[-0.26961126923561096, 1.0]",2.315648718894309,True
2,31,75.3709945678711,3.134823799133301,-0.03496557405803191,22.425171948011368,"[-0.057075053453445435, 1.0]",2.3268806809926135,True
2,32,77.6097412109375,3.035874605178833,-0.07059613944025678,22.390081798839333,"[0.01684144325554371, 1.0]",2.339502011161183,True
2,33,79.84416961669922,2.9127695560455322,-0.07178603981530429,22.333257012477596,"[0.09641662240028381, 1.0]",2.334928062317868,True
2,34,82.07415008544922,2.8233726024627686,-0.03676880043212449,22.262251736885577,"[0.15431353449821472, 1.0]",2.3301606015659853,True
2,35,84.29906463623047,2.8101162910461426,0.009901100300696797,22.202652451220448,"[0.11127686500549316, 1.0]",2.324826486811742,True
2,36,86.52381134033203,2.8807599544525146,0.05607392201605421,22.418946738748545,"[0.03899314999580383, 1.0]",2.325631964425931,True
2,37,88.75855255126953,3.030914545059204,0.09535741230748584,22.368999145121954,"[0.06324192881584167, 1.0]",2.335401707090549,True
2,38,90.98418426513672,3.2487215995788574,0.12214481813204792,22.333077127880742,"[-0.024899212643504143, 1.0]",2.326130560942651,True
2,39,93.20194244384766,3.483272075653076,0.11601302288019522,22.19531121670935,"[-0.34168514609336853, 1.0]",2.3176370791861296,True
2,40,95.41474151611328,3.6737658977508545,0.08018298673232405,22.229334231615095,"[-0.35595324635505676, 1.0]",2.312831076307893,True
2,41,97.63215637207031,3.8111748695373535,0.04977687761856231,22.178911460978608,"[0.07189559936523438, 1.0]",2.317219957531435,True
2,42,99.84854125976562,3.9408602714538574,0.05206759563019325,22.27274011194074,"[-0.21723759174346924, 1.0]",2.3166122181990456,True
2,43,102.07090759277344,4.02023458480835,0.034363832809728656,22.14539978176938,"[-0.3348037004470825, 1.0]",2.3220206320257746,True
2,44,104.285888671875,4.03782320022583,0.0019955066047963044,22.144767378822085,"[-0.46914616227149963, 1.0]",2.3146325323062618,True
2,45,106.50047302246094,3.9814467430114746,-0.036439766879444946,22.178726386519052,"[-0.3326157331466675, 1.0]",2.3143886193252734,True
2,46,108.7153549194336,3.8438987731933594,-0.07734978280664251,22.23984516209837,"[-0.2411496341228485, 1.0]",2.3149612002020987,True
2,47,110.92597961425781,3.621720314025879,-0.11807537482835251,22.161355088346813,"[-0.1815142035484314, 1.0]",2.3103507927217795,True
2,48,113.12875366210938,3.337780475616455,-0.14623364282403273,22.387198660779667,"[0.045053720474243164, 1.0]",2.303516441825071,True
2,49,115.34652709960938,3.0548181533813477,-0.13349094964022168,22.311491142321113,"[0.17244845628738403, 1.0]",2.318175147640445,True
2,50,117.56395721435547,2.8233566284179688,-0.09680883510158012,22.233392602452145,"[0.17596492171287537, 1.0]",10.0,True
3,0,6.681589126586914,3.5037484169006348,0.0020793961791341076,21.20490376142553,"[0.03267344832420349, 1.0]",1.777011193513329,True
3,1,8.80454158782959,3.5124120712280273,0.004612728166071278,21.37151161235207,"[-0.11868849396705627, 1.0]",2.21912426349826,True
3,2,10.94367504119873,3.4605019092559814,-0.028250546527451625,21.5092068310528,"[-0.158888041973114, 1.0]",2.2359248841088784,True
3,3,13.096399307250977,3.3320295810699463,-0.07259404289003424,21.760035512161853,"[-0.04401013255119324, 1.0]",2.2506444258569744,True
3,4,15.267664909362793,3.1546621322631836,-0.0977871473280203,21.930369117262828,"[0.08196446299552917, 1.0]",2.269952263139499,True
3,5,17.45697784423828,2.9852800369262695,-0.08148287566039158,22.08478214474827,"[0.1398877203464508, 1.0]",2.2886944545268557,True
3,6,19.665245056152344,2.8653652667999268,-0.04632755137469147,22.234179769738468,"[0.13785627484321594, 1.0]",2.3083210208778855,True
3,7,21.886119842529297,2.821596622467041,-0.005890912331254938,22.17319610381053,"[0.12498235702514648, 1.0]",2.3206541688441007,True
3,8,24.107805252075195,2.863340139389038,0.0377483110810557,22.358873135359474,"[0.07289469242095947, 1.0]",2.3223003386550163,True
3,9,26.339460372924805,2.9735183715820312,0.07170947393396432,22.32374154832347,"[-0.02207419089972973, 1.0]",2.332111957817065,True
3,10,28.566694259643555,3.099565267562866,0.06936762322940293,22.252961397405986,"[-0.14657661318778992, 1.0]",2.327372213007077,True
3,11,30.78842544555664,3.1856038570404053,0.03416635941489865,22.16549478467379,"[-0.20255279541015625, 1.0]",2.321475912444118,True
3,12,33.00777816772461,3.1940152645111084,-0.011824168923842748,22.26903927919195,"[-0.1520223617553711, 1.0]",2.3195633989243327,True
3,13,35.23200607299805,3.1189920902252197,-0.05654889679647024,22.227149737373846,"[-0.039201319217681885, 1.0]",2.3242500790916196,True
3,14,37.450138092041016,2.990342140197754,-0.08291592264296277,22.181492394747956,"[0.0744798481464386, 1.0]",2.3179487348193346,True
3,15,39.66947937011719,2.8735153675079346,-0.06333250072511998,22.355251705479937,"[0.12995171546936035, 1.0]",2.3199399107508314,True
3,16,41.90190124511719,2.8093454837799072,-0.019878500166623958,22.297423802455707,"[0.12040087580680847, 1.0]",2.3327602821110505,True
3,17,44.130401611328125,2.827868938446045,0.027077290909216956,22.24438072502672,"[0.08920082449913025, 1.0]",2.3286000794735577,True
3,18,46.352420806884766,2.919276714324951,0.06800794633486262,22.21034909454113,"[0.003690512850880623, 1.0]",2.3219657664820756,True
3,19,48.57255172729492,3.0442137718200684,0.08261099069814914,22.34125146176198,"[-0.12086150050163269, 1.0]",2.320666551988085,True
3,20,50.8012580871582,3.1521518230438232,0.05294337615466649,22.255657250824665,"[-0.21475788950920105, 1.0]",2.3288568174919924,True
3,21,53.02481460571289,3.196293354034424,0.0077276945350828186,22.17866681180054,"[-0.17732685804367065, 1.0]",2.3233605192077897,True
3,22,55.24706268310547,3.1548616886138916,-0.0411519641122311,22.353027699330134,"[-0.07175290584564209, 1.0]",2.322836702039564,True
3,23,57.478275299072266,3.047224521636963,-0.07830346079300021,22.314563532223506,"[0.05330201983451843, 1.0]",2.3316281518618025,True
3,24,59.70556640625,2.9362740516662598,-0.07154635531719666,22.248813377437603,"[0.1342114508152008, 1.0]",2.3274107673762034,True
3,25,61.92799377441406,2.863135814666748,-0.029027257459373068,22.189828941257332,"[0.1200208067893982, 1.0]",2.3222815983997207,True
3,26,64.15080261230469,2.8698372840881348,0.022479476445250057,22.330484518642766,"[0.10206589102745056, 1.0]",2.3232960182245175,True
3,27,66.38087463378906,2.95566463470459,0.06857067227319646,22.29280099256163,"[0.013963611796498299, 1.0]",2.3303896259509025,True
3,28,68.60504150390625,3.085367441177368,0.09043495850663863,22.22968975540643,"[-0.15266868472099304, 1.0]",2.3242004740165165,True
3,29,70.82254791259766,3.2013394832611084,0.0650907196767907,22.118354061594495,"[-0.2759583592414856, 1.0]",2.3170390019685816,True
3,30,73.03511047363281,3.260145664215088,0.015893079595320714,22.156518714562836,"[-0.2954678237438202, 1.0]",2.312266895250689,True
3,31,75.25154113769531,3.232560396194458,-0.03629262722921833,22.197753904888184,"[-0.21460804343223572, 1.0]",2.316320556634497,True
3,32,77.47080993652344,3.1157760620117188,-0.08669201875258636,22.304356734749447,"[-0.07545840740203857, 1.0]",2.3196384041344977,True
3,33,79.69232177734375,2.9346768856048584,-0.12327945791447625,22.25466074598566,"[0.11945343017578125, 1.0]",2.321657814177248,True
3,34,81.90901947021484,2.761406421661377,-0.11114942493943847,22.15807063566277,"[0.23501265048980713, 1.0]",2.3164090107315762,True
3,35,84.12348937988281,2.625270128250122,-0.059302072731393984,22.24773576933195,"[0.23325622081756592, 1.0]",2.3145847206299623,True
3,36,86.34481811523438,2.570472478866577,-0.0016990967754706432,22.14607397234374,"[0.2513987123966217, 1.0]",2.3209860682271093,True
3,37,88.55990600585938,2.6040101051330566,0.05446563903375612,22.156599360464146,"[0.18060055375099182, 1.0]",2.3147925877470885,True
3,38,90.77357482910156,2.7247154712677,0.11049535257571463,22.20607296923385,"[0.07274898886680603, 1.0]",2.3135961516037398,True
3,39,92.98895263671875,2.910565137863159,0.15373057445066074,22.34406766320494,"[-0.09922841191291809, 1.0]",2.31592611210161,True
3,40,95.21156311035156,3.1077213287353516,0.1539279146874355,22.23964433966315,"[-0.2823752164840698, 1.0]",2.3226888731612965,True
3,41,97.42408752441406,3.291332960128784,0.10264342157577921,22.067993955339105,"[-0.46244898438453674, 1.0]",2.311830386861526,True
3,42,99.62762451171875,3.41056489944458,0.0335106891545216,22.023224821452256,"[-0.3852148950099945, 1.0]",2.3026414990012225,True
3,43,101.8293228149414,3.4427695274353027,-0.03698038858073094,21.98942512897699,"[-0.22807642817497253, 1.0]",2.3006507163030525,True
3,44,104.0284194946289,3.4090986251831055,-0.09418229247648924,22.006829763363925,"[0.1955205202102661, 1.0]",2.2981274136226375,True
3,45,106.23186492919922,3.3781137466430664,-0.10346181097876084,22.143157007349743,"[0.15203648805618286, 0.9416725635528564]",2.3030896411033863,True
3,46,108.44734954833984,3.3161163330078125,-0.07637000584160258,22.336094552726145,"[0.03963214159011841, 1.0]",2.315997044627893,True
3,47,110.67575073242188,3.1987617015838623,-0.05441623739553503,22.2984764333425,"[-0.004154978320002556, 1.0]",2.3287443280320725,True
3,48,112.9003677368164,3.0621235370635986,-0.056153284216538424,22.249515867222918,"[-0.05997440218925476, 1.0]",2.3247398257970344,True
3,49,115.11856842041016,2.898057222366333,-0.0743434734101065,22.213156790609766,"[-0.006138918921351433, 1.0]",2.318159889151494,True
3,50,117.3384780883789,2.7368664741516113,-0.07474640968303614,22.401285790503092,"[0.0902073085308075, 1.0]",2.320715454026014,True
3,51,119.57302856445312,2.619318723678589,-0.04903984778688297,22.332599193061235,"[0.15546166896820068, 1.0]",10.0,True
4,0,6.6545844078063965,3.5037484169006348,0.0020811272338425724,20.86450967361444,"[0.03267344832420349, 1.0]",1.7484747013376616,True
4,1,8.743508338928223,3.512115478515625,0.004515522786284087,21.0318895154131,"[-0.11589205265045166, 1.0]",2.1835674339411852,True
4,2,10.84870433807373,3.4597833156585693,-0.02849648945412042,21.172470727405038,"[-0.15486791729927063, 1.0]",2.2004721174188306,True
4,3,12.967704772949219,3.3324263095855713,-0.07235249417916378,21.423873210434092,"[-0.040587276220321655, 1.0]",2.2154078643224415,True
4,4,15.105680465698242,3.1594371795654297,-0.09542878502470042,21.596417461705695,"[0.08222642540931702, 1.0]",2.235159571326699,True
4,5,17.262062072753906,2.996811866760254,-0.07861465116637589,21.75227428056809,"[0.13384133577346802, 1.0]",2.2542668413182203,True
4,6,19.437490463256836,2.884831428527832,-0.04373789353069846,21.904788002010633,"[0.13232570886611938, 1.0]",2.2739999365119776,True
4,7,21.630470275878906,2.848787784576416,-0.00307328789795136,22.044117404036925,"[0.11767533421516418, 1.0]",2.2921783409402363,True
4,8,23.838821411132812,2.8967599868774414,0.03963862282279429,22.25144120171334,"[0.06339237093925476, 1.0]",2.3084826206616165,True
4,9,26.059425354003906,3.009227991104126,0.06931569158814632,22.212770954162934,"[-0.03506654500961304, 1.0]",2.320561412164827,True
4,10,28.28111457824707,3.125304698944092,0.05977744698597309,22.352696849167017,"[-0.15318512916564941, 1.0]",2.3222763600644156,True
4,11,30.512741088867188,3.193711280822754,0.0239568650599713,22.27149683510137,"[-0.18876689672470093, 1.0]",2.3318482463780734,True
4,12,32.73855972290039,3.183333158493042,-0.019613781954269882,22.208518123079376,"[-0.12784245610237122, 1.0]",2.3257569655870602,True
4,13,34.96352767944336,3.0978360176086426,-0.059868393937199116,22.439646287324564,"[-0.017465023323893547, 1.0]",2.325946364835929,True
4,14,37.201656341552734,2.9691567420959473,-0.07497837101398197,22.38817795709338,"[0.08313366770744324, 1.0]",2.3388754629162953,True
4,15,39.436561584472656,2.8595101833343506,-0.04937460713590536,22.329384378380116,"[0.11330088973045349, 1.0]",2.3353874726226325,True
4,16,41.66781234741211,2.8162291049957275,-0.007462576848565661,22.27117922401861,"[0.1078149676322937, 1.0]",2.3314710694475367,True
4,17,43.893489837646484,2.857914447784424,0.03911437956221153,22.22207212221768,"[0.06555831432342529, 1.0]",2.3256768147843547,True
4,18,46.117958068847656,2.964367151260376,0.0752942219192656,22.42833461795201,"[-0.030690012499690056, 1.0]",2.325395736981956,True
4,19,48.354732513427734,3.0882771015167236,0.07349538976097136,22.357982745474523,"[-0.15738290548324585, 1.0]",2.3373853669347135,True
4,20,50.58675765991211,3.1800172328948975,0.03758093140654406,22.26968114449152,"[-0.21649321913719177, 1.0]",2.332238711634587,True
4,21,52.81216812133789,3.197006940841675,-0.008149805567860824,22.196596565856204,"[-0.15643048286437988, 1.0]",2.325295145972134,True
4,22,55.03605651855469,3.1285784244537354,-0.055280433169265564,22.39389183818518,"[-0.050051987171173096, 1.0]",2.32466091048863,True
4,23,57.26991271972656,2.998260736465454,-0.0876278535596402,22.348580130968088,"[0.08161044120788574, 1.0]",2.3344248117612314,True
4,24,59.49972915649414,2.8747873306274414,-0.07158616957549313,22.272934196294376,"[0.1705411970615387, 1.0]",2.330044640650903,True
4,25,61.724246978759766,2.7998387813568115,-0.02611216133017269,22.201322808126616,"[0.16178858280181885, 1.0]",2.3244237749021948,True
4,26,63.946720123291016,2.808799982070923,0.025866085245448645,22.282047916315054,"[0.14667770266532898, 1.0]",2.3227423601546677,True
4,27,66.17160034179688,2.902787923812866,0.07588384578460872,22.237256831760327,"[0.03296220302581787, 1.0]",2.324947874248781,True
4,28,68.38909149169922,3.052450656890869,0.10895031966930535,22.179935092077557,"[-0.1466575264930725, 1.0]",2.3173008578166927,True
4,29,70.60304260253906,3.1921260356903076,0.09330731090034305,22.214831861447813,"[-0.3136937916278839, 1.0]",2.313917854216359,True
4,30,72.82403564453125,3.2935967445373535,0.04180816700482737,22.290312411662917,"[-0.2614089548587799, 1.0]",2.3212994478446705,True
4,31,75.05016326904297,3.3143117427825928,-0.012416189634167907,22.18432797652442,"[-0.26757752895355225, 1.0]",2.325957100406079,True
4,32,77.27196502685547,3.2485668659210205,-0.06466075231879653,22.334480927749222,"[-0.050501495599746704, 1.0]",2.3223069219873715,True
4,33,79.50016021728516,3.118884325027466,-0.10400496268308235,22.29230052212239,"[0.07983973622322083, 1.0]",2.328510542779238,True
4,34,81.72273254394531,2.988704204559326,-0.0982244383790114,22.161170885111748,"[0.3363778591156006, 1.0]",2.322297595643159,True
4,35,83.93942260742188,2.886563301086426,-0.048703490541205596,22.251753749714315,"[0.2427031695842743, 1.0]",2.316822955350277,True
4,36,86.1630630493164,2.839020013809204,-0.0024595624247432113,22.218441405803013,"[-0.01017710380256176, 1.0]",2.3236234282206447,True
4,37,88.38882446289062,2.831043243408203,0.017745973923743108,22.403101103652087,"[0.05564579367637634, 1.0]",2.326575368540653,True
4,38,90.62437438964844,2.9000649452209473,0.040738242036887584,22.288093878456607,"[0.2911457419395447, 1.0]",2.3358463492108674,True
4,39,92.84803771972656,3.040294647216797,0.06979732427128749,22.24164644061878,"[0.05623692274093628, 1.0]",2.3237507390609093,True
4,40,95.06291198730469,3.2268691062927246,0.09050526595941655,22.175168017510778,"[-0.12692466378211975, 1.0]",2.3146625236569234,True
4,41,97.27699279785156,3.386690139770508,0.0721736629119647,22.264048589386206,"[-0.2411237210035324, 1.0]",2.314269029199113,True
4,42,99.4974365234375,3.4842634201049805,0.03583163404452527,22.12414561629099,"[-0.3579241931438446, 1.0]",2.320002380859247,True
4,43,101.7120361328125,3.5017874240875244,-0.005831390680891779,22.197954261732097,"[-0.2038087546825409, 1.0]",2.3144904035527945,True
4,44,103.93275451660156,3.434804677963257,-0.04926648279564816,22.29276890019391,"[-0.1490790843963623, 1.0]",2.321035843839935,True
4,45,106.15493774414062,3.2811949253082275,-0.09087051850292127,22.23787205212549,"[-0.09720861911773682, 1.0]",2.322253651773627,True
4,46,108.36732482910156,3.065567970275879,-0.11871240296109953,22.189042500770988,"[0.08891728520393372, 1.0]",2.312237776214407,True
4,47,110.58003234863281,2.864360809326172,-0.09999330997504163,22.30728897570368,"[0.1920253336429596, 1.0]",2.3130903199219164,True
4,48,112.80351257324219,2.7182021141052246,-0.05699763944014791,22.23013296139278,"[0.1811419129371643, 1.0]",2.3235158229356427,True
4,49,115.0239486694336,2.655473470687866,-0.010005762531536178,22.152239416785495,"[0.17761489748954773, 1.0]",2.320121173566941,True
4,50,117.24073791503906,2.6795217990875244,0.038310238071062486,22.209834307560516,"[0.14806115627288818, 1.0]",2.3167334999894913,True
4,51,119.46123504638672,2.790618658065796,0.08686432527511467,22.310706820100098,"[0.07030990719795227, 1.0]",10.0,True
5,0,6.701958656311035,6.996259689331055,-0.002055161413213824,21.33654830328638,"[-0.3312658965587616, 1.0]",1.7979731236758238,True
5,1,8.829913139343262,6.9575347900390625,-0.020709006952564835,21.087422541241597,"[-0.8288016319274902, 0.6991340517997742]",2.222847884467814,True
5,2,10.928069114685059,6.847035884857178,-0.05861497717015318,20.732005440892415,"[-0.9002745151519775, 0.5596734881401062]",2.191449999825813,True
5,3,12.989753723144531,6.654155731201172,-0.10715122119490239,20.590607780490735,"[-0.6828680634498596, 0.9800664186477661]",2.154342343471681,True
5,4,15.02979850769043,6.385103225708008,-0.15691225300497802,20.515022921358707,"[-0.5143789052963257, 1.0]",2.132362387692013,True
5,5,17.0507755279541,6.038066387176514,-0.2034481967349686,20.4643559038025,"[-0.3975048363208771, 1.0]",2.113066621830783,True
5,6,19.051908493041992,5.609076499938965,-0.24726824878529552,20.468022897326836,"[-0.24328860640525818, 1.0]",2.0932390681258615,True
5,7,21.037643432617188,5.095395088195801,-0.28875670330125836,20.653377702265992,"[-0.037076741456985474, 1.0]",2.078675139235392,True
5,8,23.02166748046875,4.517279624938965,-0.3145924285102808,20.750386711769327,"[0.1457461416721344, 1.0]",2.0774007880545247,True
5,9,25.017292022705078,3.94210147857666,-0.29305278161371984,20.85064301810622,"[0.25747108459472656, 1.0]",2.089452435817806,True
5,10,27.035554885864258,3.4143760204315186,-0.24853045398393903,20.901794339906353,"[0.32175737619400024, 1.0]",2.112320937688758,True
5,11,29.07630157470703,2.964362859725952,-0.2002059312658515,20.89039107255202,"[0.3951229453086853, 1.0]",2.1347534486692576,True
5,12,31.13217544555664,2.5987188816070557,-0.15238434651962507,20.850057020367686,"[0.41549941897392273, 1.0]",2.149699127441264,True
5,13,33.197017669677734,2.317657232284546,-0.10586837649781078,20.797918849189752,"[0.40604355931282043, 1.0]",2.1584328589424477,True
5,14,35.266517639160156,2.122387647628784,-0.06072899444345836,20.74693784136875,"[0.3789559304714203, 1.0]",2.162861189768581,True
5,15,37.33746337890625,2.013773202896118,-0.016808008587817724,20.705838207439392,"[0.34185704588890076, 1.0]",2.164122011679571,True
5,16,39.407474517822266,1.9923694133758545,0.02610124236970357,20.68620695013054,"[0.2871006429195404, 1.0]",2.163099070191603,True
5,17,41.47506332397461,2.0585427284240723,0.06811327435597558,20.69138751650998,"[0.23519060015678406, 1.0]",2.1607000499766387,True
5,18,43.5390739440918,2.212554931640625,0.109178685732779,20.725955357027537,"[0.1846846044063568, 1.0]",2.1572774192238113,True
5,19,45.59941864013672,2.454822540283203,0.14927217646975866,20.822342548070477,"[0.10308587551116943, 1.0]",2.154045237511239,True
5,20,47.66293716430664,2.768491506576538,0.17872407496494525,21.06324372998089,"[-0.02776270918548107, 1.0]",2.158303120954836,True
5,21,49.74332809448242,3.107193946838379,0.17346366602176566,21.17247496959169,"[-0.23006856441497803, 1.0]",2.175667067538944,True
5,22,51.83973693847656,3.4111366271972656,0.13990597207400413,21.23372987048362,"[-0.3339138329029083, 1.0]",2.2003219577197055,True
5,23,53.93671798706055,3.6453440189361572,0.10045829790136906,20.68831205522042,"[-1.0, -0.17379538714885712]",2.0444792036417754,True
5,24,55.98491668701172,3.8051886558532715,0.06347884142701954,20.006751471606133,"[-1.0, -0.36067095398902893]",1.820660975431987,True
5,25,57.96955490112305,3.892902135848999,0.02469922121383128,19.31329266378019,"[-1.0, -0.3941197395324707]",1.9865359596317411,True
5,26,59.88707733154297,3.908811569213867,-0.0165021445366218,18.641577777923715,"[-1.0, -0.41004541516304016]",1.735564014087694,True
5,27,61.737274169921875,3.856410503387451,-0.05771576082808849,17.987397359542555,"[-1.0, -0.4209732413291931]",1.5228270868571414,True
5,28,63.51883316040039,3.739047050476074,-0.09750165645916375,17.324670654026804,"[-1.0, -0.4282476305961609]",1.3450052938890253,True
5,29,65.22824096679688,3.5592942237854004,-0.1355796668831708,16.64699153449428,"[-1.0, -0.43243420124053955]",1.196716671266288,True
5,30,66.86166381835938,3.320657730102539,-0.17254314439098017,15.951439914847489,"[-1.0, -0.4349384009838104]",1.0726880207604028,True
5,31,68.4149169921875,3.0272083282470703,-0.2091918362579417,15.231205110135425,"[-1.0, -0.4345936179161072]",0.9681529524303324,True
5,32,69.88336181640625,2.6834118366241455,-0.2464539872820044,14.484583402155803,"[-1.0, -0.43614038825035095]",0.8791020203640376,True
5,33,71.26258087158203,2.294353485107422,-0.285382611358183,13.717282133898703,"[-1.0, -0.4373871982097626]",0.8023827719198836,True
5,34,72.5489501953125,1.8654193878173828,-0.32692006803820295,12.936429814511664,"[-1.0, -0.44200554490089417]",0.7357416552681364,True
5,35,73.73975372314453,1.4019702672958374,-0.3716820801660914,12.151343856573435,"[-1.0, -0.4428386688232422]",0.6775116138160293,True
5,36,74.83307647705078,0.9091169834136963,-0.41986838482360334,11.365840419746734,"[-1.0, -0.44362396001815796]",0.6263807833652514,True
5,37,75.8274154663086,0.3920463025569916,-0.47145008671291233,10.581750409072976,"[-1.0, -0.4431612193584442]",0.5809929979514517,True
5,38,76.7215347290039,-0.14369772374629974,-0.5263535494298761,9.797967936852885,"[-1.0, -0.44356346130371094]",0.5400372272726144,True
5,39,77.51435089111328,-0.6919618248939514,-0.584571981913717,9.013062351047987,"[-1.0, -0.44305330514907837]",0.502252169407314,True
5,40,78.20503234863281,-1.2458549737930298,-0.6462210985137986,8.224197599781046,"[-1.0, -0.44505545496940613]",0.4664914488814237,True
5,41,78.79306030273438,-1.797545313835144,-0.7115678811293993,7.4290231217770675,"[-1.0, -0.44943317770957947]",0.4316293946730243,True
5,42,79.27849578857422,-2.3382580280303955,-0.7810068770760168,6.627087922048728,"[-1.0, -0.4513603448867798]",0.3966628869446062,True
5,43,79.66222381591797,-2.858248710632324,-0.8549844321523468,5.8154939059350825,"[-1.0, -0.45346131920814514]",-5.0,False
6,0,6.6561431884765625,0.0038143384736031294,0.0021033646289447816,20.7982885538676,"[0.15123966336250305, 1.0]",1.7497354869689667,True
6,1,8.734912872314453,0.04468763619661331,0.022170682916854645,20.78126394665425,"[0.4135296046733856, 1.0]",2.1722853715978347,True
6,2,10.807600021362305,0.16623058915138245,0.06565677456648622,20.700866862345887,"[0.4774119257926941, 1.0]",2.165841049928408,True
6,3,12.864977836608887,0.3792482018470764,0.12087821871760696,20.620724134121076,"[0.5000067353248596, 1.0]",2.1501710738501267,True
6,4,14.905226707458496,0.6708471775054932,0.17688542854835454,20.559318770836114,"[0.38790902495384216, 1.0]",2.132765805318372,True
6,5,16.927001953125,1.0419104099273682,0.23090019440955967,20.531347697499935,"[0.2356637418270111, 1.0]",2.1141663103052535,True
6,6,18.930400848388672,1.4967118501663208,0.28349669383224274,20.577338753406593,"[0.07193395495414734, 1.0]",2.0959969196540014,True
6,7,20.922504425048828,2.015188217163086,0.3229126763879062,20.62792531455726,"[-0.1664160192012787, 1.0]",2.084929240575664,True
6,8,22.918365478515625,2.5295791625976562,0.31250570863814886,20.592423641191104,"[-0.4033621847629547, 1.0]",2.0885269598521568,True
6,9,24.917509078979492,3.023366689682007,0.2542534540084649,20.590741707955765,"[-0.48083367943763733, 1.0]",2.091801938149668,True
6,10,26.93110466003418,3.447384834289551,0.18739426220980704,20.51863306447318,"[-0.4934403598308563, 1.0]",2.105929429844817,True
6,11,28.952545166015625,3.7864792346954346,0.12268171140780826,20.406697587740016,"[-0.456549733877182, 1.0]",2.1132706451262755,True
6,12,30.975194931030273,4.038773536682129,0.0593601296431574,20.28678331926169,"[-0.3928278684616089, 1.0]",2.113940289951326,True
6,13,32.994972229003906,4.204436779022217,-0.0032956618489734524,20.176735688885923,"[-0.3026200234889984, 1.0]",2.1105726085736194,True
6,14,35.00960922241211,4.28287935256958,-0.06550204490715306,20.094638655996018,"[-0.1802436113357544, 1.0]",2.105062867360185,True
6,15,37.0186882019043,4.273531436920166,-0.1274775318988226,20.06373861378681,"[-0.03494763374328613, 1.0]",2.099365803254228,True
6,16,39.025421142578125,4.180102348327637,-0.18621195184386607,20.14921129405428,"[0.09929487109184265, 1.0]",2.0974043914970726,True
6,17,41.03596878051758,4.025679111480713,-0.22727776269483435,20.243556967813838,"[0.21077346801757812, 1.0]",2.1016436442946156,True
6,18,43.05351638793945,3.8565330505371094,-0.22501021418468525,20.28483544764429,"[0.27661943435668945, 1.0]",2.1088293669362743,True
6,19,45.07793045043945,3.689818859100342,-0.16985548221887203,20.420551114707123,"[0.23632097244262695, 1.0]",2.116306542516182,True
6,20,47.11696243286133,3.5462636947631836,-0.07573843718909057,20.493872468987576,"[0.27670589089393616, 1.0]",2.1312544085323193,True
6,21,49.16525650024414,3.481765031814575,0.019120564520386907,20.474905353726633,"[0.2179824411869049, 1.0]",2.1404311414745822,True
6,22,51.213233947753906,3.5069961547851562,0.11253959502845934,20.47436848855862,"[0.06493473052978516, 1.0]",2.138463762672987,True
6,23,53.25120544433594,3.620528221130371,0.2049964254346861,20.197613393069382,"[0.5971741676330566, 1.0]",2.125980793822736,True
6,24,55.25477981567383,3.8113303184509277,0.2947075367570404,19.84282578617755,"[0.6807036399841309, 1.0]",2.0806547346115023,True
6,25,57.21343231201172,4.074113368988037,0.3822625528608672,19.436807295352615,"[0.69379061460495, 1.0]",2.0175479142956476,True
6,26,59.11967468261719,4.40482759475708,0.4678942340254384,18.988757529533984,"[0.7066141963005066, 1.0]",1.9422618342206677,True
6,27,60.967437744140625,4.798279762268066,0.5512375274443322,18.504729437176,"[0.7294259667396545, 1.0]",1.8584453384254669,True
6,28,62.751564025878906,5.248324394226074,0.6316784413282299,17.982238987543322,"[0.7615060806274414, 1.0]",1.768860388699071,True
6,29,64.46715545654297,5.748443603515625,0.7088286867901985,17.422145631536925,"[0.800961971282959, 1.0]",1.9084613070559737,True
6,30,66.10995483398438,6.2917046546936035,0.7823652223900117,16.827697100638538,"[0.8425233364105225, 1.0]",1.799903672198816,True
6,31,67.676513671875,6.871035099029541,0.8520008927831313,16.202915489426683,"[0.8827604055404663, 1.0]",1.6913687200527254,True
6,32,69.16415405273438,7.4795026779174805,0.9174552671067717,15.553568445408445,"[0.9165695905685425, 1.0]",1.584520945566976,True
6,33,70.57106018066406,8.110575675964355,0.9784435202823492,14.885369389318496,"[0.9446372985839844, 1.0]",1.4808159369641298,True
6,34,71.89608001708984,8.758230209350586,1.0346670120831245,14.20239537947506,"[0.9681858420372009, 1.0]",1.381248543936887,True
6,35,73.13855743408203,9.41698169708252,1.0858646861432444,13.508010525206604,"[0.9872148036956787, 0.9946763515472412]",0.9744492153043652,True
6,36,74.29813385009766,10.0819673538208,1.1318674650230003,12.80636711360751,"[0.9956538677215576, 0.9913411736488342]",0.9067682177175859,True
6,37,75.37464904785156,10.74910831451416,1.1726153277293259,12.101373253465416,"[1.0, 0.9892345666885376]",0.8431041865203625,True
6,38,76.36812591552734,11.414955139160156,1.2080789462007164,11.397052248919307,"[1.0, 0.9872876405715942]",0.7835254701916132,True
6,39,77.27870178222656,12.07666301727295,1.2382469354235113,10.697025978092064,"[1.0, 0.9887694120407104]",0.7280179829330939,True
6,40,78.10653686523438,12.731867790222168,1.2631105735451413,10.005399366679104,"[1.0, 0.9866090416908264]",0.6764516308432699,True
6,41,78.85182189941406,13.378677368164062,1.2826588084470814,9.32745877384117,"[1.0, 0.9855784177780151]",0.6287003328688935,True
6,42,79.51475524902344,14.015693664550781,1.296886929663155,8.669940695719411,"[1.0, 0.9838746786117554]",0.5846610873679721,True
6,43,80.09552001953125,14.642027854919434,1.305793023046327,8.041679178666596,"[1.0, 0.9813244342803955]",0.544262799214152,True
6,44,80.5942611694336,15.257357597351074,1.309371279576471,7.454829758718472,"[1.0, 0.9812129735946655]",0.5075035740024679,True
6,45,81.01109313964844,15.862024307250977,1.3076060864716963,6.926705951395502,"[1.0, 0.976259708404541]",0.4744956136473659,True
6,46,81.34623718261719,16.45730972290039,1.3004788348938856,6.486508905229854,"[1.0, 0.9702225923538208]",0.4456313911970883,True
6,47,81.60052490234375,17.046640396118164,1.2881671243982336,6.203899605628657,"[1.0, 0.9660232663154602]",0.42232701022978986,True
6,48,81.788818359375,17.63386344909668,1.2792701024075237,6.030646458130203,"[1.0, 0.9610028266906738]",0.40695184904424336,True
6,49,81.93428039550781,18.215797424316406,1.2898181844055419,5.8760868833325866,"[1.0, 0.9603325128555298]",0.3956358799645167,True
6,50,82.03839874267578,18.791147232055664,1.3225172252835913,5.743099470217588,"[1.0, 0.9582798480987549]",-5.0,False
7,0,6.758571624755859,3.5037591457366943,0.0020809940757882117,22.164465761500892,"[0.03267344832420349, 1.0]",1.8583117206826134,True
7,1,8.977248191833496,3.513225793838501,0.0048653289954661005,22.317495987604193,"[-0.12684372067451477, 1.0]",2.3191052990218557,True
7,2,11.20528507232666,3.4622232913970947,-0.027729632218232325,22.22593135171554,"[-0.1695254147052765, 1.0]",2.328053571575884,True
7,3,13.423480987548828,3.332181692123413,-0.07413974158671621,22.186259730268567,"[-0.05205798149108887, 1.0]",2.3180340840083766,True
7,4,15.637568473815918,3.153189182281494,-0.10752246585085956,22.316154706774665,"[0.0837983787059784, 1.0]",2.314510182447576,True
7,5,17.860132217407227,2.9809861183166504,-0.0942973410355803,22.247449200975474,"[0.16185754537582397, 1.0]",2.3226772649956984,True
7,6,20.07965660095215,2.850537061691284,-0.05260981522813424,22.180949481831306,"[0.15306922793388367, 1.0]",2.3193386562131626,True
7,7,22.29981803894043,2.7991232872009277,-0.004185823443331849,22.2781578884405,"[0.14409089088439941, 1.0]",2.3204131484862636,True
7,8,24.525531768798828,2.837897777557373,0.045266148522240535,22.224349612884005,"[0.08257746696472168, 1.0]",2.3257233031163764,True
7,9,26.744779586791992,2.945636749267578,0.08425762320014485,22.18963542034891,"[-0.02738317660987377, 1.0]",2.3191011773847343,True
7,10,28.96166229248047,3.0758442878723145,0.09073363202289109,22.284417790371627,"[-0.16844186186790466, 1.0]",2.317162585745149,True
7,11,31.184518814086914,3.185506582260132,0.0530082241272094,22.189981679657507,"[-0.2446785569190979, 1.0]",2.322711439164904,True
7,12,33.405303955078125,3.225878953933716,0.002726810640131916,22.259509407401115,"[-0.20353829860687256, 1.0]",2.320952933324516,True
7,13,35.62910079956055,3.1783370971679688,-0.048497095556724545,22.205147379605044,"[-0.08662140369415283, 1.0]",2.323720007690645,True
7,14,37.850921630859375,3.065340042114258,-0.08760947774811889,22.388177150956636,"[0.04748493432998657, 1.0]",2.322567628478133,True
7,15,40.08378982543945,2.9380977153778076,-0.08647390585930914,22.3235536952706,"[0.1346166431903839, 1.0]",2.3333241862087957,True
7,16,42.31264877319336,2.8372907638549805,-0.04469037309456514,22.265263423603074,"[0.12216532230377197, 1.0]",2.3290526331601202,True
7,17,44.537696838378906,2.8120217323303223,0.007130480660632266,22.20414536955421,"[0.11975207924842834, 1.0]",2.324966719348541,True
7,18,46.761924743652344,2.87406063079834,0.05975787275196076,22.372490663705605,"[0.051150351762771606, 1.0]",2.324904113260113,True
7,19,48.99408721923828,3.0002424716949463,0.09855280614141826,22.3305481074417,"[-0.07619243860244751, 1.0]",2.332649942069425,True
7,20,51.221588134765625,3.1271634101867676,0.09135028697329872,22.238684185805848,"[-0.22436308860778809, 1.0]",2.32757499436347,True
7,21,53.4412727355957,3.223191022872925,0.04297303366562755,22.13848699692666,"[-0.2562204599380493, 1.0]",2.319307792316248,True
7,22,55.657108306884766,3.2405331134796143,-0.014401576226821255,22.198253499923105,"[-0.17525020241737366, 1.0]",2.3157277120387163,True
7,23,57.88036346435547,3.173656940460205,-0.06933246950301353,22.374074863678565,"[-0.028445420786738396, 1.0]",2.3239384943572565,True
7,24,60.11246109008789,3.0468382835388184,-0.10558355141922693,22.325672874080535,"[0.10646694898605347, 1.0]",2.3325631536657845,True
7,25,62.3402214050293,2.925448417663574,-0.09245496619346305,22.249657391205883,"[0.176866352558136, 1.0]",2.3278837732018327,True
7,26,64.56208801269531,2.838132381439209,-0.03819518951197054,22.18297665028882,"[0.15829169750213623, 1.0]",2.3216900025923155,True
7,27,66.78295135498047,2.832413911819458,0.024090023114474945,22.265559462149177,"[0.12699076533317566, 1.0]",2.3210583598648276,True
7,28,69.00733184814453,2.902775526046753,0.07941852634141622,22.22448724466715,"[-0.007479874417185783, 1.0]",2.3243906857650645,True
7,29,71.22544860839844,3.0146565437316895,0.10942635971415715,22.154374587428737,"[-0.19482102990150452, 1.0]",2.317811445897336,True
7,30,73.43812561035156,3.116347074508667,0.08972176396671472,22.160061840167696,"[-0.3532586395740509, 1.0]",2.3123972802338795,True
7,31,75.65412139892578,3.1855807304382324,0.030364696958811166,22.199519516703447,"[-0.3534647524356842, 1.0]",2.3158936263993843,True
7,32,77.8759765625,3.1748976707458496,-0.032036096858944596,22.26923688571159,"[-0.1439974009990692, 1.0]",2.322066729559921,True
7,33,80.10045623779297,3.094263792037964,-0.0823603872395724,22.232179050472904,"[0.030947895720601082, 1.0]",2.324524481020097,True
7,34,82.32006072998047,2.9876599311828613,-0.10008425692626766,22.18076340833149,"[0.10465794801712036, 1.0]",2.3194179275249915,True
7,35,84.53813934326172,2.886375665664673,-0.07088682347323871,22.28966365438277,"[0.21079283952713013, 1.0]",2.3183820997259725,True
7,36,86.7642593383789,2.8328888416290283,-0.01458653276452715,22.220709526380983,"[0.17476841807365417, 1.0]",2.326113187985902,True
7,37,88.99162292480469,2.858084201812744,0.03896004937704145,22.418993779095292,"[0.045132189989089966, 1.0]",2.32824905843171,True
7,38,91.23025512695312,2.9426870346069336,0.07425558909413432,22.375912110675646,"[-0.07654044032096863, 1.0]",2.339323806646478,True
7,39,93.46392822265625,3.0489115715026855,0.07486465403543541,22.319187913020787,"[0.044098466634750366, 1.0]",2.3341094413117185,True
7,40,95.68832397460938,3.2213969230651855,0.08239926939148745,22.278846780599142,"[0.025764288380742073, 1.0]",2.324650562465821,True
7,41,97.9056167602539,3.413254737854004,0.08680853205027717,22.17943250568297,"[-0.2294115424156189, 1.0]",2.317100231920105,True
7,42,100.12069702148438,3.56229567527771,0.06358736524144071,22.255873942351606,"[-0.27312931418418884, 1.0]",2.315231693971051,True
7,43,102.3423843383789,3.6668753623962402,0.04036593211649464,22.207572845093328,"[0.05423128604888916, 1.0]",2.321621394697451,True
7,44,104.56361389160156,3.770746946334839,0.043437355801683175,22.327287258355707,"[-0.16579321026802063, 1.0]",2.321702345885257,True
7,45,106.79183197021484,3.827343702316284,0.023963522962696437,22.19115097730502,"[-0.3606848418712616, 1.0]",2.328078258011154,True
7,46,109.0119400024414,3.8209710121154785,-0.009737848525874782,22.208164060421062,"[-0.40169423818588257, 1.0]",2.3200447704984573,True
7,47,111.2319564819336,3.7385218143463135,-0.04948859043056064,22.241640832608653,"[-0.3168013393878937, 1.0]",2.3201038632389266,True
7,48,113.44806671142578,3.57354736328125,-0.09078276734500257,22.17087543018444,"[-0.15827351808547974, 1.0]",2.3158791689280176,True
7,49,115.65380859375,3.3229925632476807,-0.13248161158708172,22.281437018409076,"[-0.12609288096427917, 1.0]",2.3060083489070595,True
7,50,117.85802459716797,3.007678747177124,-0.16217758879617428,22.23487696564579,"[0.07587885856628418, 1.0]",10.0,True
8,0,6.7725419998168945,6.996257305145264,-0.0020524982521239465,22.217611665792237,"[-0.3312658965587616, 1.0]",1.8725212523129595,True
8,1,8.98835277557373,6.957464218139648,-0.020545222545525377,21.955984081784205,"[-0.8441224694252014, 0.6713536381721497]",2.314612704124865,True
8,2,11.173086166381836,6.846794605255127,-0.057671552353992794,21.582194803369585,"[-0.9198876619338989, 0.5206847786903381]",2.2818532674232688,True
8,3,13.319737434387207,6.653890609741211,-0.10496543173021955,21.42186191098556,"[-0.7048130035400391, 0.9425112009048462]",2.243049646604806,True
8,4,15.443411827087402,6.385215759277344,-0.1534328330407897,21.333501212644364,"[-0.5310887098312378, 1.0]",2.219675148157095,True
8,5,17.547224044799805,6.038863182067871,-0.19867274942629276,21.2689684227249,"[-0.41464963555336, 1.0]",2.1995225756146644,True
8,6,19.63038444519043,5.610876560211182,-0.24113512195289744,21.253648935415296,"[-0.2662765681743622, 1.0]",2.1788018205999937,True
8,7,21.695566177368164,5.097353458404541,-0.28211730954563663,21.370701516244445,"[-0.0618533194065094, 1.0]",2.1613498890008342,True
8,8,23.7540283203125,4.517776012420654,-0.3098936802409993,21.464439842364335,"[0.1313989758491516, 1.0]",2.1550521222349754,True
8,9,25.823070526123047,3.9408059120178223,-0.2892122370057164,21.559134111192773,"[0.2542855739593506, 1.0]",2.1660583093109143,True
8,10,27.913175582885742,3.407865524291992,-0.24224472802107933,21.60933612324857,"[0.3175460696220398, 1.0]",2.187347069317314,True
8,11,30.025314331054688,2.953620433807373,-0.19242071245122272,21.589476033593364,"[0.39095285534858704, 1.0]",2.2092913903201152,True
8,12,32.15129089355469,2.5845189094543457,-0.14358153385247796,21.53465742081502,"[0.407653272151947, 1.0]",2.2228825208936676,True
8,13,34.284461975097656,2.300360918045044,-0.09588991136744696,21.464866608450645,"[0.39641135931015015, 1.0]",2.2297629812809965,True
8,14,36.4202766418457,2.1022708415985107,-0.04937207713286984,21.392316134241,"[0.3690263330936432, 1.0]",2.2320800893521313,True
8,15,38.555233001708984,1.991047978401184,-0.003887549401243362,21.3262361159863,"[0.32880812883377075, 1.0]",2.2309244223852196,True
8,16,40.686649322509766,1.9671618938446045,0.04077099891829583,21.27479382205123,"[0.277405709028244, 1.0]",2.227152893000012,True
8,17,42.81256866455078,2.030855417251587,0.08471781743651086,21.246000640818018,"[0.21518847346305847, 1.0]",2.2215263449246967,True
8,18,44.93187713623047,2.1823275089263916,0.12799178830531766,21.251403571124577,"[0.13963055610656738, 1.0]",2.2149397877497483,True
8,19,47.0452880859375,2.422032594680786,0.17058705257031725,21.333175683629687,"[0.04077848792076111, 1.0]",2.209410240283365,True
8,20,49.15913009643555,2.727851152420044,0.20002829842114345,21.48375620793513,"[-0.10277053713798523, 1.0]",2.210518913433755,True
8,21,51.284976959228516,3.0391550064086914,0.182215345995985,21.55185027499297,"[-0.2676835358142853, 1.0]",2.313681598241551,True
8,22,53.409637451171875,3.320307970046997,0.12943322424532244,21.076417809086408,"[-1.0, -0.12041649222373962]",2.1517288276236792,True
8,23,55.493831634521484,3.5283915996551514,0.07734445648446275,20.471969302282336,"[-1.0, -0.34701669216156006]",1.9167651587626884,True
8,24,57.524444580078125,3.6612584590911865,0.026211630396886676,19.872487978397672,"[-1.0, -0.38813111186027527]",2.0902656145948386,True
8,25,59.49911117553711,3.7198731899261475,-0.024700286478267053,19.298967661753515,"[-1.0, -0.4065040349960327]",1.8231183747727169,True
8,26,61.41765213012695,3.7079498767852783,-0.07316142936027514,18.73870645386067,"[-1.0, -0.41784775257110596]",1.5958696143231923,True
8,27,63.27839660644531,3.628401279449463,-0.11784967192596874,18.171404993812416,"[-1.0, -0.4267449975013733]",1.4059935269326815,True
8,28,65.07810974121094,3.483311891555786,-0.15833065260155443,17.596131345783874,"[-1.0, -0.42884913086891174]",1.2485592876815117,True
8,29,66.81355285644531,3.2754883766174316,-0.19499838607030995,17.010767547716835,"[-1.0, -0.4321194589138031]",1.1181288358289563,True
8,30,68.48123931884766,3.0079843997955322,-0.22826792598812506,16.408387103931982,"[-1.0, -0.43327751755714417]",1.0096075452718092,True
8,31,70.07686614990234,2.6840527057647705,-0.25851863965228095,15.774878985902516,"[-1.0, -0.44440528750419617]",0.9183999740737167,True
8,32,71.59505462646484,2.3078532218933105,-0.2864364242015274,15.10000423437953,"[-1.0, -0.44125980138778687]",0.8403271317307511,True
8,33,73.02932739257812,1.8848227262496948,-0.31327256587403696,14.359529362027804,"[-1.0, -0.4442504942417145]",0.7717948561523628,True
8,34,74.37191772460938,1.4226973056793213,-0.34145160652622053,13.552243560108257,"[-1.0, -0.4452876150608063]",0.7093999494464454,True
8,35,75.6163101196289,0.9301081895828247,-0.37455975888197646,12.713095331412147,"[-1.0, -0.44640806317329407]",0.6519369548036633,True
8,36,76.75930786132812,0.4133679270744324,-0.41497522579474655,11.876530749024882,"[-1.0, -0.4479994475841522]",0.6005023844540256,True
8,37,77.80013275146484,-0.12348568439483643,-0.46237230266321383,11.060756609757743,"[-1.0, -0.4464767575263977]",0.5556392728063815,True
8,38,78.7391586303711,-0.676709771156311,-0.5152203376508551,10.260258251226485,"[-1.0, -0.44951558113098145]",0.5164238940994708,True
8,39,79.57620239257812,-1.2419179677963257,-0.5724214425982854,9.46820747529121,"[-1.0, -0.44754931330680847]",0.4813112934306312,True
8,40,80.31079864501953,-1.8137847185134888,-0.6333045009108051,8.683980896922945,"[-1.0, -0.4402364194393158]",0.4489497602297101,True
8,41,80.94287109375,-2.3857858180999756,-0.6976997360689214,7.8986181130412225,"[-1.0, -0.4459686279296875]",-5.0,False
9,0,6.643478870391846,6.996259689331055,-0.0020579577323589504,20.600930150715744,"[-0.3312658965587616, 1.0]",1.7361830560700666,True
9,1,8.697969436645508,6.95753288269043,-0.020881313475093144,20.356293976283595,"[-0.8153723478317261, 0.7232139110565186]",2.1460938891469383,True
9,2,10.72313404083252,6.8469767570495605,-0.05955680408966035,20.011983576892625,"[-0.8829154968261719, 0.5935584306716919]",2.1152185302830286,True
9,3,12.712651252746582,6.653868198394775,-0.10931330852588239,19.879920285636647,"[-0.6640481948852539, 1.0]",2.0789768531994275,True
9,4,14.68101978302002,6.384334087371826,-0.16035265765919693,19.810025835911397,"[-0.5005118250846863, 1.0]",2.057513646535039,True
9,5,16.630455017089844,6.036656379699707,-0.20819861032939713,19.766553405457813,"[-0.3819495141506195, 1.0]",2.0383847243943842,True
9,6,18.56023597717285,5.6068501472473145,-0.25341149562983567,19.782241839101097,"[-0.22180986404418945, 1.0]",2.018801048358963,True
9,7,20.47692108154297,5.097755432128906,-0.29300910577184247,19.995925377784527,"[-0.014814881607890129, 1.0]",2.0066667685701476,True
9,8,22.39724349975586,4.535246849060059,-0.3093643769743455,20.11527905546722,"[0.15261071920394897, 1.0]",2.010841173962493,True
9,9,24.333213806152344,3.9821133613586426,-0.2828868299426146,20.221425218743725,"[0.23225313425064087, 1.0]",2.026966719880831,True
9,10,26.294292449951172,3.4848546981811523,-0.24029542726119502,20.273467087403052,"[0.3030083477497101, 1.0]",2.052309245692142,True
9,11,28.277685165405273,3.0655875205993652,-0.19355242275645246,20.27794762965036,"[0.3606858551502228, 1.0]",2.0746434797875284,True
9,12,30.277132034301758,2.730018138885498,-0.1466158064404599,20.264654805555313,"[0.37578731775283813, 1.0]",2.0906378155214833,True
9,13,32.287540435791016,2.4791419506073,-0.1009006489584312,20.24653382122971,"[0.36296287178993225, 1.0]",2.1015178036847915,True
9,14,34.30516052246094,2.3142151832580566,-0.056532252039657394,20.23637605334854,"[0.33247649669647217, 1.0]",2.1086837789099904,True
9,15,36.32736587524414,2.236116647720337,-0.013353356021766238,20.244685478677106,"[0.2897660732269287, 1.0]",2.11330643743725,True
9,16,38.35246276855469,2.24546480178833,0.028789703490137875,20.281637970830165,"[0.23712879419326782, 1.0]",2.116364264179283,True
9,17,40.37979507446289,2.3427274227142334,0.0699276860066469,20.360677890718907,"[0.1745266616344452, 1.0]",2.1189553564164383,True
9,18,42.41049575805664,2.528120279312134,0.11020613328133244,20.51115925807137,"[0.09711536765098572, 1.0]",2.123000900255071,True
9,19,44.451011657714844,2.7833051681518555,0.1405415354681523,20.77448661536133,"[-0.010690627619624138, 1.0]",2.134001089427329,True
9,20,46.51226043701172,3.058774471282959,0.13908039213607992,20.914548324849033,"[-0.15170657634735107, 1.0]",2.1553642467586958,True
9,21,48.59172439575195,3.2970194816589355,0.11069548913163452,21.007789293753145,"[-0.24634656310081482, 1.0]",2.1739990105621234,True
9,22,50.68672561645508,3.466407537460327,0.07171093867256317,21.06529498570974,"[-0.27766528725624084, 1.0]",2.2070996516294654,True
9,23,52.78355026245117,3.5578858852386475,0.030314629530317383,20.750063248115996,"[-1.0, 0.09053215384483337]",2.1392110475917923,True
9,24,54.84574508666992,3.576151132583618,-0.005722067918144447,20.165677930030377,"[-1.0, -0.2883889377117157]",1.9853498124313398,True
9,25,56.848236083984375,3.5254321098327637,-0.03916311541015993,19.501253031774173,"[-1.0, -0.359550803899765]",1.7868300237997166,True
9,26,58.7805061340332,3.407221555709839,-0.0737815464201006,18.798585812305113,"[-1.0, -0.39057761430740356]",1.9737205978621353,True
9,27,60.637237548828125,3.223935604095459,-0.11039335350596424,18.104407910396635,"[-1.0, -0.4070402979850769]",1.7405925271862994,True
9,28,62.41708755493164,2.980363368988037,-0.14769918037190344,17.409200931132172,"[-1.0, -0.42114168405532837]",1.5371056654407287,True
9,29,64.11748504638672,2.6804749965667725,-0.18510460946261187,16.6987016056683,"[-1.0, -0.4281187653541565]",1.3628491582583158,True
9,30,65.73480987548828,2.327880620956421,-0.2229987286133488,15.974574255080773,"[-1.0, -0.4318930208683014]",1.2149730513229704,True
9,31,67.2657699584961,1.9266401529312134,-0.2620250907015338,15.23846334878545,"[-1.0, -0.43299591541290283]",1.0899694908873487,True
9,32,68.70722961425781,1.4809553623199463,-0.3027869017140681,14.491572033241853,"[-1.0, -0.4380907416343689]",0.9841997801065607,True
9,33,70.05648803710938,0.995216965675354,-0.3457444890453738,13.741732701099927,"[-1.0, -0.4384802579879761]",0.894415127147126,True
9,34,71.31156921386719,0.47391289472579956,-0.39104845445509273,12.991877515581207,"[-1.0, -0.43950822949409485]",0.8178979670563273,True
9,35,72.4708480834961,-0.0781695768237114,-0.4386581847366031,12.241034101143432,"[-1.0, -0.44065114855766296]",0.7520655836575032,True
9,36,73.53272247314453,-0.6559310555458069,-0.48861762204789017,11.487456250510629,"[-1.0, -0.443206787109375]",0.6946823757439206,True
9,37,74.49567413330078,-1.2538402080535889,-0.541090417637939,10.731464824959984,"[-1.0, -0.44283679127693176]",0.6438796187587874,True
9,38,75.35839080810547,-1.865938425064087,-0.5962933528194831,9.972044143604318,"[-1.0, -0.4430404603481293]",0.5981377741194648,True
9,39,76.11982727050781,-2.4857027530670166,-0.6544868847471319,9.209405209647217,"[-1.0, -0.4416794776916504]",0.5561123867278255,True
9,40,76.77937316894531,-3.1060428619384766,-0.7159751464173718,8.443095020274797,"[-1.0, -0.44020596146583557]",0.5166614434510729,True
9,41,77.33686065673828,-3.719184637069702,-0.7811309803828141,7.672735310576265,"[-1.0, -0.44001469016075134]",0.47869310176117236,True
9,42,77.7928237915039,-4.3166399002075195,-0.850459721460302,6.899339024523359,"[-1.0, -0.44041207432746887]",0.44121606797832,True
9,43,78.14867401123047,-4.889255523681641,-0.9245469987735433,6.1239517101068754,"[-1.0, -0.4380437135696411]",-5.0,False
10,0,6.734428882598877,6.9962592124938965,-0.0020534303585053593,21.744264812367707,"[-0.3312658965587616, 1.0]",1.8322780742545317,True
10,1,8.90308666229248,6.957528114318848,-0.020618858949665864,21.491913616599298,"[-0.8359978199005127, 0.6861284375190735]",2.2653713909683004,True
10,2,11.041608810424805,6.847033500671387,-0.058118164468799804,21.129877266096745,"[-0.9095525145530701, 0.5413253903388977]",2.2336065958297597,True
10,3,13.143120765686035,6.654263496398926,-0.1060171140446915,20.98180877838285,"[-0.693251371383667, 0.9623415470123291]",2.1959300947639533,True
10,4,15.222586631774902,6.385490417480469,-0.15511794822053737,20.902293456255908,"[-0.5223795771598816, 1.0]",2.1735261866420186,True
10,5,17.282825469970703,6.038839340209961,-0.20098437325248142,20.847128570372966,"[-0.40589824318885803, 1.0]",2.154050916762479,True
10,6,19.323043823242188,5.610343933105469,-0.24409309497564813,20.843912539141325,"[-0.2547381520271301, 1.0]",2.1340159596976203,True
10,7,21.346681594848633,5.095929145812988,-0.28576197865546415,21.000190261028425,"[-0.04940438270568848, 1.0]",2.1181386277810734,True
10,8,23.365957260131836,4.514540195465088,-0.31404621417070544,21.09371370456284,"[0.13965997099876404, 1.0]",2.114197376953736,True
10,9,25.39596939086914,3.9351894855499268,-0.2939911464238092,21.191734143498334,"[0.2612636685371399, 1.0]",2.1253749343830473,True
10,10,27.44764518737793,3.400139331817627,-0.24820541517289474,21.2450289496782,"[0.32368403673171997, 1.0]",2.147278426782341,True
10,11,29.52188491821289,2.942840814590454,-0.19896969188783675,21.229339469915814,"[0.40051212906837463, 1.0]",2.169771758449582,True
10,12,31.61076545715332,2.570173978805542,-0.15054609957719833,21.180046093833564,"[0.42059430480003357, 1.0]",2.1841907463626806,True
10,13,33.70775604248047,2.282191514968872,-0.10340348775088781,21.11643401854982,"[0.4110613465309143, 1.0]",2.1920145384106227,True
10,14,35.80833435058594,2.0800628662109375,-0.057578341715839976,21.05136321616361,"[0.3844519555568695, 1.0]",2.195309442578205,True
10,15,37.90909957885742,1.9646327495574951,-0.012913801283849224,20.994509979559695,"[0.3447677791118622, 1.0]",2.195240523179503,True
10,16,40.007503509521484,1.936425805091858,0.030805849593383172,20.954390870587243,"[0.29403766989707947, 1.0]",2.192698689581705,True
10,17,42.10175323486328,1.9957449436187744,0.07369739052965407,20.93911845973116,"[0.23320326209068298, 1.0]",2.188475758410587,True
10,18,44.19088363647461,2.1428537368774414,0.11579451051275402,20.95963377580454,"[0.160903662443161, 1.0]",2.1834487536024487,True
10,19,46.275508880615234,2.378253698348999,0.1570888205852503,21.05011401944311,"[0.06951490044593811, 1.0]",2.179350757228119,True
10,20,48.36265563964844,2.681896924972534,0.18615189756128547,21.254259095378487,"[-0.06103479862213135, 1.0]",2.1827909249624065,True
10,21,50.465003967285156,3.0037801265716553,0.17428818069525498,21.366679156430955,"[-0.22155430912971497, 1.0]",2.3120726282183903,True
10,22,52.573997497558594,3.2935290336608887,0.1327001239545229,21.04687216323481,"[-1.0, 0.0023010633885860443]",2.1941924248375924,True
10,23,54.65155792236328,3.5135700702667236,0.09124469263607704,20.372783093984953,"[-1.0, -0.31608882546424866]",1.9850496833113453,True
10,24,56.669700622558594,3.659773588180542,0.05054480011888618,19.693842990076533,"[-1.0, -0.37489116191864014]",1.7452254633912254,True
10,25,58.62397766113281,3.7324490547180176,0.007593870690306481,19.025102301103516,"[-1.0, -0.40146949887275696]",1.8966484805341512,True
10,26,60.51347351074219,3.7343342304229736,-0.035805934540006135,18.384129450801613,"[-1.0, -0.4151217043399811]",1.6566994748246746,True
10,27,62.337806701660156,3.6692802906036377,-0.07753873408598366,17.74220260345511,"[-1.0, -0.42488527297973633]",1.4552425941670097,True
10,28,64.09406280517578,3.5397393703460693,-0.11693394398514467,17.08630810620294,"[-1.0, -0.4314705431461334]",1.287438543693835,True
10,29,65.77845764160156,3.3486037254333496,-0.15423830611248412,16.417002804393164,"[-1.0, -0.4347081184387207]",1.147816045602509,True
10,30,67.38715362548828,3.0996077060699463,-0.19016847711734286,15.724963951607405,"[-1.0, -0.43683290481567383]",1.0310946465482,True
10,31,68.91552734375,2.796790838241577,-0.22547826474626742,15.003975473535977,"[-1.0, -0.43790003657341003]",0.9325275170208995,True
10,32,70.35860443115234,2.4449074268341064,-0.2611775396846161,14.252315452212045,"[-1.0, -0.43939146399497986]",0.8481642770757332,True
10,33,71.7116470336914,2.0494492053985596,-0.2984865623438626,13.474987334307839,"[-1.0, -0.43980729579925537]",0.7749804987930171,True
10,34,72.97071838378906,1.6161987781524658,-0.3386092146947792,12.680733251057278,"[-1.0, -0.44127753376960754]",0.7109136014536483,True
10,35,74.13288116455078,1.1508210897445679,-0.38242154357794433,11.878030131076471,"[-1.0, -0.4465893805027008]",0.6545190347509173,True
10,36,75.1961669921875,0.6586794853210449,-0.43030517997756945,11.077301063933172,"[-1.0, -0.44317978620529175]",0.6046942481008941,True
10,37,76.15929412841797,0.14490070939064026,-0.4821493363923057,10.278656768172734,"[-1.0, -0.44403013586997986]",0.5603859759306009,True
10,38,77.0212631225586,-0.3849055767059326,-0.537745220992691,9.48195812383246,"[-1.0, -0.4444003999233246]",0.5202488499869354,True
10,39,77.78123474121094,-0.9245561957359314,-0.5969709941588537,8.685046773140023,"[-1.0, -0.4436562657356262]",0.4830645252791486,True
10,40,78.4385986328125,-1.4670934677124023,-0.6598548853983495,7.8853254344800146,"[-1.0, -0.4436050057411194]",0.44767994413249185,True
10,41,78.99308776855469,-2.0046236515045166,-0.7265774570330858,7.081532308533291,"[-1.0, -0.44170114398002625]",0.41299312294510226,True
10,42,79.445068359375,-2.5281851291656494,-0.7974393799501325,6.268235341704009,"[-1.0, -0.4448957145214081]",0.3779200715335474,True
10,43,79.7957992553711,-3.0274720191955566,-0.8728891304770592,5.444688938190959,"[-1.0, -0.44035235047340393]",-5.0,False
11,0,6.676531791687012,0.003813918912783265,0.0021017667322906775,21.05609914846513,"[0.15123966336250305, 1.0]",1.7712842378551048,True
11,1,8.781131744384766,0.044687509536743164,0.022107432840965835,21.041409982658838,"[0.41713187098503113, 1.0]",2.1992862976197185,True
11,2,10.879904747009277,0.16626623272895813,0.06532294732384525,20.962029397892753,"[0.481201708316803, 1.0]",2.193102134915029,True
11,3,12.963533401489258,0.37934625148773193,0.12011202727199066,20.88179820088261,"[0.5030699372291565, 1.0]",2.1775967463839523,True
11,4,15.030137062072754,0.6709890961647034,0.17566130655329992,20.81981720806506,"[0.39074060320854187, 1.0]",2.1602928380197888,True
11,5,17.078365325927734,1.0421006679534912,0.22922067186810136,20.790825353142576,"[0.23849433660507202, 1.0]",2.141786977944122,True
11,6,19.108280181884766,1.496957778930664,0.28135977337356355,20.83385476221366,"[0.07464304566383362, 1.0]",2.1236672023869927,True
11,7,21.126991271972656,2.015490770339966,0.3203336711882736,20.89072488772745,"[-0.1627858579158783, 1.0]",2.112719352082664,True
11,8,23.149930953979492,2.5301363468170166,0.30946451183133306,20.858138056423194,"[-0.4012157618999481, 1.0]",2.1168013032607402,True
11,9,25.176427841186523,3.02437424659729,0.25075406033610026,20.86050007632085,"[-0.4791642129421234, 1.0]",2.120369137550475,True
11,10,27.217544555664062,3.4486255645751953,0.18370391988728407,20.788651237157996,"[-0.4910140931606293, 1.0]",2.13466564504475,True
11,11,29.26632308959961,3.7878780364990234,0.11883264468431687,20.67605652519509,"[-0.4532714784145355, 1.0]",2.141820788298925,True
11,12,31.316091537475586,4.040292739868164,0.05529721108413277,20.555350043964378,"[-0.38806021213531494, 1.0]",2.142267523073816,True
11,13,33.36279296875,4.206045627593994,-0.007614776504863308,20.44425166580742,"[-0.2968241274356842, 1.0]",2.1387005637705476,True
11,14,35.40419387817383,4.284560203552246,-0.07009852779057546,20.36122535082661,"[-0.17250367999076843, 1.0]",2.133026423502548,True
11,15,37.43991470336914,4.275277137756348,-0.13235697564806603,20.329002219374186,"[-0.026863066479563713, 1.0]",2.1272013351824963,True
11,16,39.47317886352539,4.1816534996032715,-0.19147462447397245,20.412686208391754,"[0.10669079422950745, 1.0]",2.125121248094013,True
11,17,41.51008987426758,4.026429653167725,-0.2332435098527199,20.507391104839286,"[0.21914494037628174, 1.0]",2.129194270713964,True
11,18,43.55387878417969,3.8561110496520996,-0.23182457762392605,20.542822882723936,"[0.28768837451934814, 1.0]",2.1362316128843672,True
11,19,45.604026794433594,3.6881158351898193,-0.17767026212160086,20.671011354477216,"[0.24513134360313416, 1.0]",2.1431675613490535,True
11,20,47.6679573059082,3.5394322872161865,-0.08192908830103462,20.749679898999776,"[0.2876923084259033, 1.0]",2.1573040710201083,True
11,21,49.741546630859375,3.4677460193634033,0.0157946757930425,20.726758502613606,"[0.23006343841552734, 1.0]",2.166859738212933,True
11,22,51.814491271972656,3.48547625541687,0.11193705483182903,20.713513870493852,"[0.07557883858680725, 1.0]",2.161262114054967,True
11,23,53.876373291015625,3.591456413269043,0.20703028155917913,20.415739135425902,"[0.6440492868423462, 1.0]",2.139549071434554,True
11,24,55.902156829833984,3.773562431335449,0.29908763780189407,20.03527734258594,"[0.7376958131790161, 1.0]",2.0839658154315956,True
11,25,57.88099670410156,4.025814533233643,0.3885741114863004,19.59934226146949,"[0.7595391273498535, 1.0]",2.0105087366504963,True
11,26,59.80524826049805,4.34356689453125,0.4756080801228526,19.118412604585355,"[0.7803543210029602, 1.0]",1.925348580845834,True
11,27,61.66886901855469,4.721106052398682,0.5597346757973662,18.60018888846811,"[0.808835506439209, 1.0]",1.8325393407760626,True
11,28,63.46686553955078,5.1519083976745605,0.6402893066598105,18.043722412883138,"[0.8432271480560303, 1.0]",1.9763103642847841,True
11,29,65.19466400146484,5.6292338371276855,0.7168576514235969,17.451826548183544,"[0.8788228034973145, 1.0]",1.8623548034539723,True
11,30,66.84844970703125,6.146200180053711,0.7891277873460494,16.82847591699248,"[0.9145998954772949, 1.0]",1.7481141902480986,True
11,31,68.42517852783203,6.695953845977783,0.8568367272695241,16.1782093433894,"[0.9483047127723694, 1.0]",1.6355139301711181,True
11,32,69.92259979248047,7.271884441375732,0.9197237477233013,15.506346126452225,"[0.9779714941978455, 0.9946461915969849]",1.5260946074236241,True
11,33,71.33919525146484,7.867831707000732,0.9775204020695005,14.818496912499013,"[0.9998273849487305, 0.9861430525779724]",1.4210279276466111,True
11,34,72.67404174804688,8.478428840637207,1.0300454621959423,14.120443133488005,"[1.0, 0.9816429615020752]",1.0011214161291593,True
11,35,73.92647552490234,9.099357604980469,1.077291138356439,13.415441918213844,"[1.0, 0.9813679456710815]",0.9304114319459764,True
11,36,75.09613037109375,9.726780891418457,1.1192312982827923,12.706254295573316,"[1.0, 0.9787799119949341]",0.8642598737858079,True
11,37,76.18281555175781,10.35728931427002,1.155859883283524,11.9958386707022,"[1.0, 0.9756938219070435]",0.8025945767601431,True
11,38,77.18647003173828,10.987924575805664,1.1871756949361432,11.28756867759023,"[1.0, 0.9722670316696167]",0.7452872548690297,True
11,39,78.10714721679688,11.616191864013672,1.2131807971904944,10.585327306488487,"[1.0, 0.9728812575340271]",0.6921885457674127,True
11,40,78.94493865966797,12.240068435668945,1.233878685445509,9.893613170515055,"[1.0, 0.9703888893127441]",0.6431277560915566,True
11,41,79.6999740600586,12.858014106750488,1.2492683277262637,9.218045147758419,"[1.0, 0.9674084186553955]",0.5979579619371721,True
11,42,80.37239837646484,13.46898365020752,1.2593427998139237,8.56592697937708,"[1.0, 0.9640292525291443]",0.5565611052197001,True
11,43,80.96231842041016,14.072463035583496,1.2640941455147345,7.947187200799116,"[1.0, 0.9667269587516785]",0.5188657769532437,True
11,44,81.46985626220703,14.668538093566895,1.2635123446850933,7.37544509073872,"[1.0, 0.9678471684455872]",0.48490312570673244,True
11,45,81.89517211914062,15.25801944732666,1.2575797871722916,6.870828244357439,"[1.0, 0.964133620262146]",0.4548438689030598,True
11,46,82.23860931396484,15.842880249023438,1.2462869854649465,6.47278766025784,"[1.0, 0.9591705203056335]",0.4292613150801381,True
11,47,82.50326538085938,16.427770614624023,1.2308661509099252,6.246859430521424,"[1.0, 0.957912802696228]",0.4102422910989511,True
11,48,82.71234130859375,17.012859344482422,1.2256285452835796,6.085689660872043,"[1.0, 0.9565127491950989]",0.3981442215688527,True
11,49,82.88124084472656,17.594270706176758,1.2424341237369019,5.9379306295599905,"[1.0, 0.9572837352752686]",0.3880274360007334,True
11,50,83.00758361816406,18.171770095825195,1.280614399546769,5.817640386397288,"[1.0, 0.9625667333602905]",-5.0,False
12,0,6.686997413635254,3.5037388801574707,0.0020740698569534644,21.282459013156156,"[0.03267344832420349, 1.0]",1.7827684791944567,True
12,1,8.817879676818848,3.512502908706665,0.004652009792150302,21.459418673361206,"[-0.1193217933177948, 1.0]",2.227449647213719,True
12,2,10.9660062789917,3.4610280990600586,-0.028013658348489123,21.60625650934629,"[-0.15994450449943542, 1.0]",2.2453547564649097,True
12,3,13.128753662109375,3.3325963020324707,-0.07234024363814928,21.870322716084214,"[-0.04546782374382019, 1.0]",2.2611638353400547,True
12,4,15.311138153076172,3.1538949012756348,-0.09811405035182652,22.050133379267884,"[0.08106184005737305, 1.0]",2.281610091173502,True
12,5,17.512466430664062,2.982452630996704,-0.08219846704529576,22.213565184183228,"[0.14105573296546936, 1.0]",2.301289320916715,True
12,6,19.733665466308594,2.8598318099975586,-0.04719840505114714,22.3717527152205,"[0.1390247344970703, 1.0]",2.3218719228630236,True
12,7,21.968196868896484,2.8131566047668457,-0.006991863125893616,22.31019440749154,"[0.12693017721176147, 1.0]",2.3349272774216026,True
12,8,24.19776725769043,2.8516504764556885,0.03587877199582046,22.258800864448396,"[0.07597672939300537, 1.0]",2.3297349926839632,True
12,9,26.420551300048828,2.957669496536255,0.07084194920887121,22.22531901773489,"[-0.0158346276730299, 1.0]",2.3227979779382055,True
12,10,28.63804817199707,3.082596778869629,0.0724805922275964,22.156709320677372,"[-0.13931745290756226, 1.0]",2.3172020638912905,True
12,11,30.855127334594727,3.172884941101074,0.03789971178902629,22.28080150455359,"[-0.20337232947349548, 1.0]",2.3173427693681474,True
12,12,33.0809211730957,3.18969988822937,-0.005859353872337714,22.21123559941103,"[-0.15850403904914856, 1.0]",2.325744398698326,True
12,13,35.307090759277344,3.1233110427856445,-0.049377536613104844,22.444552028194448,"[-0.05334028601646423, 1.0]",2.3271700703085156,True
12,14,37.546043395996094,2.995380163192749,-0.0776521847484215,22.401008770617317,"[0.05886197090148926, 1.0]",2.339757176186528,True
12,15,39.78156280517578,2.8749239444732666,-0.061359897305698574,22.33825759652319,"[0.1222001314163208, 1.0]",2.336041568364042,True
12,16,42.01314163208008,2.8097779750823975,-0.020379707083776566,22.278700304161884,"[0.11357799172401428, 1.0]",2.331832978273025,True
12,17,44.23973083496094,2.8290061950683594,0.027710457458383075,22.225257595128742,"[0.08676165342330933, 1.0]",2.3266028620589387,True
12,18,46.45976257324219,2.922024965286255,0.06978547320443607,22.191126765858943,"[0.00253462977707386, 1.0]",2.3198918087276152,True
12,19,48.67790222167969,3.0488107204437256,0.08517162008626045,22.324004652975432,"[-0.1249341368675232, 1.0]",2.3185976693758894,True
12,20,50.90462875366211,3.1607165336608887,0.05577871060921957,22.23704444270148,"[-0.22156143188476562, 1.0]",2.3267932319745785,True
12,21,53.1261100769043,3.2103474140167236,0.010331866607017126,22.155719202121773,"[-0.190792053937912, 1.0]",2.3211820596517354,True
12,22,55.345703125,3.174171209335327,-0.03912276851964602,22.31207680369625,"[-0.08516734838485718, 1.0]",2.3199973937123364,True
12,23,57.57310104370117,3.071479558944702,-0.07721609211992053,22.272954403727926,"[0.05787456035614014, 1.0]",2.3276262135179477,True
12,24,59.796592712402344,2.9674925804138184,-0.0704463366289394,22.20788989957744,"[0.13164106011390686, 1.0]",2.32342717324927,True
12,25,62.02185821533203,2.9000425338745117,-0.026878219617733734,22.411226682924553,"[0.11339777708053589, 1.0]",2.326116023002848,True
12,26,64.26090240478516,2.9109859466552734,0.02315498725574905,22.35911851489306,"[0.09203678369522095, 1.0]",2.339660222770144,True
12,27,66.49408721923828,3.0041446685791016,0.06832992251065306,22.31735032700049,"[0.033827394247055054, 1.0]",2.333612890924627,True
12,28,68.7201919555664,3.149013042449951,0.09631548450964189,22.269492587785322,"[-0.09192049503326416, 1.0]",2.326317452973159,True
12,29,70.9412841796875,3.2807435989379883,0.07631834051645559,22.180567950847674,"[-0.20826050639152527, 1.0]",2.3209047798999083,True
12,30,73.15996551513672,3.360783815383911,0.02787424186542342,22.24194303576646,"[-0.2847653329372406, 1.0]",2.318770079110168,True
12,31,75.38174438476562,3.3564584255218506,-0.023560719847822043,22.15346419527032,"[-0.21110275387763977, 1.0]",2.3214694585076225,True
12,32,77.59882354736328,3.264033794403076,-0.0737860737939533,22.283664379183804,"[-0.07090240716934204, 1.0]",2.3173556523039833,True
12,33,79.8199462890625,3.107147455215454,-0.11141241209708319,22.23157248942828,"[0.12894031405448914, 1.0]",2.321164817901646,True
12,34,82.03510284423828,2.957550287246704,-0.10024391343361838,22.093551335266934,"[0.35262587666511536, 1.0]",2.3145775361844825,True
12,35,84.2449951171875,2.8441572189331055,-0.04952347784084132,22.200371162037445,"[0.22067445516586304, 1.0]",2.3097939431783874,True
12,36,86.46731567382812,2.81156063079834,0.007950334802213632,22.306526350915593,"[0.13002833724021912, 1.0]",2.3226999252197453,True
12,37,88.69550323486328,2.845212936401367,0.051244013063087124,22.229985664109655,"[-0.2123771607875824, 1.0]",2.3282224965236495,True
12,38,90.91735076904297,2.8749284744262695,0.046880956249209405,22.17537384638588,"[-0.09248232841491699, 1.0]",2.321636716488424,True
12,39,93.13750457763672,2.9092397689819336,0.01870657612893467,22.295838289563637,"[0.17026114463806152, 1.0]",2.3204850808967863,True
12,40,95.36396026611328,2.9758102893829346,0.02585010627890849,22.2310353039864,"[0.13621553778648376, 1.0]",2.326495347344501,True
12,41,97.58424377441406,3.0700161457061768,0.04439729221660205,22.185874077093153,"[-0.040000706911087036, 1.0]",2.3201199416477003,True
12,42,99.80585479736328,3.136157989501953,0.030511037660710727,22.349961288758813,"[-0.13572654128074646, 1.0]",2.3221858487486333,True
12,43,102.03892517089844,3.145864725112915,-0.0024043018321231457,22.301786528354352,"[-0.06755676865577698, 1.0]",2.3334284129127507,True
12,44,104.26725006103516,3.0838241577148438,-0.03949494528198372,22.256017524544895,"[-0.05898159742355347, 1.0]",2.3284769689971707,True
12,45,106.48896789550781,2.9688706398010254,-0.06516502187120388,22.20749857048048,"[0.07005277276039124, 1.0]",2.3216515780398184,True
12,46,108.71272277832031,2.8723208904266357,-0.04714647340989053,22.414616364974023,"[0.10517227649688721, 1.0]",2.3246206564548832,True
12,47,110.95165252685547,2.8334338665008545,-0.008606271378700292,22.362525717890883,"[0.08999738097190857, 1.0]",2.339561114265665,True
12,48,113.18658447265625,2.873091220855713,0.03307952337403819,22.317003805092657,"[0.058116018772125244, 1.0]",2.3353584629236983,True
12,49,115.41535949707031,2.9743809700012207,0.06402492260854054,22.28232604953858,"[-0.012670962139964104, 1.0]",2.329045491636986,True
12,50,117.63916015625,3.092045783996582,0.06256577664728624,22.22258219840963,"[-0.10655459761619568, 1.0]",10.0,True
13,0,6.764080047607422,6.996257781982422,-0.0020528977262870285,22.111782047361604,"[-0.3312658965587616, 1.0]",1.863583066820549,True
13,1,8.96933364868164,6.957470893859863,-0.02056559572786476,21.851377223948283,"[-0.8423274755477905, 0.6746265292167664]",2.303584798581986,True
13,2,11.143635749816895,6.8468146324157715,-0.057788065651683596,21.479552994903912,"[-0.9175853729248047, 0.5253044366836548]",2.2709600896123217,True
13,3,13.280023574829102,6.653903484344482,-0.1052350767905903,21.32123394187644,"[-0.7021617293357849, 0.9470792412757874]",2.232333377750651,True
13,4,15.393572807312012,6.385173797607422,-0.1538617351343472,21.234183559184324,"[-0.5290427803993225, 1.0]",2.2091030584992395,True
13,5,17.487335205078125,6.038733959197998,-0.19926303908190945,21.171056023450046,"[-0.41256630420684814, 1.0]",2.1890321498716383,True
13,6,19.560514450073242,5.610626697540283,-0.24189572076022436,21.157696918329254,"[-0.2634587585926056, 1.0]",2.1683888811275986,True
13,7,21.61592674255371,5.096919059753418,-0.2830623322584511,21.28152193137428,"[-0.058715760707855225, 1.0]",2.151179141171653,True
13,8,23.66497039794922,4.517009735107422,-0.3109919678745481,21.373713127087964,"[0.1335441768169403, 1.0]",2.1452253644674038,True
13,9,25.724485397338867,3.939653158187866,-0.29047044746272466,21.467667076022014,"[0.25615188479423523, 1.0]",2.1561195012317476,True
13,10,27.80504035949707,3.4063336849212646,-0.24367604394894204,21.517492642772496,"[0.31914040446281433, 1.0]",2.1773836790506795,True
13,11,29.90765380859375,2.9515326023101807,-0.19388997842461908,21.49751909877035,"[0.3933745324611664, 1.0]",2.1993522850411464,True
13,12,32.02418518066406,2.581789255142212,-0.1450586561510896,21.442905715465734,"[0.4106529951095581, 1.0]",2.213024447789908,True
13,13,34.14801025390625,2.2969484329223633,-0.09739965738941336,21.373494508398945,"[0.3995725214481354, 1.0]",2.2200057985299826,True
13,14,36.27458953857422,2.0981407165527344,-0.05093841532799992,21.301616963332634,"[0.3721601963043213, 1.0]",2.2224365610029655,True
13,15,38.400447845458984,1.9861719608306885,-0.005530719793822136,21.236532844201687,"[0.33188188076019287, 1.0]",2.221422704683673,True
13,16,40.522911071777344,1.9615206718444824,0.039033286307018855,21.18645551460405,"[0.2804732620716095, 1.0]",2.2178022761340777,True
13,17,42.640052795410156,2.0244388580322266,0.08286865153361411,21.15936972787328,"[0.21842634677886963, 1.0]",2.212358887408242,True
13,18,44.750770568847656,2.1751346588134766,0.12601399172176997,21.166626829044812,"[0.14343851804733276, 1.0]",2.2059675941682015,True
13,19,46.8557243347168,2.4140665531158447,0.16846464633957847,21.248609957708307,"[0.04594540596008301, 1.0]",2.200572510678828,True
13,20,48.96136474609375,2.719296455383301,0.19784530527560484,21.407863269972847,"[-0.09539258480072021, 1.0]",2.201975796091831,True
13,21,51.079505920410156,3.032209634780884,0.1809837671498773,21.483568662810903,"[-0.2586442530155182, 1.0]",2.312329271262349,True
13,22,53.198062896728516,3.31466007232666,0.1300701192200151,21.042149194711133,"[-1.0, -0.09284612536430359]",2.161278602547462,True
13,23,55.27840042114258,3.524383783340454,0.07995235698192271,20.43284582564705,"[-1.0, -0.3395368754863739]",1.9330789527709198,True
13,24,57.30483627319336,3.6589181423187256,0.030968169261822887,19.826200916113695,"[-1.0, -0.38455164432525635]",2.112139927654664,True
13,25,59.274566650390625,3.719125509262085,-0.01805676482295482,19.24202007331137,"[-1.0, -0.40460410714149475]",1.8436593561346613,True
13,26,61.18722152709961,3.7085351943969727,-0.06499484587754711,18.672595815982532,"[-1.0, -0.41829606890678406]",1.6141833621857533,True
13,27,63.041229248046875,3.630218744277954,-0.10844138958499094,18.096524516844617,"[-1.0, -0.42730554938316345]",1.4219038761230427,True
13,28,64.83328247070312,3.4863078594207764,-0.14796163489733072,17.50953500695396,"[-1.0, -0.43319737911224365]",1.2621134429197696,True
13,29,66.55988311767578,3.2796435356140137,-0.18393574806017554,16.910335917236758,"[-1.0, -0.43571919202804565]",1.1294536106268738,True
13,30,68.21723175048828,3.013425588607788,-0.21686054177487968,16.2888318289451,"[-1.0, -0.43851611018180847]",1.018811794463721,True
13,31,69.80059051513672,2.691164016723633,-0.24727051247222231,15.633018422761962,"[-1.0, -0.4406576156616211]",0.9255185952990239,True
13,32,71.30411529541016,2.317387342453003,-0.27607166755504764,14.926309360658701,"[-1.0, -0.4424918293952942]",0.8453106868683574,True
13,33,72.72077941894531,1.8983125686645508,-0.30491450110893226,14.156491351115857,"[-1.0, -0.4440626800060272]",0.774387157014483,True
13,34,74.04349517822266,1.4417636394500732,-0.33654979222382053,13.339313066756606,"[-1.0, -0.4446024000644684]",0.7101712782892363,True
13,35,75.26744079589844,0.955007791519165,-0.3738292537949679,12.5085220305009,"[-1.0, -0.4449714720249176]",0.6523715202918717,True
13,36,76.39051055908203,0.44307398796081543,-0.4177467775411916,11.688512189182529,"[-1.0, -0.44494178891181946]",0.6016148500670818,True
13,37,77.41239166259766,-0.09005290269851685,-0.46739835343046554,10.885762279036674,"[-1.0, -0.44552701711654663]",0.5574681633942586,True
13,38,78.33308410644531,-0.640272319316864,-0.5216452137806709,10.094461054043636,"[-1.0, -0.4443119764328003]",0.5186191302106558,True
13,39,79.15205383300781,-1.202759027481079,-0.5797025250185621,9.30785894919204,"[-1.0, -0.4436478316783905]",0.48353004051417003,True
13,40,79.86872100830078,-1.7715489864349365,-0.6412207472510651,8.525639468315894,"[-1.0, -0.4422128200531006]",0.450811576643412,True
13,41,80.48299407958984,-2.3396031856536865,-0.7062551410708,7.740939053922156,"[-1.0, -0.4457913637161255]",-5.0,False
14,0,6.574885368347168,0.0038100932724773884,0.0021050956836532464,19.789574824171453,"[0.15123966336250305, 1.0]",1.6639384550559395,True
14,1,8.553104400634766,0.044484786689281464,0.02230424044552315,19.790198659740067,"[0.3990006744861603, 1.0]",2.067274926256428,True
14,2,10.52700138092041,0.16516156494617462,0.06646357921872603,19.731293883312098,"[0.46207407116889954, 1.0]",2.062687802760549,True
14,3,12.487408638000488,0.3768041133880615,0.12270488090929188,19.66938266624284,"[0.48799338936805725, 1.0]",2.048919479078171,True
14,4,14.432012557983398,0.6672312021255493,0.17970571614274888,19.624674131396407,"[0.3780464828014374, 1.0]",2.032914953574194,True
14,5,16.35923194885254,1.0374175310134888,0.23468574474105264,19.615481748371522,"[0.22736716270446777, 1.0]",2.0154890587368124,True
14,6,18.269451141357422,1.4917465448379517,0.2882027657945221,19.693958915365656,"[0.06647726893424988, 1.0]",1.9988420076240283,True
14,7,20.170015335083008,2.010467529296875,0.32839599191432534,19.74540457337905,"[-0.17082181572914124, 1.0]",1.9894185143057916,True
14,8,22.074655532836914,2.5258026123046875,0.3186902344795861,19.726760756214237,"[-0.40327849984169006, 1.0]",1.9934106211568703,True
14,9,23.984895706176758,3.0187759399414062,0.26307996880931395,19.73478641981739,"[-0.47968775033950806, 1.0]",1.999046712229022,True
14,10,25.9115047454834,3.441671133041382,0.1995514594279646,19.6799735607464,"[-0.4966374337673187, 1.0]",2.0151689203299994,True
14,11,27.848358154296875,3.7800230979919434,0.13812085519532502,19.58764186180445,"[-0.4657500088214874, 1.0]",2.0249977971915967,True
14,12,29.788818359375,4.03212308883667,0.07824393914263705,19.48665903703019,"[-0.411487877368927, 1.0]",2.0281501707447607,True
14,13,31.72862434387207,4.197848320007324,0.019292471568752134,19.39480018161485,"[-0.33262869715690613, 1.0]",2.027082585314337,True
14,14,33.665260314941406,4.276421070098877,-0.038999197845065225,19.328293625773085,"[-0.22798338532447815, 1.0]",2.0236132923853147,True
14,15,35.59791946411133,4.26719331741333,-0.09689778468198806,19.311937065628822,"[-0.09354504942893982, 1.0]",2.0195628659652516,True
14,16,37.5297966003418,4.172373294830322,-0.15245305607574977,19.424518292130948,"[0.04361376166343689, 1.0]",2.019287468545058,True
14,17,39.46798324584961,4.0145721435546875,-0.19164147151626576,19.550298608621937,"[0.1559726595878601, 1.0]",2.026162989246611,True
14,18,41.41634750366211,3.8418121337890625,-0.1871452566478844,19.630603076190802,"[0.2203696370124817, 1.0]",2.0367019716553587,True
14,19,43.376644134521484,3.674203395843506,-0.12855917477555856,19.832350498733906,"[0.19315621256828308, 1.0]",2.0495422081036776,True
14,20,45.35810852050781,3.556506395339966,-0.04787018743611959,19.908540695976868,"[0.22215864062309265, 1.0]",2.0710528191182243,True
14,21,47.349525451660156,3.5239813327789307,0.03060171829582803,19.935814667197565,"[0.1564520299434662, 1.0]",2.081128097154733,True
14,22,49.34564971923828,3.5784990787506104,0.10610273467373776,20.044693347178338,"[0.017816664651036263, 1.0]",2.0863253876404277,True
14,23,51.347015380859375,3.696352958679199,0.16690816184048174,20.099153806297394,"[-0.18872511386871338, 1.0]",2.103459879817164,True
14,24,53.34699249267578,3.8321309089660645,0.19036874683131622,19.905471408002427,"[0.4036257565021515, 1.0]",2.104498880448956,True
14,25,55.320682525634766,4.0485005378723145,0.20961807519040931,19.67428087640217,"[0.564613401889801, 1.0]",2.0714115109133533,True
14,26,57.25978088378906,4.346007347106934,0.22709360510545462,19.421020765630583,"[0.7149471640586853, 1.0]",2.0249563843569747,True
14,27,59.160301208496094,4.71893310546875,0.24236177395098757,19.183661586268272,"[0.8541055917739868, 1.0]",1.9698842391501965,True
14,28,61.022560119628906,5.161792755126953,0.2540866069661707,19.001265885243686,"[0.9550356864929199, 1.0]",1.9111610445182121,True
14,29,62.8523063659668,5.66131067276001,0.26843811576449905,18.83582574758466,"[1.0, 0.9817503690719604]",1.8497958897826448,True
14,30,64.65190124511719,6.205501079559326,0.29291003617929157,18.663359561124278,"[1.0, 0.9669277667999268]",2.0293073478664363,True
14,31,66.41814422607422,6.797597408294678,0.32515532434186234,18.49347776329453,"[1.0, 0.9608950614929199]",1.9483820073505158,True
14,32,68.14779663085938,7.442175388336182,0.3601019899561546,18.322568792103922,"[1.0, 0.9549859762191772]",1.8687016543754666,True
14,33,69.83783721923828,8.140673637390137,0.39550552085544943,18.14959133735601,"[1.0, 0.9500582218170166]",1.7910449623440028,True
14,34,71.4859848022461,8.892233848571777,0.43100159660262527,17.977556502480272,"[1.0, 0.9496983885765076]",1.71596899198684,True
14,35,73.090576171875,9.69510269165039,0.46672743657284776,17.80649404317517,"[1.0, 0.9496676921844482]",1.6440996446755891,True
14,36,74.6499252319336,10.547531127929688,0.5027893008936104,17.635499242438122,"[1.0, 0.948955774307251]",1.1949572760618858,True
14,37,76.16226196289062,11.44784164428711,0.5392222767122758,17.464631429005376,"[1.0, 0.9488887190818787]",1.1468711790989432,True
14,38,77.62584686279297,12.39431381225586,0.5760315571929695,17.293949865142853,"[1.0, 0.9483017921447754]",1.1018401029188336,True
14,39,79.03897094726562,13.385128021240234,0.6132132807521113,17.123014862377357,"[1.0, 0.9448398351669312]",1.0598381118274478,True
14,40,80.39998626708984,14.418374061584473,0.650767580547754,16.95242507076546,"[1.0, 0.9450557231903076]",1.0207908075887986,True
14,41,81.70731353759766,15.492066383361816,0.688699716323053,16.781806225921088,"[1.0, 0.9424083232879639]",0.9845814942905572,True
14,42,82.95944213867188,16.604116439819336,0.7270122846600691,16.610956694051573,"[1.0, 0.938510000705719]",0.9510468745129098,True
14,43,84.15491485595703,17.752365112304688,0.7657135413581821,16.441146684128263,"[1.0, 0.9427096843719482]",-5.0,False
15,0,6.577563285827637,6.996260643005371,-0.0020608872095575492,19.77514240838047,"[-0.3312658965587616, 1.0]",1.666551426665349,True
15,1,8.549659729003906,6.957563400268555,-0.021058413687583766,19.539663827677796,"[-0.7996442317962646, 0.7511225938796997]",2.06002493040082,True
15,2,10.493363380432129,6.847080707550049,-0.06057865899992354,19.211092965277096,"[-0.8626903295516968, 0.6323643326759338]",2.0301535697719695,True
15,3,12.402603149414062,6.653964042663574,-0.11170309613006513,19.090226924520913,"[-0.6433334350585938, 1.0]",1.9951457901422778,True
15,4,14.291367530822754,6.384171962738037,-0.16418934068361946,19.0294210362796,"[-0.4863568842411041, 1.0]",1.9743967760719496,True
15,5,16.161602020263672,6.0360212326049805,-0.2135258646159368,18.997518434224272,"[-0.364775151014328, 1.0]",1.9557233223949273,True
15,6,18.01273536682129,5.605473518371582,-0.2603022917923612,19.03171879206193,"[-0.19814911484718323, 1.0]",1.936776081121896,True
15,7,19.85338020324707,5.102413177490234,-0.2976936061292914,19.250877903661415,"[0.008094819262623787, 1.0]",1.9272737869922576,True
15,8,21.702983856201172,4.5615234375,-0.3035624142234994,19.384509706372963,"[0.15856224298477173, 1.0]",1.93683394663278,True
15,9,23.572444915771484,4.040703773498535,-0.2729544374991102,19.502878789906838,"[0.20548176765441895, 1.0]",1.9572240141248933,True
15,10,25.468883514404297,3.5810863971710205,-0.22995623696118095,19.562559670965097,"[0.2801946699619293, 1.0]",1.9844701171521555,True
15,11,27.387807846069336,3.1993720531463623,-0.1829124284113126,19.585565093971553,"[0.3226906955242157, 1.0]",2.007059374587911,True
15,12,29.32358741760254,2.9006881713867188,-0.1353967077162821,19.598098350282513,"[0.32924485206604004, 1.0]",2.0239710141094744,True
15,13,31.2718563079834,2.6870758533477783,-0.08902441523527749,19.61049484654819,"[0.31355395913124084, 1.0]",2.036516117190326,True
15,14,33.22917175292969,2.5597784519195557,-0.043910066895172406,19.635888461029346,"[0.2799348831176758, 1.0]",2.045676943020921,True
15,15,35.19321823120117,2.519629716873169,7.243798165035287e-05,19.68456519443899,"[0.23683646321296692, 1.0]",2.05262702164646,True
15,16,37.16270065307617,2.5671212673187256,0.04308315537670282,19.767135714315977,"[0.18116044998168945, 1.0]",2.058434532589422,True
15,17,39.13766098022461,2.701756477355957,0.08571197547143683,19.90621572992142,"[0.11168652772903442, 1.0]",2.0645382979330837,True
15,18,41.12285232543945,2.9099953174591064,0.12070351535009749,20.16659889946667,"[0.011392535641789436, 1.0]",2.075941040262444,True
15,19,43.12748718261719,3.151484251022339,0.1280394588888294,20.322139220289326,"[-0.12165302038192749, 1.0]",2.096084483669036,True
15,20,45.15035629272461,3.364145278930664,0.10369550336441513,20.426943564186477,"[-0.21857288479804993, 1.0]",2.114790356146261,True
15,21,47.1885986328125,3.5128140449523926,0.06567501721995406,20.48087305669888,"[-0.29865142703056335, 1.0]",2.1304062688430356,True
15,22,49.236717224121094,3.5828323364257812,0.022079735965628622,20.54209971283162,"[-0.24314862489700317, 1.0]",2.140558040016336,True
15,23,51.29238510131836,3.5696372985839844,-0.023296267951577576,20.618136033712563,"[-0.1955663561820984, 1.0]",2.1324988026080742,True
15,24,53.344573974609375,3.4732630252838135,-0.06570511094027154,20.32067959700728,"[-1.0, 0.21908053755760193]",2.0943700117494353,True
15,25,55.35931396484375,3.304636240005493,-0.10044245209288327,19.83182783615316,"[-1.0, -0.1840706318616867]",1.9740011612167305,True
15,26,57.31510925292969,3.069478750228882,-0.13146881142452482,19.187617353912128,"[-1.0, -0.3351518511772156]",1.8053779821049494,True
15,27,59.1966552734375,2.773500919342041,-0.1639503219757854,18.4950584671381,"[-1.0, -0.375580757856369]",2.016847699749324,True
15,28,60.99786376953125,2.4207425117492676,-0.19994960201093104,17.804515011270368,"[-1.0, -0.39561927318573]",1.7921039804586087,True
15,29,62.717247009277344,2.0154786109924316,-0.2378236142954382,17.11441731568814,"[-1.0, -0.41161784529685974]",1.590870726322718,True
15,30,64.35269165039062,1.561483383178711,-0.2764141500712318,16.412932132380188,"[-1.0, -0.424774169921875]",1.4156611623769362,True
15,31,65.90127563476562,1.062488317489624,-0.3159153537817776,15.704344294608253,"[-1.0, -0.4300074875354767]",1.2652445152764693,True
15,32,67.36067962646484,0.5224298238754272,-0.3568116544293609,14.993915788475586,"[-1.0, -0.4289705455303192]",1.1373698014658664,True
15,33,68.72884368896484,-0.05462757498025894,-0.3994808214146106,14.275958615895549,"[-1.0, -0.4380793869495392]",1.0288908160661119,True
15,34,70.0036849975586,-0.6642621755599976,-0.44409729178892654,13.558127375292646,"[-1.0, -0.43790873885154724]",0.9364865903467522,True
15,35,71.18374633789062,-1.301965355873108,-0.4907876988621407,12.841642447026492,"[-1.0, -0.4374592900276184]",0.8575517666207414,True
15,36,72.26788330078125,-1.9629343748092651,-0.5396243474578508,12.127221616442824,"[-1.0, -0.43532463908195496]",0.7895659677845026,True
15,37,73.255126953125,-2.6420912742614746,-0.5907569072293182,11.41306857237426,"[-1.0, -0.4347408711910248]",0.730372578574694,True
15,38,74.14453125,-3.3338987827301025,-0.6443896426321505,10.695378051836688,"[-1.0, -0.43924909830093384]",0.6780246486658391,True
15,39,74.93524932861328,-4.03225564956665,-0.7007676976446922,9.975431182398216,"[-1.0, -0.44237375259399414]",0.630874354239592,True
15,40,75.6268539428711,-4.730698585510254,-0.7601908110476305,9.254296474190175,"[-1.0, -0.4439847469329834]",0.5877008905154634,True
15,41,76.2194595336914,-5.42243766784668,-0.823003063253803,8.536042920148828,"[-1.0, -0.4408133924007416]",0.5474888954231156,True
15,42,76.71382904052734,-6.100382328033447,-0.8895767641836034,7.819733379656296,"[-1.0, -0.43948042392730713]",0.5093311643499139,True
15,43,77.11131286621094,-6.7568182945251465,-0.9602746363775019,7.103350764273778,"[-1.0, -0.440096914768219]",0.4721757665001438,True
15,44,77.41390228271484,-7.3833417892456055,-1.035512665597766,6.387971502181278,"[-1.0, -0.43790945410728455]",0.43499751210660037,True
15,45,77.6245346069336,-7.970826148986816,-1.1157720850533748,5.667995288536593,"[-1.0, -0.43940261006355286]",-5.0,False
16,0,6.563640117645264,0.0038093135226517916,0.002105628315870689,19.65061641909826,"[0.15123966336250305, 1.0]",1.652067891531206,True
16,1,8.52802562713623,0.044450029730796814,0.02231915414762753,19.654636922625794,"[0.3969523310661316, 1.0]",2.052831375642783,True
16,2,10.488432884216309,0.16498221457004547,0.06655812143742423,19.599699926483428,"[0.4598817527294159, 1.0]",2.0486059067492537,True
16,3,12.435698509216309,0.3763953149318695,0.12291633589984396,19.541119200910064,"[0.48626628518104553, 1.0]",2.035200661404095,True
16,4,14.367424011230469,0.6666275262832642,0.18002569494772125,19.499424191864392,"[0.3766772449016571, 1.0]",2.0194729108775498,True
16,5,16.281984329223633,1.0366742610931396,0.2351073231416123,19.493588097255873,"[0.22630074620246887, 1.0]",2.0022814644308156,True
16,6,18.179821014404297,1.4909428358078003,0.2887168890429619,19.57809468413064,"[0.0658959448337555, 1.0]",1.985938111259252,True
16,7,20.068355560302734,2.0097479820251465,0.3289761615577991,19.630655347131764,"[-0.1710982620716095, 1.0]",1.9768724949605305,True
16,8,21.961097717285156,2.525339365005493,0.3193158110196457,19.61577607837558,"[-0.4029746353626251, 1.0]",1.981013149335112,True
16,9,23.859928131103516,3.018275260925293,0.2641158053153001,19.625994135071387,"[-0.4792628586292267, 1.0]",1.9871473874261807,True
16,10,25.77547836303711,3.4410560131073,0.2011516197689387,19.574253442627086,"[-0.49687492847442627, 1.0]",2.0036343724254158,True
16,11,27.701675415039062,3.7793681621551514,0.14026656408560179,19.48552982350048,"[-0.46691057085990906, 1.0]",2.013881936207705,True
16,12,29.63189697265625,4.031531810760498,0.0809561023967742,19.38812945020953,"[-0.41399529576301575, 1.0]",2.0174681401431305,True
16,13,31.56185531616211,4.197371006011963,0.022617028715552934,19.29938243422295,"[-0.3377859592437744, 1.0]",2.0168055644598626,True
16,14,33.48910140991211,4.276064872741699,-0.03503907730411804,19.24061719697853,"[-0.2244114875793457, 1.0]",2.013828871136403,True
16,15,35.41302490234375,4.266917705535889,-0.09228718704478833,19.22741023081569,"[-0.10199353098869324, 1.0]",2.0104468384703114,True
16,16,37.33700180053711,4.1741204261779785,-0.14601433150826537,19.36074519306247,"[0.04698050022125244, 1.0]",2.0111002515621403,True
16,17,39.2696418762207,4.020484447479248,-0.18151280410042148,19.503576739272297,"[0.13891717791557312, 1.0]",2.020406171010319,True
16,18,41.21394729614258,3.8468127250671387,-0.17505730161806987,19.619710284730942,"[0.1948128342628479, 1.0]",2.0325941162031644,True
16,19,43.17380142211914,3.6786396503448486,-0.1167395332255694,19.84189706468744,"[0.17272701859474182, 1.0]",2.049142662767656,True
16,20,45.15683364868164,3.5666213035583496,-0.042008836192964694,19.933688686493607,"[0.19198530912399292, 1.0]",2.072733825651721,True
16,21,47.15135955810547,3.5412750244140625,0.030378412238425412,19.985717695993255,"[0.13452279567718506, 1.0]",2.0844616390557977,True
16,22,49.15348815917969,3.5914382934570312,0.09393475165316545,20.154029482748175,"[-0.02592208795249462, 1.0]",2.0928217337465855,True
16,23,51.16631317138672,3.6855392456054688,0.13136614656450263,20.17269527486455,"[-0.22307518124580383, 1.0]",2.1146331925122457,True
16,24,53.176841735839844,3.7978436946868896,0.1299168542992808,20.055312245835886,"[0.3952222764492035, 1.0]",2.1134920773639405,True
16,25,55.17044448852539,3.9895248413085938,0.12567949868885542,19.956767915305885,"[0.6257429122924805, 1.0]",2.087496901662061,True
16,26,57.14661407470703,4.2464985847473145,0.13071859894544957,19.8362912016522,"[0.8332334160804749, 1.0]",2.0500062420467655,True
16,27,59.103824615478516,4.550057411193848,0.1520969914380057,19.693819201763638,"[0.9417779445648193, 1.0]",1.9959053368279502,True
16,28,61.0377082824707,4.904040813446045,0.1831638308182164,19.532243018979123,"[1.0, 0.9828970432281494]",1.929843145431502,True
16,29,62.943782806396484,5.314816474914551,0.21680714539502333,19.36631032284284,"[1.0, 0.9700415730476379]",1.8575226999709034,True
16,30,64.81889343261719,5.784793376922607,0.2505850827649345,19.194459947277842,"[1.0, 0.9610018730163574]",2.0299005014700984,True
16,31,66.66035461425781,6.313673973083496,0.28428578846323305,19.022489301071644,"[1.0, 0.9591193199157715]",1.9431356227062235,True
16,32,68.46629333496094,6.900043964385986,0.3180919553406998,18.851995147259647,"[1.0, 0.9541615843772888]",1.8574693012588823,True
16,33,70.23501586914062,7.542234420776367,0.3521693651751896,18.68166710893352,"[1.0, 0.9517830610275269]",1.7742234436453679,True
16,34,71.96467590332031,8.238856315612793,0.3865714143465606,18.51122040854724,"[1.0, 0.9507009983062744]",1.6944415538625905,True
16,35,73.65336608886719,8.98855209350586,0.42131035339582645,18.340832934980078,"[1.0, 0.9503012299537659]",1.227746945712866,True
16,36,75.29923248291016,9.789891242980957,0.45638065626372626,18.170295219279787,"[1.0, 0.9481076598167419]",1.1745424608749828,True
16,37,76.90045166015625,10.641343116760254,0.4917827224244222,17.99971323257263,"[1.0, 0.9464364051818848]",1.1248261063677414,True
16,38,78.45524597167969,11.541299819946289,0.5275221445162037,17.829423148839318,"[1.0, 0.9463977813720703]",1.078600387586771,True
16,39,79.9619140625,12.488075256347656,0.5636011862259975,17.65950012458792,"[1.0, 0.9462448358535767]",1.0357864471504354,True
16,40,81.41881561279297,13.479904174804688,0.6000197143957493,17.4901370371815,"[1.0, 0.9474433660507202]",0.9962382047653471,True
16,41,82.8243637084961,14.514948844909668,0.6367827890315301,17.32087076320418,"[1.0, 0.9458392858505249]",0.9597707701788647,True
16,42,84.1769790649414,15.591275215148926,0.6738981333005016,17.15147462551197,"[1.0, 0.9430022239685059]",0.9261592088708968,True
16,43,85.47514343261719,16.70686912536621,0.7113752680035592,16.982250581711607,"[1.0, 0.942180335521698]",0.8951969432098185,True
16,44,86.7174072265625,17.859657287597656,0.7492245794689563,16.81323210126959,"[1.0, 0.9413310289382935]",-5.0,False
17,0,6.745707988739014,3.5037477016448975,0.002075401437498847,22.014152061570442,"[0.03267344832420349, 1.0]",1.8447716730160806,True
17,1,8.949577331542969,3.5131239891052246,0.004844423180908386,22.180372621004853,"[-0.12552815675735474, 1.0]",2.3036810195984767,True
17,2,11.169570922851562,3.462268829345703,-0.02765572949798223,22.312978101197338,"[-0.16875821352005005, 1.0]",2.3204019927639816,True
17,3,13.39565658569336,3.3319387435913086,-0.07297833703533207,22.273062796339833,"[-0.05206027626991272, 1.0]",2.326314445425326,True
17,4,15.614859580993652,3.152340888977051,-0.10399590793537605,22.228818106754527,"[0.08113494515419006, 1.0]",2.3192326767806883,True
17,5,17.82992935180664,2.9849212169647217,-0.08932255611931161,22.159467229630867,"[0.15442395210266113, 1.0]",2.314787373346327,True
17,6,20.046777725219727,2.865246057510376,-0.04692836051661331,22.310329993774115,"[0.14728480577468872, 1.0]",2.3172448583850693,True
17,7,22.275310516357422,2.8256585597991943,0.00012863068065094296,22.246808361387927,"[0.13390794396400452, 1.0]",2.328643428763941,True
17,8,24.498367309570312,2.8746204376220703,0.046019556794623995,22.196333285178373,"[0.06844449043273926, 1.0]",2.3229402929961935,True
17,9,26.719881057739258,2.987926959991455,0.0812827391044717,22.40602876389993,"[-0.04126530885696411, 1.0]",2.322340877606495,True
17,10,28.954069137573242,3.114917755126953,0.07658345820297274,22.329281663406245,"[-0.17572203278541565, 1.0]",2.3346698473193124,True
17,11,31.18311882019043,3.2074294090270996,0.037534459245522456,22.23749979235118,"[-0.22587698698043823, 1.0]",2.329118431682768,True
17,12,33.40522766113281,3.2227871417999268,-0.010383265616055404,22.160021290575923,"[-0.1693645715713501, 1.0]",2.3218289367499745,True
17,13,35.625450134277344,3.1516287326812744,-0.05942364603515582,22.35694594466544,"[-0.050820887088775635, 1.0]",2.320828729895526,True
17,14,37.855445861816406,3.0174851417541504,-0.09437244217832053,22.313562297249447,"[0.07588446140289307, 1.0]",2.330406757876685,True
17,15,40.0814323425293,2.8864517211914062,-0.08131522966977123,22.242497372959427,"[0.1553686559200287, 1.0]",2.326077718891208,True
17,16,42.30250930786133,2.797412633895874,-0.03455544725015969,22.176995929568566,"[0.14584386348724365, 1.0]",2.32087344701509,True
17,17,44.52338409423828,2.7909581661224365,0.019460650191589934,22.289003949126517,"[0.12063473463058472, 1.0]",2.3211753041480225,True
17,18,46.749305725097656,2.8713574409484863,0.07210468703973216,22.24137616554714,"[0.038329869508743286, 1.0]",2.3260078236043373,True
17,19,48.96810531616211,3.0107507705688477,0.10895751020424882,22.192042755831,"[-0.11734506487846375, 1.0]",2.3186637834656927,True
17,20,51.184295654296875,3.1404168605804443,0.09708274121969396,22.251583037584616,"[-0.25664427876472473, 1.0]",2.3163224618038964,True
17,21,53.40448760986328,3.238309383392334,0.04388490002287071,22.155355780645586,"[-0.25826993584632874, 1.0]",2.3198910565793116,True
17,22,55.622413635253906,3.2569069862365723,-0.01543448325560881,22.23024216456461,"[-0.15416103601455688, 1.0]",2.3179621151311656,True
17,23,57.843345642089844,3.1944236755371094,-0.07099481465544155,22.18483728343147,"[-0.01974823884665966, 1.0]",2.320763774611379,True
17,24,60.0610237121582,3.078641653060913,-0.10822540722058527,22.30132182418113,"[0.11491942405700684, 1.0]",2.3180340182771744,True
17,25,62.28581237792969,2.9682180881500244,-0.09605555998725013,22.217388002126803,"[0.20469927787780762, 1.0]",2.324766911781055,True
17,26,64.5099105834961,2.8845949172973633,-0.039775775618933196,22.349839962289632,"[0.19170984625816345, 1.0]",2.3246724853967096,True
17,27,66.7428970336914,2.878833532333374,0.022657908238285174,22.284396799249055,"[0.14062944054603577, 1.0]",2.333266235791933,True
17,28,68.96943664550781,2.9524953365325928,0.07892530890753413,22.239398025334687,"[0.013077737763524055, 1.0]",2.3266169029304122,True
17,29,71.18905639648438,3.076789140701294,0.11693940346537968,22.1945747026876,"[-0.09505754709243774, 1.0]",2.319495337138657,True
17,30,73.40492248535156,3.202944755554199,0.11211921505039069,22.21001671686144,"[-0.28335848450660706, 1.0]",2.315811164093064,True
17,31,75.62511444091797,3.310225009918213,0.05916611835774521,22.292805431968855,"[-0.30661889910697937, 1.0]",2.320509580010266,True
17,32,77.85166931152344,3.3485920429229736,-0.0032455944204796694,22.20352508505446,"[-0.23059451580047607, 1.0]",2.3264707334882138,True
17,33,80.07450866699219,3.2994863986968994,-0.06384609134134145,22.299625436572857,"[-0.07773470878601074, 1.0]",2.323187669933328,True
17,34,82.30015563964844,3.181520462036133,-0.11377037492623909,22.25866356998917,"[0.05877327919006348, 1.0]",2.3258109587212012,True
17,35,84.52032470703125,3.042604684829712,-0.12924374033376296,22.193231049303662,"[0.165025532245636, 1.0]",2.320038607104679,True
17,36,86.73843383789062,2.916543960571289,-0.09247240989860295,22.312144450208336,"[0.20924338698387146, 1.0]",2.3185137808853127,True
17,37,88.96601104736328,2.836963653564453,-0.026150644007923773,22.24581178093882,"[0.17689958214759827, 1.0]",2.327683362486881,True
17,38,91.189208984375,2.8421523571014404,0.03955220324542097,22.176615094886305,"[0.12451097369194031, 1.0]",2.322992704938707,True
17,39,93.40811157226562,2.9359166622161865,0.10524972417658596,22.27581274764553,"[0.03581148386001587, 1.0]",2.31914374525503,True
17,40,95.62860107421875,3.095637083053589,0.15889484327848802,22.226556557224256,"[-0.10808375477790833, 1.0]",2.320509006460634,True
17,41,97.84227752685547,3.267714023590088,0.17348776762963158,22.121347319174156,"[-0.3035512864589691, 1.0]",2.3132225155730026,True
17,42,100.04779815673828,3.42645525932312,0.1352026964308699,22.104504925158338,"[-0.3967454731464386, 1.0]",2.304990902046025,True
17,43,102.25567626953125,3.5522775650024414,0.056641175328241644,22.125445018130865,"[-0.39208248257637024, 1.0]",2.3074426153745575,True
17,44,104.46731567382812,3.5982511043548584,-0.02293074909196413,22.08893113807969,"[-0.28231027722358704, 1.0]",2.311039594418234,True
17,45,106.6763687133789,3.5556180477142334,-0.10017347282278521,22.09105144213784,"[-0.08884075284004211, 1.0]",2.3084627710404018,True
17,46,108.88597106933594,3.4380178451538086,-0.16880619674938124,22.221090634490896,"[0.08937758207321167, 1.0]",2.30959726381224,True
17,47,111.10224151611328,3.2731411457061768,-0.21270960574182762,22.28574895940471,"[0.22312742471694946, 1.0]",2.316556317094665,True
17,48,113.32203674316406,3.11006236076355,-0.2058358538102789,22.18735711655362,"[0.2862212359905243, 1.0]",2.3196383340752726,True
17,49,115.53853607177734,2.959791421890259,-0.1447381447138989,22.304657698347633,"[0.24509835243225098, 1.0]",2.3168702882558456,True
17,50,117.7634506225586,2.8443076610565186,-0.046079877393314206,22.219988267728738,"[0.26846617460250854, 1.0]",10.0,True
18,0,6.731942653656006,0.003815309377387166,0.0021000356775822127,21.748961498330868,"[0.15123966336250305, 1.0]",1.8298129803984948,True
18,1,8.905753135681152,0.04477274417877197,0.021987856908021186,21.729741992251647,"[0.4265611171722412, 1.0]",2.271594320990279,True
18,2,11.073310852050781,0.1667477935552597,0.06464690388112793,21.64323196817224,"[0.490853875875473, 1.0]",2.264952260226404,True
18,3,13.225205421447754,0.38046056032180786,0.11857005700083434,21.556255639334935,"[0.5105143189430237, 1.0]",2.24889771977398,True
18,4,15.359701156616211,0.6726464033126831,0.1732388952257633,21.4877093830396,"[0.39724692702293396, 1.0]",2.2311904273921352,True
18,5,17.475540161132812,1.0442012548446655,0.22592674107383637,21.451022059295905,"[0.24468213319778442, 1.0]",2.212368603783433,True
18,6,19.572708129882812,1.4993791580200195,0.27720670681163906,21.481350746613536,"[0.07962581515312195, 1.0]",2.193834047109761,True
18,7,21.658344268798828,2.0180368423461914,0.3153769957674184,21.546338211804308,"[-0.15733817219734192, 1.0]",2.182594660869135,True
18,8,23.748722076416016,2.532885789871216,0.3036889143752788,21.510475774016175,"[-0.399059921503067, 1.0]",2.1871749486002603,True
18,9,25.842140197753906,3.028014659881592,0.24359694806456655,21.512855806604957,"[-0.47803276777267456, 1.0]",2.190225972467613,True
18,10,27.949565887451172,3.4530105590820312,0.17518713072121095,21.434733876792734,"[-0.487430602312088, 1.0]",2.2038819921428328,True
18,11,30.063589096069336,3.792827606201172,0.10895324914650395,21.315005128195544,"[-0.4461354911327362, 1.0]",2.209940731695044,True
18,12,32.17756271362305,4.0456061363220215,0.04393403534498219,21.187702533634326,"[-0.3752392530441284, 1.0]",2.2093182789550654,True
18,13,34.287567138671875,4.211623668670654,-0.020585303119931453,21.070129021209535,"[-0.2785603702068329, 1.0]",2.204820005644271,True
18,14,36.391502380371094,4.290384769439697,-0.08475696590453463,20.981319364194988,"[-0.14657902717590332, 1.0]",2.198351178838096,True
18,15,38.48914337158203,4.281369209289551,-0.148741408464506,20.942405835506005,"[0.0020365435630083084, 1.0]",2.1918818174707146,True
18,16,40.58378982543945,4.189075469970703,-0.20894189858963852,21.018724567301422,"[0.13861942291259766, 1.0]",2.1892307144102783,True
18,17,42.68102264404297,4.037125110626221,-0.25059040908711516,21.09241512377551,"[0.2595195770263672, 1.0]",2.1921486866605053,True
18,18,44.78352355957031,3.8763461112976074,-0.24641350723343436,21.09071258997572,"[0.33475083112716675, 1.0]",2.1974091221822345,True
18,19,46.88887405395508,3.7238378524780273,-0.1875480597627588,21.156781642783283,"[0.29573366045951843, 1.0]",2.2005560117772904,True
18,20,49.00259017944336,3.5921528339385986,-0.08183095081486513,21.221698200902594,"[0.3270816504955292, 1.0]",2.209213767392343,True
18,21,51.12382888793945,3.534435510635376,0.028869332006731696,21.191683088327764,"[0.22876527905464172, 1.0]",2.220656459845422,True
18,22,53.236019134521484,3.5631837844848633,0.13642095947152733,20.882122041960177,"[0.7459453344345093, 1.0]",2.1943583984865715,True
18,23,55.313629150390625,3.6708617210388184,0.23989595309768408,20.490339104614833,"[0.8124268054962158, 1.0]",2.132780061174373,True
18,24,57.34597396850586,3.8496522903442383,0.3408559905484241,20.044722330979038,"[0.8183934092521667, 1.0]",2.0524532378846967,True
18,25,59.325645446777344,4.094443321228027,0.43905273205209827,19.555285233878596,"[0.8224875330924988, 1.0]",1.9599672954821121,True
18,26,61.246421813964844,4.399483680725098,0.5337062708834761,19.01868438776635,"[0.8466155529022217, 1.0]",1.8594641619218575,True
18,27,63.102413177490234,4.758260726928711,0.6243873054748379,18.440390932618634,"[0.8602261543273926, 1.0]",1.9975336685959615,True
18,28,64.88862609863281,5.164041996002197,0.7109629440877878,17.82287474304486,"[0.8868875503540039, 1.0]",1.8745789026790234,True
18,29,66.60086059570312,5.609482765197754,0.7931797869446058,17.168743404454226,"[0.9251017570495605, 1.0]",1.7517047419951692,True
18,30,68.23577117919922,6.086905002593994,0.8707266436719143,16.483653128045074,"[0.959239661693573, 1.0]",1.6307683245198332,True
18,31,69.79093933105469,6.588940620422363,0.9433518455467018,15.774255317129885,"[0.9815963506698608, 0.9938257336616516]",1.5134305480443468,True
18,32,71.2647933959961,7.108847618103027,1.0108556554872132,15.045704085976036,"[1.0, 0.9855931401252747]",1.0616028187052318,True
18,33,72.6563949584961,7.640552043914795,1.0730801480408054,14.302802599892077,"[1.0, 0.9838959574699402]",0.9811560423809091,True
18,34,73.9651870727539,8.178916931152344,1.1300164349073407,13.54837928030426,"[1.0, 0.9829567670822144]",0.905321312112596,True
18,35,75.19092559814453,8.719270706176758,1.1816466729075161,12.784773386993741,"[1.0, 0.9842603802680969]",0.8340949616382248,True
18,36,76.3336181640625,9.257380485534668,1.2279697301978683,12.014173496665416,"[1.0, 0.9791877269744873]",0.7673398856693743,True
18,37,77.39344024658203,9.789464950561523,1.2689878371758097,11.238767934633266,"[1.0, 0.9787092208862305]",0.704842510317747,True
18,38,78.3707046508789,10.312207221984863,1.3047071856908747,10.460668793006441,"[1.0, 0.9782143831253052]",0.6463657535783198,True
18,39,79.26579284667969,10.82276725769043,1.3351326360120535,9.682028211195604,"[1.0, 0.9767957925796509]",0.5916575030623501,True
18,40,80.07909393310547,11.31877326965332,1.3602671176165435,8.905248300957348,"[1.0, 0.9796977043151855]",0.5404601684166103,True
18,41,80.81098937988281,11.798332214355469,1.3801100978721292,8.133162658698671,"[1.0, 0.9752891063690186]",0.4925448621410074,True
18,42,81.46180725097656,12.260021209716797,1.3946595794079908,7.369606684191054,"[1.0, 0.9730305075645447]",0.44769923647143334,True
18,43,82.03180694580078,12.702910423278809,1.403915012947154,6.620046470249053,"[1.0, 0.9733220338821411]",0.40575820237307403,True
18,44,82.52112579345703,13.126585960388184,1.407875183422373,5.892685866127214,"[1.0, 0.9728636145591736]",0.3666000519408895,True
18,45,82.9298324584961,13.531204223632812,1.4065350141828175,5.20068838841179,"[1.0, 0.9743696451187134]",0.33019885260050025,True
18,46,83.25789642333984,13.917593955993652,1.3998867487718138,4.566122432742404,"[1.0, 0.9724670648574829]",0.2966453207929681,True
18,47,83.5052490234375,14.28754997253418,1.3879258265259953,4.029878626813558,"[1.0, 0.9692069888114929]",0.26631451773655723,True
18,48,83.67220306396484,14.64503288269043,1.370795642025306,3.6876782152801364,"[1.0, 0.9663769602775574]",0.24058487519811914,True
18,49,83.77151489257812,14.996106147766113,1.3560590567781095,3.516188835210452,"[1.0, 0.9636895060539246]",0.22269660514028575,True
18,50,83.82770538330078,15.340368270874023,1.3604077158773435,3.390799576193938,"[1.0, 0.962403416633606]",0.21050195106810893,True
18,51,83.84500122070312,15.677016258239746,1.3887508072526753,3.3139514369042726,"[1.0, 0.9634319543838501]",0.19941389602679016,True
18,52,83.8207015991211,16.006811141967773,1.4390990993726271,3.306510257206759,"[1.0, 0.9620349407196045]",0.18896466637704876,True
18,53,83.75200653076172,16.331390380859375,1.5082464001172857,3.388651839550108,"[1.0, 0.962407648563385]",0.17971253178886748,True
18,54,83.64324951171875,16.654890060424805,1.589184836185297,3.5209438840504235,"[1.0, 0.9663821458816528]",0.17414588632301356,True
18,55,83.49910736083984,16.97924041748047,1.6764838080756639,3.668841283100254,"[1.0, 0.9758579730987549]",0.1709271459784987,True
18,56,83.31997680664062,17.302778244018555,1.7682144277421392,3.820278396216008,"[1.0, 0.9863862991333008]",0.16721211212226825,True
18,57,83.1047592163086,17.622753143310547,1.8631489633580345,3.995430872616421,"[0.9581660628318787, 1.0]",0.16216749682354015,True
18,58,82.85319519042969,17.938798904418945,1.9592607493337995,4.202807420474032,"[0.8795288801193237, 1.0]",0.1572702618470311,True
18,59,82.56510925292969,18.25180435180664,2.0545074407189654,4.441274944229611,"[0.7888098359107971, 1.0]",0.15323182737620272,True
18,60,82.24189758300781,18.56641387939453,2.1455403787588674,4.750403922564675,"[0.6221256256103516, 1.0]",0.1527135577878605,True
18,61,81.88741302490234,18.892980575561523,2.2260444095606,5.081607981479507,"[0.4341893196105957, 1.0]",0.15945080836556375,True
18,62,81.50959014892578,19.2420711517334,2.287548450460299,5.4003076476494325,"[0.23711222410202026, 1.0]",0.1744454172030148,True
18,63,81.11455535888672,19.619199752807617,2.326155897309014,5.707367090105606,"[0.11043214797973633, 1.0]",0.19472077397378798,True
18,64,80.7026138305664,20.02277374267578,2.3464856701223518,6.00635669013731,"[0.03404274582862854, 1.0]",0.21521359314684685,True
18,65,80.2742919921875,20.45211410522461,2.353545244118961,6.300768828976777,"[-0.02714693360030651, 1.0]",0.23662785785778195,True
18,66,79.83260345458984,20.909481048583984,2.349852305214376,6.592533100201001,"[-0.07368510961532593, 1.0]",0.2613690289950905,True
18,67,79.38109588623047,21.397659301757812,2.337266671955852,6.882817773728358,"[-0.1085263192653656, 1.0]",0.29008926403822405,True
18,68,78.92374420166016,21.919565200805664,2.3171272485814276,7.171331814531147,"[-0.13845154643058777, 1.0]",0.32317445740781614,True
18,69,78.46391296386719,22.477371215820312,2.290978668523348,7.462607285095629,"[-0.14637568593025208, 1.0]",0.47182604066427125,True
18,70,78.00814056396484,23.074613571166992,2.258258339001335,7.733118390415915,"[-0.21276527643203735, 1.0]",0.5284240668638552,True
18,71,77.57166290283203,23.717857360839844,2.2132865363585754,7.972995626388718,"[-0.2831695079803467, 1.0]",0.5964356722360679,True
18,72,77.16952514648438,24.410322189331055,2.154416028881829,8.182135154020257,"[-0.34575173258781433, 1.0]",0.6718522240958003,True
18,73,76.8133316040039,25.151487350463867,2.083840229334398,8.409237834742308,"[-0.3624645471572876, 1.0]",0.749198640537742,True
18,74,76.50900268554688,25.940893173217773,2.005527414188069,8.669823012260858,"[-0.3471391797065735, 1.0]",0.8260086991039847,True
18,75,76.24928283691406,26.775026321411133,1.9295490927637895,8.980787929318248,"[-0.24716375768184662, 1.0]",0.8966201182486659,True
18,76,76.00942993164062,27.646207809448242,1.8729418727394467,9.27711073145009,"[-0.07620638608932495, 1.0]",0.9556561324411309,True
18,77,75.75963592529297,28.54524803161621,1.8482164859679058,9.564225035604547,"[0.015807481482625008, 1.0]",0.8814416941166712,True
18,78,75.49019622802734,29.468935012817383,1.8470180301878565,9.856217253549264,"[0.050349682569503784, 1.0]",0.9680399588421436,True
18,79,75.2138442993164,30.417551040649414,1.8498626024824405,10.022974244481826,"[-0.16926994919776917, 1.0]",0.9937194119321995,True
18,80,74.97256469726562,31.393117904663086,1.828870767822109,10.179841462333815,"[-0.24197885394096375, 1.0]",1.021376150594174,True
18,81,74.7806167602539,32.39584732055664,1.786786597459809,10.346194973401209,"[-0.2738136053085327, 1.0]",1.0492872932738602,True
18,82,74.6489486694336,33.4255256652832,1.730130258758111,10.531764448557887,"[-0.28048044443130493, 1.0]",1.077071284745073,True
18,83,74.58396911621094,34.481346130371094,1.6647764354103778,10.767632053867656,"[-0.25428929924964905, 1.0]",1.104274809330295,True
18,84,74.575439453125,35.5645866394043,1.6033465177739565,11.076253482396172,"[-0.12067162990570068, 1.0]",1.133083649703986,True
18,85,74.58804321289062,36.67757797241211,1.567432571245802,11.366043299525911,"[-0.008777765557169914, 1.0]",1.164138527855679,True
18,86,74.59556579589844,37.81983947753906,1.5598902337628857,11.65618897711224,"[0.04399433732032776, 1.0]",1.194714355523958,True
18,87,74.5893325805664,38.99134063720703,1.5685133400127302,11.951557376739219,"[0.04394209384918213, 1.0]",1.2252831678632952,True
18,88,74.571044921875,40.19230270385742,1.5808762354762513,12.248568885461983,"[0.03506183624267578, 1.0]",1.2560806266349696,True
18,89,74.542236328125,41.42278289794922,1.5917031254732652,12.546123139450001,"[0.020905466750264168, 1.0]",1.2869377482193218,True
18,90,74.5063247680664,42.68283462524414,1.598633752538844,12.843558618518255,"[0.006578745320439339, 1.0]",1.317847741078254,True
18,91,74.47042083740234,43.972572326660156,1.59965616920965,13.139137557841332,"[-0.021789340302348137, 1.0]",1.3488638204263017,True
18,92,74.44441223144531,45.2921142578125,1.593083991143228,13.434512236858852,"[-0.033299922943115234, 1.0]",1.3799972362182085,True
18,93,74.43099212646484,46.64144515991211,1.5830412502038367,13.731566401593042,"[-0.024857698008418083, 1.0]",1.411122950906778,True
18,94,74.42691040039062,48.02055358886719,1.5746235725022806,14.029013545132974,"[-0.01261955313384533, 1.0]",1.4422389899081764,True
18,95,74.42802429199219,49.42940139770508,1.5698501954502522,14.326337111249105,"[-0.0022130589932203293, 1.0]",1.4733163258385116,True
18,96,74.4305419921875,50.86797332763672,1.5685375560532986,14.623555398323623,"[0.0033659953624010086, 1.0]",1.5043779292240969,True
18,97,74.43202209472656,52.336273193359375,1.569332398847025,14.9207935629833,"[0.004519583657383919, 1.0]",1.5354434367560812,True
18,98,74.43159484863281,53.83429718017578,1.5708462174541222,15.218062141047685,"[0.003803553059697151, 1.0]",1.5665052664511208,True
18,99,74.42900085449219,55.36204528808594,1.5724459902030785,15.515319914622598,"[0.0041086990386247635, 1.0]",1.597567047525958,True
18,100,74.42431640625,56.919517517089844,1.5738431799582113,15.812607012058372,"[0.0012480933219194412, 1.0]",1.628628960558169,True
18,101,74.41899871826172,58.5067138671875,1.5743051835316575,16.10987733282235,"[-0.001522539183497429, 1.0]",10.0,True
19,0,6.75181245803833,6.996258735656738,-0.002053164042396638,21.96105456497212,"[-0.3312658965587616, 1.0]",1.8506372035807046,True
19,1,8.942083358764648,6.957508087158203,-0.02057971048164209,21.705395522147906,"[-0.8397492170333862, 0.6793187260627747]",2.287945180575984,True
19,2,11.10188102722168,6.846964359283447,-0.05789246156641514,21.33866286786615,"[-0.9143489599227905, 0.5317729115486145]",2.255821651362429,True
19,3,13.224251747131348,6.654177665710449,-0.10549140604551077,21.185727278716474,"[-0.6986305713653564, 0.9531255960464478]",2.217706492663892,True
19,4,15.324226379394531,6.385488033294678,-0.1542799845835443,21.102901625640644,"[-0.5264699459075928, 1.0]",2.1949376895785666,True
19,5,17.404760360717773,6.038999080657959,-0.19983375450351293,21.044156492602,"[-0.4100697636604309, 1.0]",2.1752326855399513,True
19,6,19.465059280395508,5.610748767852783,-0.2426169047834179,21.03611109304953,"[-0.2603152394294739, 1.0]",2.1549614195964573,True
19,7,21.508174896240234,5.096744060516357,-0.2839343843573978,21.17350719959346,"[-0.055443793535232544, 1.0]",2.138396398242897,True
19,8,23.54581642150879,4.516195774078369,-0.31195736376970196,21.268257374597827,"[0.13560128211975098, 1.0]",2.133348683454245,True
19,9,25.594247817993164,3.937937021255493,-0.29160681829986146,21.36635526795193,"[0.25773972272872925, 1.0]",2.1445799951901585,True
19,10,27.664220809936523,3.403870105743408,-0.24533932120775148,21.419600357048758,"[0.32058185338974, 1.0]",2.166361193550079,True
19,11,29.756633758544922,2.9479403495788574,-0.19590718979230015,21.40322503968337,"[0.3957809805870056, 1.0]",2.1887274612869736,True
19,12,31.863426208496094,2.5768394470214844,-0.14737187787393324,21.352469494280083,"[0.41438499093055725, 1.0]",2.202878562675432,True
19,13,33.97800064086914,2.290527820587158,-0.10006135374089276,21.287017866609467,"[0.4041186273097992, 1.0]",2.2103660127727895,True
19,14,36.09577560424805,2.0901544094085693,-0.05401609744174962,21.21705821711343,"[0.3835396468639374, 1.0]",2.2132517253559167,True
19,15,38.21317672729492,1.9765230417251587,-0.009095627229002368,21.156752944282225,"[0.3377801775932312, 1.0]",2.212606511296145,True
19,16,40.327693939208984,1.9501614570617676,0.03493907560518572,21.110388508382385,"[0.29146134853363037, 1.0]",2.2095139602017833,True
19,17,42.437007904052734,2.011260509490967,0.07812130057443856,21.073181579297128,"[0.2638225257396698, 1.0]",2.204143281950587,True
19,18,44.53875732421875,2.1598072052001953,0.12041842395540492,21.05970325971789,"[0.2082965075969696, 1.0]",2.196518084834746,True
19,19,46.63234329223633,2.396064281463623,0.16200208648033776,21.10204841845444,"[0.10780909657478333, 1.0]",2.1885451859006233,True
19,20,48.72467041015625,2.700320243835449,0.19199567194124612,21.29604766340694,"[-0.06576591730117798, 1.0]",2.1881593324052533,True
19,21,50.83024597167969,3.0245859622955322,0.18189057350104942,21.389969662101002,"[-0.2362949550151825, 1.0]",2.3067450833895147,True
19,22,52.935943603515625,3.321139097213745,0.13793523286734555,20.890209077537136,"[-1.0, -0.12203085422515869]",2.163162799005741,True
19,23,54.99803924560547,3.547314167022705,0.09263739272813343,20.22365865125578,"[-1.0, -0.3460061252117157]",1.9339053335226848,True
19,24,57.00124740600586,3.6985011100769043,0.04709347650419815,19.564661488130284,"[-1.0, -0.386283814907074]",2.111798478208984,True
19,25,58.943355560302734,3.7750697135925293,8.508799682793722e-05,18.937854670447084,"[-1.0, -0.40575742721557617]",1.84229624526351,True
19,26,60.824859619140625,3.781048059463501,-0.04575949911417787,18.331016060378126,"[-1.0, -0.4187152087688446]",1.6122783733906807,True
19,27,62.644569396972656,3.719648838043213,-0.08878459757911639,17.71698666983322,"[-1.0, -0.4271184802055359]",1.4195462633278928,True
19,28,64.39909362792969,3.592989683151245,-0.12850111786379514,17.091027932024836,"[-1.0, -0.4330679774284363]",1.2591747539942442,True
19,29,66.08485412597656,3.4041290283203125,-0.16542318321665306,16.452667041271486,"[-1.0, -0.4331790804862976]",1.1257793313547115,True
19,30,67.69798278808594,3.1565144062042236,-0.20015067067323233,15.790089551344764,"[-1.0, -0.435580849647522]",1.0142780721050562,True
19,31,69.23350524902344,2.854048728942871,-0.23333525575227387,15.090638019775625,"[-1.0, -0.44516974687576294]",0.9198538274802274,True
19,32,70.68568420410156,2.501710891723633,-0.2660553855372054,14.350880454991016,"[-1.0, -0.4469723105430603]",0.8384200018267159,True
19,33,72.04872131347656,2.1054470539093018,-0.29986581347241525,13.569593242654319,"[-1.0, -0.4526332914829254]",0.766965143837561,True
19,34,73.31743621826172,1.671852946281433,-0.33664659812944464,12.762569449987154,"[-1.0, -0.45150941610336304]",0.7034543848421595,True
19,35,74.48835754394531,1.2069604396820068,-0.37789084077344803,11.947129234015211,"[-1.0, -0.4475453794002533]",0.6471526877555552,True
19,36,75.55948638916016,0.7160305976867676,-0.4241229178230599,11.133922485512146,"[-1.0, -0.44750159978866577]",0.5974236732716989,True
19,37,76.52977752685547,0.20417183637619019,-0.4750974189838306,10.324960873278478,"[-1.0, -0.4529457986354828]",0.5532345369356023,True
19,38,77.39838409423828,-0.3231916129589081,-0.5304352432745869,9.518206342403925,"[-1.0, -0.46173587441444397]",0.5132959037270912,True
19,39,78.16455078125,-0.8600507378578186,-0.589876865647101,8.713819754419255,"[-1.0, -0.465101033449173]",0.4763780242018003,True
19,40,78.827880859375,-1.3998957872390747,-0.6532415906214109,7.914530141832636,"[-1.0, -0.4543919265270233]",0.4415262547907821,True
19,41,79.38835144042969,-1.935601830482483,-0.7203896022402869,7.115655384871099,"[-1.0, -0.4448997378349304]",0.4077970667800713,True
19,42,79.84646606445312,-2.459109306335449,-0.7913607147620265,6.324225539358099,"[-1.0, -0.4121559262275696]",0.374218760981616,True
19,43,80.20332336425781,-2.961623191833496,-0.8662898172958418,5.526921607543457,"[-1.0, -0.3924272656440735]",-5.0,False
20,0,6.776557922363281,0.003815897973254323,0.0020976388326010564,22.308509468449728,"[0.15123966336250305, 1.0]",1.876946214971305,True
20,1,9.001834869384766,0.04473089426755905,0.021864685707605247,22.097651084602965,"[0.43277445435523987, 1.0]",2.324716376902198,True
20,2,11.206615447998047,0.16756199300289154,0.06491148893542764,21.993798021069953,"[0.49604108929634094, 1.0]",2.303752669708096,True
20,3,13.393160820007324,0.384348064661026,0.12114959483268528,21.895575582310933,"[0.5142722725868225, 1.0]",2.2850754621296767,True
20,4,15.56128978729248,0.6799622178077698,0.17817173535486308,21.819089318523698,"[0.3981676399707794, 1.0]",2.266314869218513,True
20,5,17.710054397583008,1.0545905828475952,0.2326264554281492,21.77266169049632,"[0.24022921919822693, 1.0]",2.246741587897761,True
20,6,19.839412689208984,1.5124523639678955,0.28536862976245914,21.794656498183375,"[0.06565970182418823, 1.0]",2.227434245867802,True
20,7,21.956289291381836,2.0335259437561035,0.32487902137876645,21.835914344025834,"[-0.18643909692764282, 1.0]",2.215138216720968,True
20,8,24.07582664489746,2.549785614013672,0.31464169699044753,21.77077963645404,"[-0.42518237233161926, 1.0]",2.217505861879668,True
20,9,26.194717407226562,3.0495376586914062,0.2525435714305786,21.76662269754301,"[-0.5034494996070862, 1.0]",2.216840564468045,True
20,10,28.32587432861328,3.484701156616211,0.17768810530090384,21.681032315682568,"[-0.5088267922401428, 1.0]",2.22872156680729,True
20,11,30.462806701660156,3.835437536239624,0.10527515736499549,21.546062873302233,"[-0.4614368677139282, 1.0]",2.233889655976735,True
20,12,32.59840393066406,4.098840713500977,0.03441083760296859,21.399566032901614,"[-0.38303688168525696, 1.0]",2.2318952761519637,True
20,13,34.72848892211914,4.275315761566162,-0.036050013253912105,21.263047837369154,"[-0.27280086278915405, 1.0]",2.2257687067232395,True
20,14,36.85089874267578,4.364669322967529,-0.10627970172817314,21.151902776252385,"[-0.13328224420547485, 1.0]",2.2175933830497763,True
20,15,38.96507263183594,4.366475582122803,-0.1763730363546232,21.084699837868587,"[0.02459791488945484, 1.0]",2.2090550384305647,True
20,16,41.07374954223633,4.283782005310059,-0.24353875799474878,21.12606075483361,"[0.1783660650253296, 1.0]",2.203744183797142,True
20,17,43.18246841430664,4.138043403625488,-0.2943767721496524,21.193781591539853,"[0.3038792610168457, 1.0]",2.204090889232242,True
20,18,45.294219970703125,3.973893880844116,-0.30393046308614835,21.16641729497388,"[0.40348926186561584, 1.0]",2.207000434223867,True
20,19,47.406436920166016,3.8175692558288574,-0.2600082788080167,21.20208378167386,"[0.3716064393520355, 1.0]",2.207626326480423,True
20,20,49.52103805541992,3.673543691635132,-0.16239197326392496,21.21925267542848,"[0.40061134099960327, 1.0]",2.2100877722933343,True
20,21,51.64044189453125,3.569349765777588,-0.033624539291122524,21.193170749115247,"[0.3838406503200531, 1.0]",2.220380919193114,True
20,22,53.75271987915039,3.5467209815979004,0.09173111900917963,20.863183525484118,"[0.8892302513122559, 1.0]",2.1809797353928744,True
20,23,55.83000183105469,3.602342367172241,0.21080717661712978,20.442305217849075,"[0.9035018682479858, 1.0]",2.1050641223048383,True
20,24,57.860836029052734,3.7285468578338623,0.3265303144126701,19.963465015301555,"[0.9083724021911621, 1.0]",2.0117797515357303,True
20,25,59.837646484375,3.9185667037963867,0.4388703055174279,19.436639654321265,"[0.9076598882675171, 1.0]",1.9081595308765624,True
20,26,61.75404739379883,4.166072845458984,0.5469632870528089,18.863387347669395,"[0.8969060182571411, 1.0]",2.0484508522366056,True
20,27,63.6040153503418,4.464151859283447,0.6504380809418846,18.23490900768571,"[0.9509435892105103, 1.0]",1.9195925871522828,True
20,28,65.38204956054688,4.80446195602417,0.7489754407489793,17.57074324420884,"[0.9274148941040039, 1.0]",1.789367378539091,True
20,29,67.084228515625,5.180065631866455,0.8428665831392959,16.870480044125173,"[0.9444661140441895, 1.0]",1.661541472831824,True
20,30,68.70743560791016,5.583281517028809,0.9320388038150726,16.142364278315473,"[0.939028263092041, 1.0]",1.5373588570584893,True
20,31,70.24955749511719,6.006655693054199,1.0164011225355711,15.387689110965832,"[0.9850587844848633, 0.9945907592773438]",1.0747305277663917,True
20,32,71.70936584472656,6.441891670227051,1.0955179460149953,14.61243583993952,"[0.9965701103210449, 0.9916061162948608]",0.9885480059485683,True
20,33,73.086181640625,6.881997585296631,1.1693444665680044,13.820999494319357,"[1.0, 0.9847931861877441]",0.9065494984819895,True
20,34,74.37982940673828,7.3208112716674805,1.2379328488624504,13.017481251537546,"[0.9904561042785645, 0.991605818271637]",0.8289453841287997,True
20,35,75.59053039550781,7.7529520988464355,1.3013531340350015,12.204708801032641,"[0.9901053309440613, 0.9951333403587341]",0.7557751765907685,True
20,36,76.71890258789062,8.173209190368652,1.3595318354843302,11.384899267111585,"[1.0, 0.9841963052749634]",0.686707080610348,True
20,37,77.76583862304688,8.576678276062012,1.4124063689248176,10.559689967049685,"[0.9942390322685242, 0.9945386052131653]",0.6213940075727917,True
20,38,78.73228454589844,8.959246635437012,1.4600404920974368,9.73125308983828,"[0.9994826316833496, 0.9919629096984863]",0.559661654060256,True
20,39,79.6192855834961,9.31718635559082,1.5024377794637136,8.899930160075018,"[0.987035870552063, 0.9952014088630676]",0.5011641935032647,True
20,40,80.42779541015625,9.647473335266113,1.5396649556925226,8.068500097379356,"[1.0, 0.9900493621826172]",0.4456964985910226,True
20,41,81.15901184082031,9.9470796585083,1.5715943993866488,7.237147144938472,"[1.0, 0.9849667549133301]",0.39282067109671515,True
20,42,81.81391143798828,10.213720321655273,1.5982587607320096,6.406681135223139,"[1.0, 0.9947430491447449]",0.3423689197241973,True
20,43,82.39330291748047,10.445625305175781,1.6196824228019082,5.577420836871807,"[1.0, 0.9996852874755859]",0.2941132867179984,True
20,44,82.89774322509766,10.641551971435547,1.6358859936908183,4.748930371674978,"[0.993935763835907, 1.0]",0.24784085267872,True
20,45,83.32744598388672,10.80092716217041,1.646957865379795,3.92061863224956,"[0.9810916185379028, 1.0]",0.20341629911189024,True
20,46,83.68231201171875,10.92378044128418,1.6529906909076377,3.0949245775493006,"[0.9840108156204224, 1.0]",0.16071860807150234,True
20,47,83.96221160888672,11.01048469543457,1.653967580007371,2.2726517693774047,"[0.9863685369491577, 1.0]",0.11957888452496665,True
20,48,84.16659545898438,11.062337875366211,1.6499565098658184,1.4554214286919183,"[0.9899886846542358, 1.0]",0.08003571865635668,True
20,49,84.2942886352539,11.082391738891602,1.6411563187478686,0.6459931956061775,"[1.0, 0.9833958148956299]",0.04249877112894471,True
20,50,84.34522247314453,11.079890251159668,1.62978305628609,0.09145195393279494,"[1.0, 0.9733191728591919]",0.011039873033557506,True
20,51,84.34915161132812,11.079906463623047,1.6245679668545234,0.18556654609851087,"[1.0, 0.9653360843658447]",0.001755470194038006,True
20,52,84.335205078125,11.098777770996094,1.6276529352105684,0.43250049685627245,"[1.0, 0.9655691385269165]",0.007878354240090776,True
20,53,84.31080627441406,11.140328407287598,1.6385981028494954,0.6789436116621477,"[1.0, 0.9636449813842773]",0.017603788168550356,True
20,54,84.27472686767578,11.203585624694824,1.6567223871284624,0.9237049733260315,"[1.0, 0.9734535217285156]",0.026611476436041948,True
20,55,84.2247314453125,11.2870454788208,1.681761560855442,1.1677252097384463,"[1.0, 0.9914922118186951]",0.03443482741604984,True
20,56,84.16046905517578,11.390995979309082,1.7130691666429523,1.4309006003838511,"[0.9142286777496338, 1.0]",0.04249685274271679,True
20,57,84.08235931396484,11.517288208007812,1.7493036537366229,1.695491283267225,"[0.8705218434333801, 1.0]",0.05169312926137135,True
20,58,83.9889144897461,11.665443420410156,1.7900412965622652,1.9682425712991172,"[0.8111308813095093, 1.0]",0.06050236555956457,True
20,59,83.87743377685547,11.833824157714844,1.8352249536697403,2.2254265092290875,"[0.8234132528305054, 1.0]",0.06798792106137484,True
20,60,83.74224090576172,12.015812873840332,1.886827494794579,2.4486507892988962,"[0.8872232437133789, 1.0]",0.07089612784017506,True
20,61,83.57935333251953,12.204182624816895,1.9461806669293888,2.6642676308790683,"[0.9140832424163818, 1.0]",0.06936144838179417,True
20,62,83.38887023925781,12.396241188049316,2.0119411716203337,2.8719368209859675,"[0.9288246035575867, 1.0]",0.06652506138729831,True
20,63,83.171630859375,12.592782020568848,2.0819616022119423,3.1382811530957144,"[0.8179928064346313, 1.0]",0.06459305081363446,True
20,64,82.932861328125,12.806286811828613,2.1491885765571395,3.4634938928171577,"[0.5176703929901123, 1.0]",0.0706529636537565,True
20,65,82.68348693847656,13.054619789123535,2.2001105468654085,3.7732756372425196,"[0.25310218334198, 1.0]",0.08879181104311143,True
20,66,82.42694854736328,13.339639663696289,2.231093163776145,4.084186318978591,"[0.130698561668396, 1.0]",0.10933034725683,True
20,67,82.1560287475586,13.653440475463867,2.2495291627383276,4.390698570478875,"[0.09485307335853577, 1.0]",0.12466186835865661,True
20,68,81.86310577392578,13.988548278808594,2.263612291477803,4.692626009535634,"[0.11217430233955383, 1.0]",0.13480516989215152,True
20,69,81.54393005371094,14.34073257446289,2.278259943789348,4.9945979241001695,"[0.11294203996658325, 1.0]",0.14221321840382947,True
20,70,81.19819641113281,14.709516525268555,2.293758476069173,5.296943660929725,"[0.11035594344139099, 1.0]",0.14983613820268477,True
20,71,80.82746124267578,15.096360206604004,2.308649474725324,5.601464632564349,"[0.07365897297859192, 1.0]",0.15926486178697902,True
20,72,80.43477630615234,15.50430965423584,2.319997070972097,5.905540035242962,"[0.042711079120635986, 1.0]",0.17188679357042733,True
20,73,80.02279663085938,15.935782432556152,2.3262390545140517,6.207726186906318,"[-0.006542949005961418, 1.0]",0.18745416685824925,True
20,74,79.59712219238281,16.395545959472656,2.3242681821493387,6.50386426120613,"[-0.07257264852523804, 1.0]",0.20827543968122764,True
20,75,79.1649169921875,16.889015197753906,2.3113642345615233,6.793748550300902,"[-0.1328258514404297, 1.0]",0.23547306916784905,True
20,76,78.73336029052734,17.420705795288086,2.286867546748593,7.077603416209538,"[-0.1868899166584015, 1.0]",0.2689003076825137,True
20,77,78.31099700927734,17.994998931884766,2.250505277856869,7.352143089823896,"[-0.24239039421081543, 1.0]",0.30912021869092554,True
20,78,77.90904998779297,18.615333557128906,2.2017601088446037,7.589997466731993,"[-0.31791695952415466, 1.0]",0.4662106199239292,True
20,79,77.53524780273438,19.282955169677734,2.1429645027735154,7.8886797152525485,"[-0.26364219188690186, 1.0]",0.5358291379660628,True
20,80,77.18756103515625,19.99593162536621,2.082130746230676,8.138481646448012,"[-0.32421061396598816, 1.0]",0.6058692793121638,True
20,81,76.87582397460938,20.75473403930664,2.017201846879622,8.447679658839364,"[-0.24179989099502563, 1.0]",0.681683944913555,True
20,82,76.57615661621094,21.550779342651367,1.966531578583879,8.752580842546996,"[-0.078084796667099, 1.0]",0.745446953930231,True
20,83,76.27391815185547,22.378511428833008,1.936561362361536,9.052429891912297,"[-0.11296164989471436, 1.0]",0.8028217936848345,True
20,84,75.98588562011719,23.2430419921875,1.9083959038309126,9.353068707008184,"[-0.10587853193283081, 1.0]",0.8708526353228703,True
20,85,75.71491241455078,24.144311904907227,1.879735230495589,9.64859422307801,"[-0.12201735377311707, 1.0]",0.9402837596217336,True
20,86,75.46583557128906,25.082616806030273,1.8484288064858123,9.947029688945193,"[-0.11849513649940491, 1.0]",0.887632272706008,True
20,87,75.23577117919922,26.056652069091797,1.8182118650332304,10.251287543446855,"[-0.08784705400466919, 1.0]",0.9463862275069728,True
20,88,75.01958465576172,27.06494903564453,1.7929314089114896,10.55464065333138,"[-0.07270315289497375, 1.0]",1.001390686780191,True
20,89,74.81690216064453,28.106937408447266,1.7712536271781378,10.857138611834257,"[-0.0647011399269104, 1.0]",1.0529788369035162,True
20,90,74.62044525146484,29.18086051940918,1.755989153468617,11.159755508820005,"[-0.001338062807917595, 1.0]",1.124142010751604,True
20,91,74.4295883178711,30.282724380493164,1.7453291687705454,11.318601126764857,"[-0.1988864243030548, 1.0]",1.1527975661544263,True
20,92,74.28369903564453,31.407955169677734,1.7143849180242627,11.475433727423871,"[-0.2441282570362091, 1.0]",1.1768702409579777,True
20,93,74.19654846191406,32.55561828613281,1.6666701759720195,11.658042752100373,"[-0.2434508502483368, 1.0]",1.2001243088395297,True
20,94,74.17316436767578,33.72742462158203,1.6109480783419106,11.951404472227177,"[-0.16526257991790771, 1.0]",1.225587655574241,True
20,95,74.19449615478516,34.92851638793945,1.564527628418257,12.258627357507555,"[-0.05763569474220276, 1.0]",1.256255589466206,True
20,96,74.2283935546875,36.15982437133789,1.543499672555046,12.558845379234413,"[0.010407479479908943, 1.0]",1.2878227876049924,True
20,97,74.25737762451172,37.42130661010742,1.5431622146748252,12.858044673436074,"[0.038215816020965576, 1.0]",1.3193434397999937,True
20,98,74.27494812011719,38.71304702758789,1.5525371970992037,13.16059060028055,"[0.030787291005253792, 1.0]",1.3509630751817312,True
20,99,74.282470703125,40.03514099121094,1.5628242601820688,13.463502825723404,"[0.02541130967438221, 1.0]",1.3826797263388022,True
20,100,74.28056335449219,41.3875617980957,1.5713591358269772,13.766796248442313,"[0.013518841937184334, 1.0]",1.4143713900027561,True
20,101,74.27361297607422,42.770286560058594,1.576037233804726,14.069902691197015,"[-0.00040516071021556854, 1.0]",1.4460393240732772,True
20,102,74.26738739013672,44.183311462402344,1.5760509896559345,14.372602496179807,"[-0.011544166132807732, 1.0]",1.477701613576559,True
20,103,74.26747131347656,45.62660598754883,1.5718530255529906,14.674925928571396,"[-0.019947586581110954, 1.0]",1.5093316918250557,True
20,104,74.2772216796875,47.100128173828125,1.5651002507048135,14.977800863665594,"[-0.017216769978404045, 1.0]",1.540922290165792,True
20,105,74.29499816894531,48.60386657714844,1.5591193724226864,15.281018327150596,"[-0.007391659542918205, 1.0]",1.5725029857924901,True
20,106,74.31663513183594,50.137874603271484,1.5562262744202089,15.584118579554914,"[0.0016273576766252518, 1.0]",1.604136559731044,True
20,107,74.33818817138672,51.70219802856445,1.5564977015098558,15.887139757946638,"[0.006217600777745247, 1.0]",1.6358155542037287,True
20,108,74.35710906982422,53.29685974121094,1.558645225718922,16.19019701752527,"[0.0067866165190935135, 1.0]",1.6675175992253481,True
20,109,74.3722915649414,54.921871185302734,1.5614132466963282,16.493277676740433,"[0.00664764828979969, 1.0]",1.6992311936371287,True
20,110,74.38361358642578,56.57722091674805,1.5641057446904396,16.79641383461525,"[0.004566611722111702, 1.0]",1.730933593701081,True
20,111,74.39219665527344,58.26289749145508,1.5659696209173184,17.099576866961826,"[0.001301916316151619, 1.0]",10.0,True
21,0,6.737871170043945,3.5037617683410645,0.0020833909207684798,21.90090432044574,"[0.03267344832420349, 1.0]",1.8364252394859513,True
21,1,8.930147171020508,3.5129873752593994,0.004785434162763558,22.05135168692336,"[-0.12456962466239929, 1.0]",2.291507083567718,True
21,2,11.136930465698242,3.461470603942871,-0.028010862029343997,22.169991310253216,"[-0.1671472191810608, 1.0]",2.306548255573874,True
21,3,13.355355262756348,3.3301432132720947,-0.07362495254800372,22.397328347215225,"[-0.0503426194190979, 1.0]",2.319212774620574,True
21,4,15.58560562133789,3.1454579830169678,-0.1029464893078309,22.352157939396808,"[0.08297267556190491, 1.0]",2.3308350693088284,True
21,5,17.81245994567871,2.970015287399292,-0.08748151285774064,22.283737643700068,"[0.15238484740257263, 1.0]",2.3271311437374704,True
21,6,20.035932540893555,2.8461074829101562,-0.0474483427194512,22.2154003369963,"[0.14760085940361023, 1.0]",2.3234418967313273,True
21,7,22.259807586669922,2.8043816089630127,5.526059261917737e-05,22.316841035502215,"[0.13511553406715393, 1.0]",2.324300830436127,True
21,8,24.489255905151367,2.8531277179718018,0.04824835631091062,22.266295229142642,"[0.07264867424964905, 1.0]",2.3296466470125874,True
21,9,26.712337493896484,2.9669580459594727,0.08407266666243896,22.230585727005046,"[-0.039527714252471924, 1.0]",2.32311922451664,True
21,10,28.930084228515625,3.093635320663452,0.0826346928318511,22.151984174404223,"[-0.17677095532417297, 1.0]",2.3174306634039596,True
21,11,31.145862579345703,3.188626766204834,0.04163719206284355,22.2434716199318,"[-0.23278453946113586, 1.0]",2.3158739731197713,True
21,12,33.36792755126953,3.2080607414245605,-0.0077881482918282785,22.168133654845477,"[-0.175309956073761, 1.0]",2.3218215733706327,True
21,13,35.58863830566406,3.141234874725342,-0.05559402038762151,22.350641678813552,"[-0.05355486273765564, 1.0]",2.321288641949192,True
21,14,37.81830596923828,3.011253595352173,-0.08919339280644323,22.30879024518025,"[0.06902158260345459, 1.0]",2.33005721967753,True
21,15,40.044132232666016,2.884610652923584,-0.07633724896019523,22.24082122963272,"[0.1417391300201416, 1.0]",2.3259099589610814,True
21,16,42.26537322998047,2.8023979663848877,-0.030918634465547434,22.17909905346651,"[0.1294264793395996, 1.0]",2.321046943055052,True
21,17,44.486507415771484,2.803354263305664,0.02194471369836215,22.293967803140777,"[0.10986316204071045, 1.0]",2.321457040905149,True
21,18,46.712955474853516,2.8875339031219482,0.07149002946014171,22.251339091492905,"[0.02566811628639698, 1.0]",2.3265790849937495,True
21,19,48.932899475097656,3.0242817401885986,0.10196364970753713,22.201681557457626,"[-0.11202627420425415, 1.0]",2.3198515672527,True
21,20,51.15076446533203,3.1508443355560303,0.08365348510686044,22.273903189750918,"[-0.24554818868637085, 1.0]",2.3180975545882543,True
21,21,53.37379837036133,3.2353286743164062,0.032287232949739675,22.178045797463408,"[-0.25052961707115173, 1.0]",2.3228351111178824,True
21,22,55.59382629394531,3.237065076828003,-0.022842065827664015,22.246518052716425,"[-0.15074387192726135, 1.0]",2.3201372548212085,True
21,23,57.816131591796875,3.161109447479248,-0.07233678152873235,22.20722651872375,"[-0.006729660555720329, 1.0]",2.3222378171858193,True
21,24,60.0358772277832,3.041240692138672,-0.09905481200689792,22.31915786933241,"[0.11178135871887207, 1.0]",2.320181846398324,True
21,25,62.26259994506836,2.928774118423462,-0.07577132722855318,22.249086315489752,"[0.15764746069908142, 1.0]",2.3268436057048603,True
21,26,64.48518371582031,2.8617944717407227,-0.022088657555280555,22.186268074129444,"[0.14378619194030762, 1.0]",2.3224219770855354,True
21,27,66.70665740966797,2.879606008529663,0.035888492533798555,22.28513813715604,"[0.10319936275482178, 1.0]",2.3217568154648585,True
21,28,68.93206787109375,2.9732260704040527,0.08683769366421323,22.24596684885732,"[-0.010260937735438347, 1.0]",2.325517312245639,True
21,29,71.15130615234375,3.1053245067596436,0.11148112165320789,22.179311641296533,"[-0.1765826940536499, 1.0]",2.3190451836358346,True
21,30,73.36660766601562,3.2264273166656494,0.08604806640100549,22.22618456841553,"[-0.296922892332077, 1.0]",2.315319344229745,True
21,31,75.58489990234375,3.3047211170196533,0.028554413207829477,22.117937794998046,"[-0.2952873110771179, 1.0]",2.317822956405616,True
21,32,77.798095703125,3.2993927001953125,-0.030875358097834038,22.150134525677252,"[-0.18462005257606506, 1.0]",2.3128714061467974,True
21,33,80.0151596069336,3.208280324935913,-0.08827486854647493,22.29785223983164,"[-0.026886997744441032, 1.0]",2.317404238887836,True
21,34,82.23808288574219,3.055299758911133,-0.12947357113583724,22.248676357124907,"[0.11520439386367798, 1.0]",2.323042322415656,True
21,35,84.45643615722656,2.9072482585906982,-0.12231339622905057,22.168375589518647,"[0.19730764627456665, 1.0]",2.318110961637209,True
21,36,86.67399597167969,2.782564878463745,-0.06641883811241289,22.31490624213917,"[0.1732216477394104, 1.0]",2.317976892542751,True
21,37,88.90264892578125,2.730807304382324,0.0001651159875848407,22.2407117970504,"[0.17822164297103882, 1.0]",2.328736157188289,True
21,38,91.12491607666016,2.7670133113861084,0.06470030026098428,22.16509460875105,"[0.12079095840454102, 1.0]",2.322010076618286,True
21,39,93.34204864501953,2.885430097579956,0.12654689025589505,22.289914341639925,"[-0.009480921551585197, 1.0]",2.3174371828967546,True
21,40,95.56194305419922,3.0630292892456055,0.17210372281111752,22.222345661616885,"[-0.19966790080070496, 1.0]",2.3198949646569633,True
21,41,97.77488708496094,3.233642816543579,0.16813814278993444,22.092845341423445,"[-0.36690035462379456, 1.0]",2.312361834798124,True
21,42,99.97872924804688,3.3874733448028564,0.11025393702289854,22.103148422022958,"[-0.396632581949234, 1.0]",2.303306330985041,True
21,43,102.18675994873047,3.4870643615722656,0.027898210315234095,22.083840940140067,"[-0.35919126868247986, 1.0]",2.307407984914224,True
21,44,104.39472961425781,3.5015439987182617,-0.052661081079118155,22.047966809165253,"[-0.20812579989433289, 1.0]",2.3071855161685875,True
21,45,106.59996795654297,3.4267921447753906,-0.13159224894105037,22.08597593996738,"[-0.013711510226130486, 1.0]",2.3046252340150093,True
21,46,108.8058853149414,3.28558611869812,-0.19785915371327345,22.182066226708294,"[0.1596335470676422, 1.0]",2.305736656418625,True
21,47,111.01753997802734,3.1243889331817627,-0.22592993686714458,22.186683312616374,"[0.2823726236820221, 1.0]",2.311494737992711,True
21,48,113.23088836669922,2.9702951908111572,-0.1998799603484258,22.194171567211136,"[0.3007979094982147, 1.0]",2.313222160724325,True
21,49,115.44672393798828,2.8291146755218506,-0.11939656904514084,22.268178993979213,"[0.2908494174480438, 1.0]",2.316042376761969,True
21,50,117.66911315917969,2.7383368015289307,-0.015672836173171056,22.167908994859356,"[0.2871108651161194, 1.0]",10.0,True
22,0,6.66305685043335,3.503746747970581,0.0020795293371884682,20.97305800927404,"[0.03267344832420349, 1.0]",1.7574356114750829,True
22,1,8.762866020202637,3.5122146606445312,0.004549211774073747,21.14218251297437,"[-0.1167769730091095, 1.0]",2.1949489910776716,True
22,2,10.879121780395508,3.460080146789551,-0.02838343826584655,21.28367578210011,"[-0.15616565942764282, 1.0]",2.2120323012123215,True
22,3,13.009317398071289,3.3324294090270996,-0.0723656768265597,21.537903956056137,"[-0.04179319739341736, 1.0]",2.227116185478034,True
22,4,15.158609390258789,3.157916307449341,-0.09615676010867347,21.711695165307,"[0.08198210597038269, 1.0]",2.2469946204313813,True
22,5,17.326387405395508,2.9929261207580566,-0.07957685126822156,21.868785881276295,"[0.1357528269290924, 1.0]",2.266187551602462,True
22,6,19.51335906982422,2.87813663482666,-0.044681185188804484,22.022053944378516,"[0.13410699367523193, 1.0]",2.286070907178414,True
22,7,21.71799659729004,2.8392796516418457,-0.004053597495209615,22.160392463265026,"[0.12016645073890686, 1.0]",2.304359293550513,True
22,8,23.93791961669922,2.8851001262664795,0.0388785566476848,22.362145257240847,"[0.066581130027771, 1.0]",2.3205526730667634,True
22,9,26.169696807861328,2.9967284202575684,0.06931422684954658,22.324609374409793,"[-0.030398396775126457, 1.0]",2.3322379333469536,True
22,10,28.39740562438965,3.1153013706207275,0.06160863655151161,22.25255682558834,"[-0.14928695559501648, 1.0]",2.327845322243468,True
22,11,30.619705200195312,3.1855900287628174,0.025285782443920546,22.167880671358123,"[-0.1900050938129425, 1.0]",2.3220550388267758,True
22,12,32.839683532714844,3.1752142906188965,-0.021061210006728004,22.287567973395007,"[-0.1287241280078888, 1.0]",2.320272388399809,True
22,13,35.065521240234375,3.0886685848236084,-0.061956045915712465,22.25255606664283,"[-0.011619118973612785, 1.0]",2.325974209819424,True
22,14,37.28627014160156,2.9647016525268555,-0.07596307482703857,22.19940548817114,"[0.09012037515640259, 1.0]",2.3206462260639578,True
22,15,39.50852584838867,2.861966609954834,-0.04773796148799736,22.385886223345533,"[0.11639708280563354, 1.0]",2.3229921947921643,True
22,16,41.744659423828125,2.824693441390991,-0.004746418852793255,22.331293112075986,"[0.10307684540748596, 1.0]",2.336624394443795,True
22,17,43.9761848449707,2.8719983100891113,0.04025993830510899,22.281291428056424,"[0.07023277878761292, 1.0]",2.331791232568832,True
22,18,46.200538635253906,2.991565227508545,0.07900666847883553,22.247465687874843,"[0.002641143277287483, 1.0]",2.32446738587864,True
22,19,48.418785095214844,3.1431288719177246,0.09079448525379874,22.183881097132975,"[-0.13091081380844116, 1.0]",2.318073924898036,True
22,20,50.63618469238281,3.2715208530426025,0.05981792703454225,22.288808857250825,"[-0.22700080275535583, 1.0]",2.3176992370255975,True
22,21,52.861839294433594,3.33276104927063,0.015285213076509763,22.21060614138482,"[-0.18557637929916382, 1.0]",2.3256023296870127,True
22,22,55.08750534057617,3.3085174560546875,-0.031226362729506185,22.38655992408697,"[-0.07430773973464966, 1.0]",2.3264055658009695,True
22,23,57.32282638549805,3.218911647796631,-0.06549099278862869,22.346750934687687,"[0.05622345209121704, 1.0]",2.3358814241279697,True
22,24,59.55426025390625,3.1312570571899414,-0.05480705628550364,22.277121071244387,"[0.1455431878566742, 1.0]",2.3316809132288028,True
22,25,61.780494689941406,3.087306261062622,-0.013740446486209201,22.225786790879418,"[0.08052396774291992, 1.0]",2.3262504765941134,True
22,26,64.00239562988281,3.108046770095825,0.026072080755766613,22.190788933400054,"[0.02128017134964466, 1.0]",2.3217594901417065,True
22,27,66.2251968383789,3.16493558883667,0.040195756122838766,22.399125701095564,"[-0.07369422912597656, 1.0]",2.323597274151024,True
22,28,68.46259307861328,3.200509786605835,0.015895476440300982,22.348208035417617,"[-0.0758744478225708, 1.0]",2.337963176393754,True
22,29,70.69669342041016,3.1949753761291504,-0.010485930476077598,22.309987660445472,"[0.011861266568303108, 1.0]",2.3344952862688797,True
22,30,72.9265365600586,3.1899170875549316,-0.005930859747605766,22.256342074953565,"[0.07665395736694336, 1.0]",2.3299966789857285,True
22,31,75.15122985839844,3.209609031677246,0.011895275324947718,22.213364195663004,"[-0.030108807608485222, 1.0]",2.324653437220327,True
22,32,77.37590789794922,3.2061970233917236,-9.52080089700047e-05,22.349625745396757,"[-0.15764683485031128, 1.0]",2.325251355405067,True
22,33,79.60811614990234,3.1480813026428223,-0.03224808448171501,22.29269057475907,"[-0.11504402756690979, 1.0]",2.3325253595395408,True
22,34,81.83349609375,3.038980007171631,-0.05833241577849613,22.232596939114483,"[0.10993459820747375, 1.0]",2.3254266300736712,True
22,35,84.05375671386719,2.950817346572876,-0.04196263034805092,22.171822120704142,"[0.11257040500640869, 1.0]",2.320033819660356,True
22,36,86.27449035644531,2.923612356185913,-0.0038005971916525993,22.310988579949964,"[0.14293590188026428, 1.0]",2.3211330911879,True
22,37,88.50390625,2.9551758766174316,0.027620309455484104,22.269263409614652,"[-0.03899320960044861, 1.0]",2.3296275788979535,True
22,38,90.7293930053711,3.002819776535034,0.028940438407836666,22.227970038338547,"[0.017914773896336555, 1.0]",2.325512620543617,True
22,39,92.9502944946289,3.067720413208008,0.029097032279933543,22.185221458469282,"[-0.032573699951171875, 1.0]",2.3207349858209243,True
22,40,95.17539978027344,3.101458787918091,0.01194520959538714,22.4663344777422,"[-0.05055040121078491, 1.0]",2.3262037907943713,True
22,41,97.41976165771484,3.1029374599456787,-0.004377571041818129,22.418193620533508,"[0.06502211093902588, 1.0]",2.345243748733807,True
22,42,99.66049194335938,3.129746913909912,0.011906726917635169,22.372642287492074,"[0.052431195974349976, 1.0]",2.3414071759382455,True
22,43,101.89615631103516,3.1819748878479004,0.02827850971889756,22.323455827293756,"[-0.051807552576065063, 1.0]",2.336119918898603,True
22,44,104.12757110595703,3.2108771800994873,0.01373578595430125,22.283912368789142,"[-0.03580006957054138, 1.0]",2.331692400581426,True
22,45,106.35501861572266,3.2059011459350586,-0.007641807589927829,22.24029796264059,"[-0.0438026487827301, 1.0]",2.3275288505975076,True
22,46,108.57788848876953,3.164114236831665,-0.024386566101854967,22.202198591827123,"[0.011332305148243904, 1.0]",2.322779766710097,True
22,47,110.8044662475586,3.1266427040100098,-0.018239191357625195,22.481386605410396,"[0.04785063862800598, 1.0]",2.327743998513409,True
22,48,113.05058288574219,3.115961790084839,-0.0010265154421711387,22.44510355817397,"[0.007659377530217171, 1.0]",2.3471196041953766,True
22,49,115.29425048828125,3.126274824142456,0.008846488509025363,22.40639309080548,"[0.02072295732796192, 1.0]",2.344496371447687,True
22,50,117.53392028808594,3.1589839458465576,0.01711334000679443,22.3699177823068,"[-0.0016453247517347336, 1.0]",10.0,True
23,0,6.731639385223389,6.996256351470947,-0.002055161413213824,21.700163745369185,"[-0.3312658965587616, 1.0]",1.82929012207755,True
23,1,8.895711898803711,6.957434177398682,-0.020680644286955818,21.438167134717546,"[-0.8352276086807251, 0.6875249147415161]",2.2605442656865513,True
23,2,11.028685569763184,6.846630096435547,-0.05838474689391582,21.069159493026213,"[-0.9083172082901001, 0.5437967777252197]",2.2277848886780904,True
23,3,13.123881340026855,6.653397560119629,-0.10657504629306302,20.91338851914318,"[-0.6912941932678223, 0.9657753705978394]",2.189306018599816,True
23,4,15.196239471435547,6.384204864501953,-0.15597295608850725,20.826396230716956,"[-0.5203939080238342, 1.0]",2.1660769144469176,True
23,5,17.248580932617188,6.037261486053467,-0.2021746731016929,20.763818317008717,"[-0.40336865186691284, 1.0]",2.14577864360818,True
23,6,19.280107498168945,5.608620643615723,-0.2456746131889922,20.7530159851532,"[-0.25052008032798767, 1.0]",2.124915137484947,True
23,7,21.29429054260254,5.094230651855469,-0.2877922395124859,20.90424856385082,"[-0.04417720437049866, 1.0]",2.1082521629709223,True
23,8,23.303348541259766,4.513130187988281,-0.31653547084160216,20.982432546069955,"[0.14376035332679749, 1.0]",2.1034789451145413,True
23,9,25.321592330932617,3.934518337249756,-0.2966969180913299,21.062927105173966,"[0.2656501233577728, 1.0]",2.1130269616461343,True
23,10,27.359756469726562,3.3998372554779053,-0.2501236901060784,21.102414965004247,"[0.32722562551498413, 1.0]",2.1331250061364644,True
23,11,29.41928482055664,2.9432873725891113,-0.19996598045163516,21.07363567279725,"[0.40564170479774475, 1.0]",2.1543597113576656,True
23,12,31.492332458496094,2.5717151165008545,-0.1506242633551924,21.01355293587932,"[0.42098718881607056, 1.0]",2.16760862615091,True
23,13,33.572513580322266,2.285010576248169,-0.10249388508057145,20.941122428943995,"[0.40620988607406616, 1.0]",2.1744161727564197,True
23,14,35.655452728271484,2.0842983722686768,-0.055598680919529464,20.868010292662465,"[0.3762097656726837, 1.0]",2.1768451942661997,True
23,15,37.737789154052734,1.9703909158706665,-0.009777130151953806,20.80326478532365,"[0.3339279890060425, 1.0]",2.1759511173152064,True
23,16,39.81685256958008,1.9437695741653442,0.0351756974680395,20.751693889554208,"[0.28875184059143066, 1.0]",2.172446038030338,True
23,17,41.890525817871094,2.004673957824707,0.07936512996156075,20.723457583545965,"[0.22718027234077454, 1.0]",2.1669288074169724,True
23,18,43.957645416259766,2.153299570083618,0.12286520320691441,20.72953595245187,"[0.15286937355995178, 1.0]",2.1604025101747055,True
23,19,46.01871109008789,2.3900856971740723,0.16569149669647842,20.806337309602448,"[0.0569911003112793, 1.0]",2.154694191721336,True
23,20,48.08014678955078,2.6933975219726562,0.195684016892951,20.968148118169026,"[-0.08333641290664673, 1.0]",2.1557923659946514,True
23,21,50.15372848510742,3.0074169635772705,0.18122718007351057,21.04101103920797,"[-0.2553084194660187, 1.0]",2.280718052353265,True
23,22,52.23055648803711,3.2908596992492676,0.1336238413786166,20.71339212690658,"[-1.0, -0.006769392639398575]",2.178404490367803,True
23,23,54.27873229980469,3.5029754638671875,0.08654740910539527,20.161724647039204,"[-1.0, -0.3077634274959564]",1.9886562617804693,True
23,24,56.27875518798828,3.638792037963867,0.041892189737218644,19.59647144724316,"[-1.0, -0.367353618144989]",1.7699031319774359,True
23,25,58.226036071777344,3.6993260383605957,-0.0020855214496409147,19.038793165044964,"[-1.0, -0.3881828784942627]",1.9442714815662092,True
23,26,60.1186637878418,3.6872949600219727,-0.043995421208109065,18.48534401479462,"[-1.0, -0.41402921080589294]",1.7123970539003874,True
23,27,61.95403289794922,3.605778694152832,-0.08258635645806578,17.919950899004725,"[-1.0, -0.42300769686698914]",1.5131270341216665,True
23,28,63.728023529052734,3.457179546356201,-0.11777257341241043,17.331350890204998,"[-1.0, -0.42852985858917236]",1.3444167226518076,True
23,29,65.43551635742188,3.2446248531341553,-0.1500899000824676,16.70400247798381,"[-1.0, -0.4330005645751953]",1.2019259171905115,True
23,30,67.06966400146484,2.9723169803619385,-0.18058229561554828,16.010010660108613,"[-1.0, -0.44257140159606934]",1.080290497454136,True
23,31,68.62203979492188,2.6463611125946045,-0.2116926776795811,15.27230088587638,"[-1.0, -0.4415116608142853]",0.9745065492286441,True
23,32,70.08755493164062,2.273451089859009,-0.24763829501876167,14.528110597609533,"[-1.0, -0.43819236755371094]",0.8830599228157109,True
23,33,71.4639892578125,1.8574048280715942,-0.28943580937922864,13.794204030453317,"[-1.0, -0.4431230127811432]",0.8059604178321979,True
23,34,72.75025939941406,1.4012125730514526,-0.3353664165934438,13.069514097617368,"[-1.0, -0.44505634903907776]",0.7412686694601262,True
23,35,73.94491577148438,0.9081727862358093,-0.38397802807704196,12.348892781321778,"[-1.0, -0.44370803236961365]",0.6863102883487152,True
23,36,75.04622650146484,0.38240307569503784,-0.43478741325022696,11.63054567421861,"[-1.0, -0.44143328070640564]",0.6387214196999234,True
23,37,76.0526123046875,-0.17115455865859985,-0.4878680753590867,10.914617627404514,"[-1.0, -0.4384196996688843]",0.5966910009213298,True
23,38,76.962646484375,-0.7468867301940918,-0.543476077342433,10.194115581699176,"[-1.0, -0.4441523253917694]",0.5587619379000988,True
23,39,77.77482604980469,-1.3384660482406616,-0.6019195469383849,9.47225551993528,"[-1.0, -0.44509345293045044]",0.5236831113469842,True
23,40,78.48812866210938,-1.9392271041870117,-0.6636083446387069,8.75034543002479,"[-1.0, -0.4450783133506775]",0.49067738432694663,True
23,41,79.10206604003906,-2.5420773029327393,-0.7289431430294036,8.03130752703537,"[-1.0, -0.44222545623779297]",0.45901526440789475,True
23,42,79.61680603027344,-3.139444589614868,-0.7983158262648775,7.314074318205523,"[-1.0, -0.4408838748931885]",-5.0,False
24,0,6.586778163909912,3.503739833831787,0.00207992881135155,20.017886139978174,"[0.03267344832420349, 1.0]",1.6768586515398138,True
24,1,8.591231346130371,3.511399745941162,0.004287556196972631,20.197280798295502,"[-0.10911419987678528, 1.0]",2.0953409458127887,True
24,2,10.613231658935547,3.458331346511841,-0.028955352109941046,20.355137898878297,"[-0.1452770233154297, 1.0]",2.1135984333501283,True
24,3,12.650591850280762,3.333817958831787,-0.0715917622137825,20.615400372365198,"[-0.03303411602973938, 1.0]",2.130129493020858,True
24,4,14.70868968963623,3.171847343444824,-0.09003029117900052,20.798345954119977,"[0.08219218254089355, 1.0]",2.1516903961490086,True
24,5,16.78652572631836,3.025710344314575,-0.07217033396060302,20.966746220527817,"[0.12062153220176697, 1.0]",2.172186394674504,True
24,6,18.884492874145508,2.932145357131958,-0.03753925293548477,21.13602797244212,"[0.1197618842124939, 1.0]",2.193079273703138,True
24,7,21.001461029052734,2.9139578342437744,0.003200720156112169,21.305281228457076,"[0.10090386867523193, 1.0]",2.2128419204352836,True
24,8,23.13652992248535,2.9731669425964355,0.04314547334621022,21.559039577807606,"[0.04189938306808472, 1.0]",2.2320845715327513,True
24,9,25.29301643371582,3.0843122005462646,0.06404463000060723,21.778819482134367,"[-0.05952727794647217, 1.0]",2.2544911989000735,True
24,10,27.470874786376953,3.1813793182373047,0.04580863443628935,21.91443586030972,"[-0.1612374484539032, 1.0]",2.2764733140325264,True
24,11,29.6644344329834,3.221322774887085,0.009999237786866289,22.03572150624263,"[-0.16765430569648743, 1.0]",2.292720393384537,True
24,12,31.871089935302734,3.1817710399627686,-0.03201425893800636,22.195697200656728,"[-0.09614679217338562, 1.0]",2.3065361397222914,True
24,13,34.09306716918945,3.075685501098633,-0.06552534756669104,22.442681358804855,"[0.012423338368535042, 1.0]",2.3229693000013407,True
24,14,36.33140182495117,2.949885368347168,-0.06492760106002216,22.388774063291613,"[0.09441444277763367, 1.0]",2.339084139046531,True
24,15,38.5673942565918,2.862450361251831,-0.034554115669614305,22.333390528096828,"[0.09286701679229736, 1.0]",2.3364926890170605,True
24,16,40.79948806762695,2.849959373474121,0.008188421403666268,22.279116483767762,"[0.08849707245826721, 1.0]",2.3323498352121113,True
24,17,43.025760650634766,2.915919542312622,0.05072509612468501,22.241286069308202,"[0.03084615059196949, 1.0]",2.3263583703196993,True
24,18,45.246158599853516,3.027757406234741,0.07311562298952623,22.192539150859837,"[-0.07719317078590393, 1.0]",2.320264375397619,True
24,19,47.466529846191406,3.1243607997894287,0.05035065567541963,22.319226872392797,"[-0.18187850713729858, 1.0]",2.3208077672636582,True
24,20,49.69569778442383,3.163644552230835,0.007860985747640825,22.243552595328698,"[-0.1797356903553009, 1.0]",2.329263924911401,True
24,21,51.918514251708984,3.120213747024536,-0.037732731588678625,22.189730896011127,"[-0.0928240418434143, 1.0]",2.322670256317206,True
24,22,54.138916015625,3.0135655403137207,-0.072599369212214,22.37795636014397,"[0.0498022735118866, 1.0]",2.3211025675366637,True
24,23,56.37159729003906,2.9051992893218994,-0.06374169542661079,22.314124073868612,"[0.1315363049507141, 1.0]",2.3330948327464713,True
24,24,58.6007194519043,2.8382537364959717,-0.02455967157271033,22.253825580911766,"[0.12556514143943787, 1.0]",2.3292643769793373,True
24,25,60.824825286865234,2.850100040435791,0.02264099716536272,22.196605667778417,"[0.10499805212020874, 1.0]",2.3239905604659405,True
24,26,63.04806900024414,2.9404237270355225,0.06681498332456215,22.4108497282203,"[0.0217095036059618, 1.0]",2.324092537155898,True
24,27,65.28266143798828,3.0797524452209473,0.0886264058103654,22.35451473575059,"[-0.11955070495605469, 1.0]",2.3351877540550183,True
24,28,67.51227569580078,3.2081193923950195,0.0643168050640135,22.255029187862462,"[-0.24703142046928406, 1.0]",2.329761889157881,True
24,29,69.73452758789062,3.2765450477600098,0.019720707872036947,22.149909593542628,"[-0.2515457570552826, 1.0]",2.3219264852607857,True
24,30,71.95196533203125,3.258908748626709,-0.03019731728429953,22.23379900754469,"[-0.13986992835998535, 1.0]",2.3174898396745762,True
24,31,74.17225646972656,3.1644444465637207,-0.07421244588447529,22.197765147430694,"[-0.0033828597515821457, 1.0]",2.3201810808587506,True
24,32,76.39076232910156,3.0313587188720703,-0.09239464559477284,22.33340541817866,"[0.10550203919410706, 1.0]",2.319006183756804,True
24,33,78.61839294433594,2.909855365753174,-0.06378723548125098,22.267796116145334,"[0.14839956164360046, 1.0]",2.327835697757029,True
24,34,80.843017578125,2.8477134704589844,-0.015983094440165324,22.20662450760551,"[0.12798702716827393, 1.0]",2.3245544440732875,True
24,35,83.06704711914062,2.87212872505188,0.03570007388667573,22.332922546173787,"[0.09084334969520569, 1.0]",2.324527692473407,True
24,36,85.29667663574219,2.9752700328826904,0.08214493750738505,22.294523343943002,"[0.005435856059193611, 1.0]",2.329954871649306,True
24,37,87.51994323730469,3.1211798191070557,0.10482415103439102,22.228431270976994,"[-0.16751474142074585, 1.0]",2.3232945422818965,True
24,38,89.73619079589844,3.254552125930786,0.07887191252767778,22.110430679026248,"[-0.29608461260795593, 1.0]",2.3157444966493683,True
24,39,91.94770812988281,3.334420680999756,0.02613000450947567,22.161532799351964,"[-0.2649213373661041, 1.0]",2.3112442315814588,True
24,40,94.1652603149414,3.3279266357421875,-0.029353627850962738,22.220434756005112,"[-0.16185376048088074, 1.0]",2.317544141460617,True
24,41,96.38983154296875,3.2372937202453613,-0.07980947838944008,22.398942950647417,"[-0.021628497168421745, 1.0]",2.3253664713052573,True
24,42,98.62308502197266,3.088866949081421,-0.11113357913095179,22.351421765681327,"[0.09870672225952148, 1.0]",2.333834876949472,True
24,43,100.8521499633789,2.945974111557007,-0.09368081924322702,22.27874537738489,"[0.16228869557380676, 1.0]",2.329319295604482,True
24,44,103.07627868652344,2.8446602821350098,-0.04022731458175599,22.210922755897457,"[0.15692690014839172, 1.0]",2.32407787554607,True
24,45,105.29930114746094,2.827857494354248,0.019663449908600583,22.273219905154917,"[0.14581450819969177, 1.0]",2.323251950510697,True
24,46,107.52378845214844,2.9011294841766357,0.07966007505228667,22.215227515321068,"[0.06355136632919312, 1.0]",2.3244558285064447,True
24,47,109.74456787109375,3.039445161819458,0.1271567541455232,22.365999555184562,"[-0.07419160008430481, 1.0]",2.321426416943643,True
24,48,111.97289276123047,3.1970272064208984,0.13675531934638663,22.278134857023826,"[-0.23820987343788147, 1.0]",2.328576496993326,True
24,49,114.19316864013672,3.344635486602783,0.09395299430663329,22.157128327441566,"[-0.3195574879646301, 1.0]",2.319982956379737,True
24,50,116.40803527832031,3.436678409576416,0.02648247387974756,22.164475796423062,"[-0.3027251958847046, 1.0]",2.3146067792674976,True
24,51,118.62462615966797,3.4421427249908447,-0.042534411034091946,22.158495772528564,"[-0.1935494840145111, 1.0]",10.0,True
25,0,6.702949047088623,3.503741502761841,0.0020744693311174345,21.481358256483126,"[0.03267344832420349, 1.0]",1.7996151592427971,True
25,1,8.853672981262207,3.512671947479248,0.0047048735397883235,21.655425146211574,"[-0.12098631262779236, 1.0]",2.248173347331536,True
25,2,11.02133846282959,3.461366891860962,-0.02791432243982861,21.79837542746611,"[-0.16230785846710205, 1.0]",2.2657581709909804,True
25,3,13.2032470703125,3.3321828842163086,-0.07257633286878473,22.057761059756174,"[-0.04737076163291931, 1.0]",2.281168532251813,True
25,4,15.404143333435059,3.1511855125427246,-0.09959423528569289,22.231327271696117,"[0.08111155033111572, 1.0]",2.300937235845191,True
25,5,17.61803436279297,2.9769439697265625,-0.08407146823994793,22.16817209208516,"[0.14481136202812195, 1.0]",2.3136478037722936,True
25,6,19.835493087768555,2.8538172245025635,-0.04737790210861892,22.319220201284928,"[0.14183655381202698, 1.0]",2.317895215881368,True
25,7,22.064800262451172,2.809584617614746,-0.0038898130881701576,22.255666191750553,"[0.1299872100353241, 1.0]",2.3294576725454945,True
25,8,24.288833618164062,2.853273630142212,0.04098551654410176,22.204711938029966,"[0.0745144784450531, 1.0]",2.3239545594340254,True
25,9,26.511892318725586,2.963635206222534,0.07673459259483462,22.43107165367047,"[-0.025604961439967155, 1.0]",2.3239985230030404,True
25,10,28.748428344726562,3.0950472354888916,0.07619743300296555,22.3604972706518,"[-0.15607810020446777, 1.0]",2.3371582637189094,True
25,11,30.980356216430664,3.194385051727295,0.0410789934983633,22.271032378505897,"[-0.21717846393585205, 1.0]",2.3321475174073782,True
25,12,33.20569610595703,3.218938112258911,-0.004432831634436418,22.192119723031023,"[-0.17351755499839783, 1.0]",2.325204428280007,True
25,13,35.42900085449219,3.155756950378418,-0.053069743148390636,22.375360615224583,"[-0.0649520754814148, 1.0]",2.3239938713036667,True
25,14,37.66128158569336,3.027188777923584,-0.08946396997319539,22.335265700911897,"[0.06119132041931152, 1.0]",2.3327894268552756,True
25,15,39.88957977294922,2.8971967697143555,-0.08037020695695674,22.26763891802637,"[0.14182913303375244, 1.0]",2.328502562386978,True
25,16,42.113197326660156,2.80643892288208,-0.03630607619272297,22.206623213760253,"[0.12889650464057922, 1.0]",2.3235473581728585,True
25,17,44.33732604980469,2.796536445617676,0.016091884570695214,22.3326570178546,"[0.1157810389995575, 1.0]",2.324625679724877,True
25,18,46.5677375793457,2.872871160507202,0.06684347914822553,22.286896220799772,"[0.03820568323135376, 1.0]",2.3307025625346145,True
25,19,48.791526794433594,3.006960153579712,0.10096057008295833,22.240964404547782,"[-0.09501975774765015, 1.0]",2.3238735549083556,True
25,20,51.01005172729492,3.1319029331207275,0.0870139949283768,22.14396029124166,"[-0.23587262630462646, 1.0]",2.3181727541719157,True
25,21,53.225608825683594,3.217784881591797,0.035521508935586255,22.23272305631645,"[-0.2505502700805664, 1.0]",2.315604352142096,True
25,22,55.44686508178711,3.2219104766845703,-0.020736038037629356,22.163034844865503,"[-0.15463125705718994, 1.0]",2.3209899129054103,True
25,23,57.667381286621094,3.148780107498169,-0.06941875592233249,22.3719891539694,"[-0.007631329819560051, 1.0]",2.3211901560268466,True
25,24,59.89933395385742,3.028324842453003,-0.09415206559811651,22.320735347058424,"[0.10846427083015442, 1.0]",2.3323959762980913,True
25,25,62.127071380615234,2.915252685546875,-0.06949079442981976,22.25180542328918,"[0.15060704946517944, 1.0]",2.3278705511626137,True
25,26,64.3500747680664,2.8541741371154785,-0.017403624565613285,22.188217326360466,"[0.13817286491394043, 1.0]",2.322850365419794,True
25,27,66.57231140136719,2.87992525100708,0.03944248100850967,22.312242274866453,"[0.09485200047492981, 1.0]",2.3226417235376804,True
25,28,68.80012512207031,2.9797167778015137,0.08772412683304687,22.27510644667573,"[-0.019713668152689934, 1.0]",2.328051699713166,True
25,29,71.02222442626953,3.1114957332611084,0.10610126993513802,22.204709551748955,"[-0.18254810571670532, 1.0]",2.322020497182089,True
25,30,73.24126434326172,3.2308740615844727,0.07482390767075753,22.28487523002842,"[-0.2884742021560669, 1.0]",2.319321855527315,True
25,31,75.46586608886719,3.297825813293457,0.019334150039812315,22.182188998555418,"[-0.2731107473373413, 1.0]",2.324421596098968,True
25,32,77.68610382080078,3.2790873050689697,-0.03669995771794632,22.24493320102115,"[-0.15344032645225525, 1.0]",2.320339931338189,True
25,33,79.90730285644531,3.1803979873657227,-0.08779043954418952,22.202477211291512,"[-0.006201205775141716, 1.0]",2.321110183095343,True
25,34,82.12516021728516,3.0338079929351807,-0.11824075713204607,22.328186876044146,"[0.11375570297241211, 1.0]",2.3183342017820423,True
25,35,84.35103607177734,2.892897367477417,-0.09859821303800409,22.253993991009416,"[0.17158588767051697, 1.0]",2.3260188274517297,True
25,36,86.57262420654297,2.7889318466186523,-0.04230404759979933,22.187856696637255,"[0.1617054045200348, 1.0]",2.3214334899004925,True
25,37,88.7934799194336,2.767716884613037,0.019281818924391736,22.25595506412932,"[0.14278480410575867, 1.0]",2.3210075106792067,True
25,38,91.0162582397461,2.8363709449768066,0.08132881179133022,22.193104619748773,"[0.07316228747367859, 1.0]",2.3226472911013696,True
25,39,93.23543548583984,2.972034215927124,0.13174617965205648,22.356182967060114,"[-0.07149019837379456, 1.0]",2.3197800694455206,True
25,40,95.46244049072266,3.1330599784851074,0.1470947759625103,22.26707543160061,"[-0.24935923516750336, 1.0]",2.327206844325015,True
25,41,97.68120574951172,3.285949468612671,0.10974514009663938,22.139790296429506,"[-0.33776918053627014, 1.0]",2.3183943151229953,True
25,42,99.89419555664062,3.394247531890869,0.039696812892612066,22.16245921306583,"[-0.3252059817314148, 1.0]",2.3127208735877023,True
25,43,102.1105728149414,3.4179306030273438,-0.03257951487937483,22.160355735592415,"[-0.20561841130256653, 1.0]",2.316098859110947,True
25,44,104.32804107666016,3.3510735034942627,-0.10337765508831431,22.235140149281442,"[-0.0338267982006073, 1.0]",2.3175263923905165,True
25,45,106.54621887207031,3.217998743057251,-0.16062390061622178,22.182288606884995,"[0.12615928053855896, 1.0]",2.3179980941411387,True
25,46,108.7605209350586,3.0730996131896973,-0.17876482132962312,22.220815336241678,"[0.23396435379981995, 1.0]",2.314295732001369,True
25,47,110.97989654541016,2.938594341278076,-0.14267659171406866,22.305460797396197,"[0.23401859402656555, 1.0]",2.3197501839398456,True
25,48,113.2051773071289,2.8260271549224854,-0.05960394204095465,22.22946712695811,"[0.2391379177570343, 1.0]",2.3253133637900616,True
25,49,115.42596435546875,2.788968801498413,0.028849757772719364,22.132192462494416,"[0.2070586085319519, 1.0]",2.3203819144210684,True
25,50,117.63909912109375,2.8398518562316895,0.11783742138495423,22.118324739700604,"[0.08539462089538574, 1.0]",10.0,True
26,0,6.590141773223877,6.996261119842529,-0.0020603545773401066,19.93492063564444,"[-0.3312658965587616, 1.0]",1.6798489160842769,True
26,1,8.578226089477539,6.957579612731934,-0.021012074684616522,19.700208009881095,"[-0.8027384877204895, 0.7456555962562561]",2.076735252298127,True
26,2,10.537993431091309,6.847158432006836,-0.06032858817356512,19.370629687706646,"[-0.8667325973510742, 0.624658465385437]",2.0469351752084495,True
26,3,12.463289260864258,6.65415620803833,-0.11113131544402499,19.249807804272596,"[-0.6475178599357605, 1.0]",2.0119199648921757,True
26,4,14.368199348449707,6.384511470794678,-0.16327787380054026,19.18923481439849,"[-0.48935016989707947, 1.0]",1.9912616442502424,True
26,5,16.254711151123047,6.03651237487793,-0.21225726783067778,19.157070392530876,"[-0.36853817105293274, 1.0]",1.9727186194397288,True
26,6,18.12222671508789,5.60612678527832,-0.25864966717791305,19.189690560514574,"[-0.20350059866905212, 1.0]",1.9538691714871594,True
26,7,19.979001998901367,5.101726531982422,-0.29643353145952034,19.413483862649386,"[0.002920718863606453, 1.0]",1.9441359611953988,True
26,8,21.84410285949707,4.55591344833374,-0.30430969722537604,19.54961098439373,"[0.15694090723991394, 1.0]",1.953074110025475,True
26,9,23.728727340698242,4.027975082397461,-0.2746840274690623,19.66899266439575,"[0.21009644865989685, 1.0]",1.9731349481909528,True
26,10,25.64032554626465,3.560166597366333,-0.2321100684927826,19.730439497616313,"[0.2842361629009247, 1.0]",2.0003851833056796,True
26,11,27.57468032836914,3.170097589492798,-0.18540354929497305,19.752837638350105,"[0.3299483358860016, 1.0]",2.0232425514770678,True
26,12,29.52605628967285,2.8630127906799316,-0.13821593004624066,19.764009583370157,"[0.33774757385253906, 1.0]",2.040314004428877,True
26,13,31.49005699157715,2.640861749649048,-0.09219490851301693,19.77565291372553,"[0.3196702003479004, 1.0]",2.052991140016062,True
26,14,33.463340759277344,2.5049197673797607,-0.047454867464121975,19.800601909498063,"[0.2849167585372925, 1.0]",2.0623864762929367,True
26,15,35.44367980957031,2.4560494422912598,-0.0038658446383585954,19.849926949531444,"[0.23934346437454224, 1.0]",2.06966372156586,True
26,16,37.4299201965332,2.4947903156280518,0.03872475909473305,19.934017203208303,"[0.18274706602096558, 1.0]",2.075943464377328,True
26,17,39.422061920166016,2.6206696033477783,0.0808767401962891,20.06828403295823,"[0.11884626746177673, 1.0]",2.0824490017811246,True
26,18,41.423500061035156,2.8287391662597656,0.12016648891628279,20.322077381922146,"[0.04560062289237976, 1.0]",2.0928874890877904,True
26,19,43.44178771972656,3.091747283935547,0.1412760352967961,20.520038280560364,"[-0.07447430491447449, 1.0]",2.110627830953928,True
26,20,45.48031997680664,3.340681791305542,0.12345429444004008,20.629558033697574,"[-0.21639341115951538, 1.0]",2.131365268231717,True
26,21,47.53562927246094,3.533695936203003,0.08734529216798315,20.702767598256496,"[-0.2722555994987488, 1.0]",2.148471749846451,True
26,22,49.603797912597656,3.6495461463928223,0.044411939602597705,20.762404302091067,"[-0.25402697920799255, 1.0]",2.1615994594961285,True
26,23,51.681400299072266,3.682539701461792,-0.0008785768436165853,20.842823442998633,"[-0.19229590892791748, 1.0]",2.136236678268909,True
26,24,53.757503509521484,3.632452964782715,-0.04326318506639204,20.536469261372254,"[-1.0, 0.1355656385421753]",2.072562246590792,True
26,25,55.794944763183594,3.510157346725464,-0.0780372778420464,19.955633200992143,"[-1.0, -0.2923324406147003]",1.9291154708291562,True
26,26,57.76796340942383,3.3224687576293945,-0.11000439882875845,19.279820863630817,"[-1.0, -0.36523494124412537]",2.172369808021343,True
26,27,59.66495895385742,3.072113513946533,-0.1436298702262624,18.56304868943228,"[-1.0, -0.39516377449035645]",1.9327090390953368,True
26,28,61.48074722290039,2.7627005577087402,-0.17975804725816857,17.855647920648504,"[-1.0, -0.4145005941390991]",1.7108933060818126,True
26,29,63.21440887451172,2.3995985984802246,-0.21696174189630302,17.146250176062868,"[-1.0, -0.4277646541595459]",1.5158602517871962,True
26,30,64.86360931396484,1.9868398904800415,-0.2547049929712877,16.422949288899236,"[-1.0, -0.43620479106903076]",1.347762642121292,True
26,31,66.4251708984375,1.528175711631775,-0.29336583619985923,15.689811705329026,"[-1.0, -0.4415304362773895]",1.2043588358803412,True
26,32,67.89644622802734,1.0277070999145508,-0.33346172378181915,14.948716496743394,"[-1.0, -0.44439589977264404]",1.0826892761512734,True
26,33,69.2749252319336,0.48968029022216797,-0.3754151662241103,14.199914518597684,"[-1.0, -0.4517844319343567]",0.9793979029843888,True
26,34,70.5584716796875,-0.08138904720544815,-0.41953242705208993,13.449542505793328,"[-1.0, -0.45407405495643616]",0.8913763427556922,True
26,35,71.74549102783203,-0.6808119416236877,-0.46589300162429836,12.697986767658048,"[-1.0, -0.45837143063545227]",0.8159603027392224,True
26,36,72.83462524414062,-1.3035403490066528,-0.5144912973024454,11.945069596432932,"[-1.0, -0.4601440727710724]",0.7506571968830829,True
26,37,73.82463836669922,-1.9442366361618042,-0.5654014831228906,11.189209860172053,"[-1.0, -0.4614289700984955]",0.6934008740228654,True
26,38,74.7143783569336,-2.597097158432007,-0.6188091814136127,10.429300736476154,"[-1.0, -0.4627539813518524]",0.6423711774707863,True
26,39,75.50297546386719,-3.255825996398926,-0.6749712540617487,9.666278631043987,"[-1.0, -0.46038004755973816]",0.5960769848189578,True
26,40,76.18988800048828,-3.9136085510253906,-0.7341735914103191,8.897158997024494,"[-1.0, -0.46361562609672546]",0.5532151922182789,True
26,41,76.77503204345703,-4.562848091125488,-0.7968084770878932,8.122200645850313,"[-1.0, -0.4675528109073639]",0.512512318155199,True
26,42,77.25894927978516,-5.195364952087402,-0.8633283821636741,7.34208605157406,"[-1.0, -0.470268577337265]",0.4729451718927428,True
26,43,77.6413345336914,-5.5994954109191895,-0.8679273950501312,3.0901336992581476,"[-1.0, -0.4656822979450226]",-5.0,False
27,0,6.770379066467285,3.503758192062378,0.0020793961791341076,22.31422956080951,"[0.03267344832420349, 1.0]",1.8707930994909279,True
27,1,8.998819351196289,3.5133306980133057,0.004888764813058444,22.23527336200372,"[-0.1273496448993683, 1.0]",2.3284990148580205,True
27,2,11.219497680664062,3.460773229598999,-0.028595825362780047,22.14005258098196,"[-0.16971081495285034, 1.0]",2.3203085660821925,True
27,3,13.43543815612793,3.3272924423217773,-0.0773846702169223,22.360537454237374,"[-0.04909473657608032, 1.0]",2.3165628940079355,True
27,4,15.661911964416504,3.141079902648926,-0.11060560744484427,22.316088139458305,"[0.09194448590278625, 1.0]",2.3268962049161366,True
27,5,17.884695053100586,2.960885763168335,-0.09732548835305455,22.244508055735086,"[0.16835135221481323, 1.0]",2.32288337493489,True
27,6,20.103477478027344,2.8241167068481445,-0.05513888615732743,22.17483219476615,"[0.15976303815841675, 1.0]",2.3185691698032054,True
27,7,22.322776794433594,2.767672300338745,-0.005938183440604483,22.26624548873761,"[0.15276896953582764, 1.0]",2.3194974211055692,True
27,8,24.54735565185547,2.8020191192626953,0.04391992059120575,22.210380915082784,"[0.09242624044418335, 1.0]",2.3245255715397475,True
27,9,26.770925521850586,2.9089183807373047,0.08479757911115815,22.413074509072832,"[-0.015007195994257927, 1.0]",2.324428705285945,True
27,10,29.00527000427246,3.0517075061798096,0.0960475705039805,22.344826413102528,"[-0.1582241952419281, 1.0]",2.3348962012808365,True
27,11,31.234018325805664,3.17885422706604,0.06189359478814982,22.24584124825432,"[-0.24886544048786163, 1.0]",2.3288546071503475,True
27,12,33.455841064453125,3.238632917404175,0.01205706236116999,22.150507571347436,"[-0.22362616658210754, 1.0]",2.3215000227185243,True
27,13,35.67335510253906,3.2095229625701904,-0.0410828550819442,22.239161916382496,"[-0.11488685011863708, 1.0]",2.317590266709659,True
27,14,37.893890380859375,3.1084985733032227,-0.0854122366907486,22.203327899151784,"[0.024489225819706917, 1.0]",2.3204502538664955,True
27,15,40.1129035949707,2.9798524379730225,-0.09803655236410602,22.324069471832637,"[0.1269928216934204, 1.0]",2.319471526734575,True
27,16,42.340023040771484,2.8639097213745117,-0.06270119838871668,22.26147784702683,"[0.1405775249004364, 1.0]",2.327296096112402,True
27,17,44.56418991088867,2.810058116912842,-0.010051302586177258,22.19855406703377,"[0.1367654800415039, 1.0]",2.3240603634188393,True
27,18,46.78730392456055,2.8438093662261963,0.045074933555972585,22.32170153555364,"[0.08328655362129211, 1.0]",2.3235616705818662,True
27,19,49.015785217285156,2.949178695678711,0.09097837652706886,22.28501715366552,"[-0.030637351796030998, 1.0]",2.3287638699161044,True
27,20,51.23884963989258,3.0806801319122314,0.10438699314145428,22.21237121023929,"[-0.183455228805542, 1.0]",2.3230200930534988,True
27,21,53.459266662597656,3.1974823474884033,0.06851234904532433,22.30223480113584,"[-0.2661568820476532, 1.0]",2.320777079310189,True
27,22,55.6861457824707,3.2554616928100586,0.012974388198648157,22.211922078716636,"[-0.23347881436347961, 1.0]",2.3268327692272717,True
27,23,57.90996551513672,3.226574182510376,-0.0424674325326766,22.30479240902183,"[-0.10653358697891235, 1.0]",2.324191298506614,True
27,24,60.13718032836914,3.1287946701049805,-0.08709215870637088,22.26820627773235,"[0.03955721855163574, 1.0]",2.3274217414822176,True
27,25,62.35963821411133,3.0114173889160156,-0.09649977525707598,22.20590039595429,"[0.13891565799713135, 1.0]",2.322384437523982,True
27,26,64.5827865600586,2.911288022994995,-0.05717074491100327,22.39028349763792,"[0.14171597361564636, 1.0]",2.323904621686636,True
27,27,66.8193359375,2.874438524246216,-0.001620267207204762,22.330785671142156,"[0.13454580307006836, 1.0]",2.337037912961546,True
27,28,69.05077362060547,2.9242708683013916,0.05200341344792303,22.278755975691578,"[0.06541627645492554, 1.0]",2.3316920849960807,True
27,29,71.27503967285156,3.0371134281158447,0.09343474315850386,22.237812275047364,"[-0.07711648941040039, 1.0]",2.3243362074838068,True
27,30,73.49397277832031,3.1465697288513184,0.09006384700873582,22.136965305497593,"[-0.24903306365013123, 1.0]",2.318549449343489,True
27,31,75.7083969116211,3.2292885780334473,0.041664755780126406,22.208897510652434,"[-0.29561951756477356, 1.0]",2.3143641720987174,True
27,32,77.93146514892578,3.237724781036377,-0.015799735799113535,22.297798638284558,"[-0.15730279684066772, 1.0]",2.323408331176968,True
27,33,80.15843963623047,3.160324811935425,-0.06961942511046981,22.24892631248977,"[-0.04526391625404358, 1.0]",2.3270946557108916,True
27,34,82.37828826904297,3.021238088607788,-0.10889146380921488,22.210305175816117,"[0.06188845634460449, 1.0]",2.3197950061036727,True
27,35,84.59514617919922,2.8730661869049072,-0.1090363397725147,22.26348229279981,"[0.22553056478500366, 1.0]",2.317043580473849,True
27,36,86.8157730102539,2.7467074394226074,-0.06291758022728544,22.19692280408536,"[0.16189801692962646, 1.0]",2.320512983673072,True
27,37,89.03751373291016,2.692387342453003,-0.005092896110612699,22.286753351224224,"[0.15103131532669067, 1.0]",2.322031112736759,True
27,38,91.26406860351562,2.726635694503784,0.052578656243380095,22.223238423959415,"[0.10535797476768494, 1.0]",2.326559443513286,True
27,39,93.48331451416016,2.83201003074646,0.10050197374324732,22.18381986263367,"[-0.032269567251205444, 1.0]",2.3190731000263827,True
27,40,95.70081329345703,2.984642267227173,0.12816862220169867,22.36491308872409,"[-0.04631957411766052, 1.0]",2.318140888196133,True
27,41,97.92536163330078,3.195978879928589,0.13634785569960428,22.320658834138648,"[-0.041239529848098755, 1.0]",2.324991304597374,True
27,42,100.14054107666016,3.4385833740234375,0.11829109087664946,22.163635433982527,"[-0.4294109046459198, 1.0]",2.3149158028122963,True
27,43,102.34801483154297,3.6328742504119873,0.07827975865929826,22.10961133344878,"[-0.5499864220619202, 1.0]",2.306967005883332,True
27,44,104.55946350097656,3.747110605239868,0.032844898882001594,22.241354776111635,"[-0.11510035395622253, 1.0]",2.3115347659260963,True
27,45,106.78189086914062,3.7764735221862793,-0.00961374521907743,22.20039009224812,"[-0.034091025590896606, 1.0]",2.322329123579179,True
27,46,109.00282287597656,3.729914426803589,-0.04536042442482913,22.261060310631233,"[-0.17856130003929138, 1.0]",2.321106778233778,True
27,47,111.22339630126953,3.5973293781280518,-0.08050190027286064,22.21229875849094,"[-0.05595177412033081, 1.0]",2.320528769706178,True
27,48,113.44063568115234,3.3846240043640137,-0.11270351259355404,22.471005112890634,"[-0.03087538294494152, 1.0]",2.3183589028908203,True
27,49,115.66985321044922,3.1219358444213867,-0.1271760620634259,22.413412682891888,"[0.11056700348854065, 1.0]",2.3300778863698883,True
27,50,117.89713287353516,2.884183883666992,-0.10492455220748731,22.34590636139805,"[0.13796865940093994, 1.0]",10.0,True
28,0,6.674129962921143,6.99625825881958,-0.0020579577323589504,20.9807289681609,"[-0.3312658965587616, 1.0]",1.7685432432778667,True
28,1,8.76642894744873,6.957474708557129,-0.020825253934146915,20.72724180159384,"[-0.8223754167556763, 0.7106876373291016]",2.18557157263476,True
28,2,10.82850456237793,6.846753120422363,-0.059204201561333214,20.37201625217457,"[-0.8918073177337646, 0.5762829184532166]",2.153749688063985,True
28,3,12.853971481323242,6.653460502624512,-0.10846868698616419,20.230194462041915,"[-0.6732288599014282, 0.9964662790298462]",2.116502794024501,True
28,4,14.857532501220703,6.3838958740234375,-0.15898326022667852,20.152344047590947,"[-0.5066541433334351, 1.0]",2.09424656811162,True
28,5,16.84157943725586,6.036356449127197,-0.2063064343748957,20.099989052667734,"[-0.38891932368278503, 1.0]",2.074496886772161,True
28,6,18.805334091186523,5.60688591003418,-0.2509878858798089,20.10385573493619,"[-0.2310194969177246, 1.0]",2.054222004737877,True
28,7,20.754302978515625,5.0953192710876465,-0.291734516874131,20.301931809949807,"[-0.02384418062865734, 1.0]",2.0403275804738756,True
28,8,22.70368766784668,4.5243659019470215,-0.3130816172238786,20.40121463842698,"[0.15097621083259583, 1.0]",2.041190155203976,True
28,9,24.66563606262207,3.959090232849121,-0.28881702389994857,20.49490264481291,"[0.24680066108703613, 1.0]",2.054175456677049,True
28,10,26.65072250366211,3.446031332015991,-0.24514544308039365,20.537006439616537,"[0.31452661752700806, 1.0]",2.0775029700183136,True
28,11,28.657445907592773,3.011308193206787,-0.19744383374127583,20.525545628171376,"[0.3799854815006256, 1.0]",2.0990883592574354,True
28,12,30.679065704345703,2.6609060764312744,-0.14985674032903162,20.49143782249507,"[0.39754852652549744, 1.0]",2.1138312669541577,True
28,13,32.7099723815918,2.3952109813690186,-0.10349523365044178,20.449194546008368,"[0.38593772053718567, 1.0]",2.1229280527031316,True
28,14,34.74612808227539,2.2154381275177,-0.05846730488770824,20.411265127563105,"[0.3565281331539154, 1.0]",2.128006393757628,True
28,15,36.784576416015625,2.122450828552246,-0.014604242785776655,20.387550571236247,"[0.31442520022392273, 1.0]",2.1301923113107977,True
28,16,38.8232307434082,2.1168251037597656,0.028283303408858984,20.38692837350757,"[0.2620384097099304, 1.0]",2.1303955050733623,True
28,17,40.8608512878418,2.198958396911621,0.07028468275077149,20.419346038646196,"[0.20000320672988892, 1.0]",2.129507601607502,True
28,18,42.89734649658203,2.3692731857299805,0.1113752609998766,20.503847085847106,"[0.12539765238761902, 1.0]",2.1287625206265464,True
28,19,44.9370002746582,2.6226770877838135,0.1480023812620086,20.734720535891054,"[0.026253314688801765, 1.0]",2.1329600204876815,True
28,20,46.98986053466797,2.9301435947418213,0.16323686111975277,20.88614648726181,"[-0.11442524194717407, 1.0]",2.1468479192024437,True
28,21,49.05953598022461,3.221116781234741,0.14033833627697945,20.973873259990107,"[-0.25135642290115356, 1.0]",2.164057875226596,True
28,22,51.14493942260742,3.4518961906433105,0.10205526244903584,21.01363595066095,"[-0.3186946213245392, 1.0]",2.199519565579886,True
28,23,53.231834411621094,3.605135679244995,0.060535648948318865,20.6496179718339,"[-1.0, -0.0383533276617527]",2.0951569028789776,True
28,24,55.28323745727539,3.6836633682250977,0.02357456828549065,20.086570018734957,"[-1.0, -0.3213235139846802]",1.9161610560538582,True
28,25,57.2794303894043,3.6908888816833496,-0.01105291747215631,19.467455981272593,"[-1.0, -0.3692884147167206]",2.1313277316711514,True
28,26,59.21190643310547,3.6276419162750244,-0.04568106902007507,18.810800883652863,"[-1.0, -0.39101988077163696]",1.8821139229632915,True
28,27,61.074859619140625,3.496243476867676,-0.0807821979775909,18.142978018701086,"[-1.0, -0.4048292338848114]",1.6584290904846126,True
28,28,62.86490249633789,3.301557779312134,-0.11613100091648576,17.46387839510961,"[-1.0, -0.41825976967811584]",1.4648149442158382,True
28,29,64.57881927490234,3.0481278896331787,-0.15256837095095044,16.777216459708978,"[-1.0, -0.4220207631587982]",1.3000957538072981,True
28,30,66.21354675292969,2.7394773960113525,-0.19080004576985488,16.078826178151434,"[-1.0, -0.4368498623371124]",1.1615410521624194,True
28,31,67.76598358154297,2.378962755203247,-0.2309911413607857,15.378022407674415,"[-1.0, -0.43975722789764404]",1.0453129300027226,True
28,32,69.23375701904297,1.9698387384414673,-0.27317761039845845,14.679939562313075,"[-1.0, -0.436583012342453]",0.9480253014188825,True
28,33,70.6148910522461,1.5156419277191162,-0.3172609159225397,13.982268806464562,"[-1.0, -0.43909165263175964]",0.8662142968113707,True
28,34,71.9073257446289,1.020560622215271,-0.36310084250163754,13.279439620103314,"[-1.0, -0.44750693440437317]",0.7965444112941752,True
28,35,73.10884857177734,0.48922109603881836,-0.41077994812954444,12.577113888678248,"[-1.0, -0.4457814395427704]",0.7364442147173925,True
28,36,74.21766662597656,-0.07358037680387497,-0.4605602878575237,11.872729556899396,"[-1.0, -0.44798147678375244]",0.6841126352284085,True
28,37,75.23212432861328,-0.6626886129379272,-0.5127202951775427,11.171702586361908,"[-1.0, -0.44289258122444153]",0.6379253135787396,True
28,38,76.15099334716797,-1.272716760635376,-0.5675302809402458,10.468719329212087,"[-1.0, -0.44680339097976685]",0.5966361884928505,True
28,39,76.97299194335938,-1.8976118564605713,-0.6251718727319755,9.762774925842429,"[-1.0, -0.4518771171569824]",0.5588781392201303,True
28,40,77.69710540771484,-2.5308310985565186,-0.6858904808471831,9.055493143932509,"[-1.0, -0.4542113244533539]",0.5236567239948314,True
28,41,78.32274627685547,-3.1653544902801514,-0.7500122093613477,8.34415544239854,"[-1.0, -0.4604838788509369]",0.4901094710720404,True
28,42,78.84986877441406,-3.793687582015991,-0.8179305403255288,7.641533743003119,"[-1.0, -0.4489727318286896]",-5.0,False
29,0,6.650442123413086,6.996259689331055,-0.0020578245743045898,20.68871602507359,"[-0.3312658965587616, 1.0]",1.7435413455259172,True
29,1,8.713703155517578,6.957534313201904,-0.020860008186372347,20.443752632807435,"[-0.8170039057731628, 0.7203009128570557]",2.1552579189521257,True
29,2,10.747605323791504,6.846992015838623,-0.05943855973726109,20.098269454612478,"[-0.8850297927856445, 0.5894608497619629]",2.124344380819682,True
29,3,12.745783805847168,6.6539154052734375,-0.10904286451718548,19.965555194464915,"[-0.6663070321083069, 1.0]",2.0880234804307563,True
29,4,14.722795486450195,6.384437084197998,-0.15992055977233122,19.895214977008152,"[-0.502063512802124, 1.0]",2.066540147999564,True
29,5,16.680883407592773,6.036828517913818,-0.20759726855525695,19.851065567675384,"[-0.38384369015693665, 1.0]",2.0474177161971174,True
29,6,18.619312286376953,5.607108116149902,-0.2526293252176792,19.86545118752678,"[-0.2244674265384674, 1.0]",2.0278234091280503,True
29,7,20.544416427612305,5.097280979156494,-0.29248566145958677,20.07930925641652,"[-0.017520902678370476, 1.0]",2.0154610328892257,True
29,8,22.472637176513672,4.53223180770874,-0.31011485576953035,20.196823831331155,"[0.1518751084804535, 1.0]",2.0191064561423575,True
29,9,24.416017532348633,3.975433826446533,-0.28425156684322594,20.30231530105754,"[0.23571425676345825, 1.0]",2.0347407746897197,True
29,10,26.384288787841797,3.4736270904541016,-0.24162847254483477,20.354127788051244,"[0.3057989776134491, 1.0]",2.0598648305393947,True
29,11,28.374916076660156,3.049771785736084,-0.1948423248304323,20.3567973584461,"[0.36558932065963745, 1.0]",2.082232876931367,True
29,12,30.38153839111328,2.709686517715454,-0.1479180922135086,20.34054030580732,"[0.3818707764148712, 1.0]",2.098154745829258,True
29,13,32.398948669433594,2.454244613647461,-0.10222983265849006,20.318617111972557,"[0.369882196187973, 1.0]",2.108844055324189,True
29,14,34.42333221435547,2.2847023010253906,-0.05790604368797414,20.303884012757397,"[0.3401041626930237, 1.0]",2.1157510229792833,True
29,15,36.451995849609375,2.2019436359405518,-0.014787734584882806,20.306829017403075,"[0.2979290783405304, 1.0]",2.12004436583222,True
29,16,38.48318862915039,2.2065823078155518,0.027288213267551598,20.337444371399382,"[0.24572306871414185, 1.0]",2.122711279212313,True
29,17,40.516170501708984,2.2990763187408447,0.06836587518536952,20.40848266122915,"[0.18372926115989685, 1.0]",2.124820044534125,True
29,18,42.551780700683594,2.4798247814178467,0.10847361383418086,20.545086678467893,"[0.10790392756462097, 1.0]",2.128063089027715,True
29,19,44.59614562988281,2.734316110610962,0.140326884684292,20.814214872687437,"[0.004132004454731941, 1.0]",2.138028896126312,True
29,20,46.66030502319336,3.0193703174591064,0.1442430630672531,20.963998555774896,"[-0.13558712601661682, 1.0]",2.158497386811534,True
29,21,48.742958068847656,3.272759437561035,0.11863383970894237,21.0590631674836,"[-0.2451930046081543, 1.0]",2.177418829907973,True
29,22,50.84165954589844,3.4602627754211426,0.08074518003843956,21.1195795965706,"[-0.2804735600948334, 1.0]",2.2128459873468067,True
29,23,52.94283676147461,3.570502519607544,0.03982757410213544,20.79771860261875,"[-1.0, 0.04849016293883324]",2.133453287026446,True
29,24,55.00907516479492,3.6076464653015137,0.003772234526042695,20.1954119828031,"[-1.0, -0.30119141936302185]",1.9696105441963456,True
29,25,57.014793395996094,3.575850248336792,-0.030097715059530294,19.524068419560376,"[-1.0, -0.36568155884742737]",2.199476073451498,True
29,26,58.95038604736328,3.4762001037597656,-0.06539778215047676,18.821517164635967,"[-1.0, -0.39278778433799744]",1.9434754617769825,True
29,27,60.8111686706543,3.3108062744140625,-0.10263516577639997,18.13093498909131,"[-1.0, -0.4107973277568817]",1.7114621675747124,True
29,28,62.5960807800293,3.0843825340270996,-0.140335007325616,17.441759647612223,"[-1.0, -0.4217914640903473]",1.5106383417733362,True
29,29,64.30266571044922,2.800718307495117,-0.17784483233105597,16.736300057938454,"[-1.0, -0.42933109402656555]",1.3396221321106374,True
29,30,65.92716217041016,2.463395357131958,-0.2155530628377056,16.015971562818397,"[-1.0, -0.432857483625412]",1.1948422395774303,True
29,31,67.46611022949219,2.0765349864959717,-0.2541650370602735,15.280794343624995,"[-1.0, -0.43479639291763306]",1.0725303795718615,True
29,32,68.91613006591797,1.6444326639175415,-0.29437916899463357,14.533242817681659,"[-1.0, -0.4371761977672577]",0.9689597486177832,True
29,33,70.2742919921875,1.1715407371520996,-0.3367584508952284,13.77969773361756,"[-1.0, -0.43907541036605835]",0.8809373002854758,True
29,34,71.53837585449219,0.6624807119369507,-0.3815625409683401,13.025113028129379,"[-1.0, -0.4404831826686859]",0.8057572880865135,True
29,35,72.70671081542969,0.12206701189279556,-0.42879703185225715,12.269918012278598,"[-1.0, -0.44123759865760803]",0.7410302413064969,True
29,36,73.7777099609375,-0.4446712136268616,-0.47847643777492266,11.513063746710799,"[-1.0, -0.44230905175209045]",0.6846300652472719,True
29,37,74.74988555908203,-1.0323050022125244,-0.5307160736115355,10.753600718617355,"[-1.0, -0.4430200457572937]",0.6347257975489751,True
29,38,75.62187957763672,-1.6349196434020996,-0.5857111490699989,9.991328670550049,"[-1.0, -0.44272640347480774]",0.5897689804229533,True
29,39,76.39264678955078,-2.246068239212036,-0.6436965549584581,9.22573913473699,"[-1.0, -0.4420184791088104]",0.5484650999227549,True
29,40,77.06149291992188,-2.858689069747925,-0.7049619100454585,8.456266010728154,"[-1.0, -0.4413159191608429]",0.5096498759622452,True
29,41,77.62821197509766,-3.4650492668151855,-0.7698666079201057,7.682796682615557,"[-1.0, -0.439878910779953]",0.4722721357621383,True
29,42,78.09319305419922,-4.056686878204346,-0.8388464748947939,6.904328987139305,"[-1.0, -0.439721018075943]",0.4353309354141496,True
29,43,78.4576187133789,-4.624295711517334,-0.912428816865356,6.12126681208517,"[-1.0, -0.43777671456336975]",-5.0,False
30,0,6.617738723754883,0.003812796203419566,0.0021046962094892763,20.320052937992173,"[0.15123966336250305, 1.0]",1.7091789619758475,True
30,1,8.648794174194336,0.044607579708099365,0.022242188792123585,20.309190163831165,"[0.40672218799591064, 1.0]",2.1224468061766935,True
30,2,10.6743745803833,0.16579799354076385,0.06607755401871884,20.23680379152009,"[0.470263808965683, 1.0]",2.116646023250805,True
30,3,12.685297012329102,0.37825483083724976,0.12183748934225314,20.163643500540744,"[0.4944091737270355, 1.0]",2.101658827698234,True
30,4,14.679560661315918,0.6693761348724365,0.17838012771016132,20.108747786141247,"[0.3832084834575653, 1.0]",2.084753014024452,True
30,5,16.655725479125977,1.0400718450546265,0.23292073472860242,20.088195712101996,"[0.23153650760650635, 1.0]",2.0665616985145174,True
30,6,18.61399269104004,1.4946528673171997,0.286027762132254,20.14696315084869,"[0.06894731521606445, 1.0]",2.0489285460928817,True
30,7,20.561521530151367,2.013166666030884,0.32589821312793976,20.195827674336762,"[-0.16927340626716614, 1.0]",2.0384100636458435,True
30,8,22.512775421142578,2.527782678604126,0.31592587326808363,20.16584852254273,"[-0.40399685502052307, 1.0]",2.0420002093426532,True
30,9,24.468101501464844,3.021104335784912,0.25882263949071316,20.166751728534024,"[-0.48091068863868713, 1.0]",2.0460764631006687,True
30,10,26.43860626220703,3.4445626735687256,0.19333590775982845,20.101483183936168,"[-0.49543389678001404, 1.0]",2.0609614350699004,True
30,11,28.417953491210938,3.783229351043701,0.12999981176723718,19.997181460488882,"[-0.4612007439136505, 1.0]",2.069334545576106,True
30,12,30.399490356445312,4.035303592681885,0.06813524543496907,19.88459763566357,"[-0.4018518626689911, 1.0]",2.071017554594861,True
30,13,32.37904357910156,4.200852394104004,0.007046591086295351,19.781607399672907,"[-0.31656819581985474, 1.0]",2.068570455954778,True
30,14,34.3542366027832,4.279205322265625,-0.053507966305763155,19.705464629623133,"[-0.20191499590873718, 1.0]",2.063867614514945,True
30,15,36.324485778808594,4.269759654998779,-0.11377317124538422,19.680536391767205,"[-0.06043162941932678, 1.0]",2.058811589788343,True
30,16,38.29304122924805,4.175784111022949,-0.17107188104676574,19.777834189560096,"[0.0753265917301178, 1.0]",2.0575557042924735,True
30,17,40.2664909362793,4.020366668701172,-0.21099599473841657,19.884221326147916,"[0.18615075945854187, 1.0]",2.062928702998916,True
30,18,42.24822998046875,3.8502204418182373,-0.20740884990813413,19.942620603178906,"[0.2497992217540741, 1.0]",2.071480836903758,True
30,19,44.23882293701172,3.6832308769226074,-0.14995567676352728,20.109290642911066,"[0.21582773327827454, 1.0]",2.0810847644360684,True
30,20,46.247371673583984,3.551765203475952,-0.06113725703856687,20.18156420877961,"[0.2514492869377136, 1.0]",2.099365775511774,True
30,21,48.265201568603516,3.50317120552063,0.026187661947076002,20.180259858436724,"[0.18760275840759277, 1.0]",2.1086410643824967,True
30,22,50.284671783447266,3.544584274291992,0.11216542089530357,20.22721930925808,"[0.03800329566001892, 1.0]",2.1082252249642024,True
30,23,52.29781723022461,3.6740057468414307,0.19693130838949013,19.99493113238283,"[0.5167008638381958, 1.0]",2.112251409496444,True
30,24,54.28019714355469,3.882627487182617,0.2791420259757995,19.689613219038673,"[0.5983048677444458, 1.0]",2.0839791985846583,True
30,25,56.22145080566406,4.166049003601074,0.35962847991433833,19.333706176948464,"[0.623409628868103, 1.0]",2.0377218156446464,True
30,26,58.11405944824219,4.520950794219971,0.43879973174854037,18.94585271190993,"[0.6172255277633667, 1.0]",1.97825594328951,True
30,27,59.952396392822266,4.943259239196777,0.5164766838950996,18.529122918448802,"[0.6307411789894104, 1.0]",1.9094287083069001,True
30,28,61.73141098022461,5.427571773529053,0.5919631194660413,18.07404598011482,"[0.6718352437019348, 1.0]",1.833349432884456,True
30,29,63.4456787109375,5.96759557723999,0.6647076975366923,17.573976790982872,"[0.7445827722549438, 1.0]",1.7511646002713654,True
30,30,65.09021759033203,6.556214332580566,0.7342646049405728,17.0415426043144,"[0.7795889973640442, 1.0]",1.896174894195803,True
30,31,66.66117858886719,7.187216758728027,0.8005719231823383,16.48372727390646,"[0.798278272151947, 1.0]",1.7955858811076493,True
30,32,68.15553283691406,7.854743003845215,0.8635387718897904,15.90178720859182,"[0.8338768482208252, 1.0]",1.6955100378599925,True
30,33,69.5709457397461,8.552515983581543,0.9227923085103171,15.299817310212676,"[0.8714427947998047, 1.0]",1.5971378653393427,True
30,34,70.90579223632812,9.274560928344727,0.9779801968317026,14.684488599199922,"[0.8857220411300659, 1.0]",1.5017190071541209,True
30,35,72.15882873535156,10.015660285949707,1.0289213751893334,14.055981536905493,"[0.9167100191116333, 1.0]",1.4102692128243834,True
30,36,73.32926940917969,10.770554542541504,1.0753290544233227,13.419068260837673,"[0.9384464621543884, 1.0]",1.3230415068528136,True
30,37,74.41667938232422,11.534544944763184,1.1169957409952396,12.776896620025102,"[0.9629000425338745, 1.0]",1.240458690633663,True
30,38,75.42093658447266,12.30321979522705,1.1536511573439538,12.132184032855799,"[0.9945077896118164, 0.9938298463821411]",0.8805393613898987,True
30,39,76.3421859741211,13.072635650634766,1.1850429689561812,11.492678221271213,"[1.0, 0.9878360033035278]",0.8253077433810361,True
30,40,77.18048858642578,13.840089797973633,1.2111578600264705,10.864976134383875,"[1.0, 0.9812752604484558]",0.7740257692958178,True
30,41,77.93598175048828,14.603584289550781,1.2319799847463369,10.255395655716615,"[1.0, 0.9753114581108093]",0.7268117219071836,True
30,42,78.60882568359375,15.3616361618042,1.2474803812389252,9.670927263287332,"[1.0, 0.9644386172294617]",0.683652725972522,True
30,43,79.19918060302734,16.11329460144043,1.2576296548637034,9.121156484877917,"[1.0, 0.956865668296814]",0.6445613490517192,True
30,44,79.70719146728516,16.85822868347168,1.2624091967825546,8.619350561044968,"[1.0, 0.9596473574638367]",0.6096373648226532,True
30,45,80.13312530517578,17.596935272216797,1.2618114835654,8.185605699807356,"[1.0, 0.9623745679855347]",0.5791972238736331,True
30,46,80.4775390625,18.331462860107422,1.255853526153702,7.869362985701517,"[1.0, 0.9666513204574585]",0.5541972839453854,True
30,47,80.74806213378906,19.06623077392578,1.2483698104639842,7.685675364691324,"[1.0, 0.9688458442687988]",0.5371426183184294,True
30,48,80.9701919555664,19.798561096191406,1.2558874148785737,7.5255056340053565,"[1.0, 0.9642249345779419]",-5.0,False
31,0,6.731204509735107,0.003813869319856167,0.0020988372550911905,21.743978327259573,"[0.15123966336250305, 1.0]",1.8290524122077756,True
31,1,8.904634475708008,0.044724613428115845,0.02196335582599218,21.730864683997453,"[0.42649295926094055, 1.0]",2.271218857050889,True
31,2,11.07243824005127,0.1665291041135788,0.06453531743145469,21.650032996231815,"[0.49084219336509705, 1.0]",2.265228912826305,True
31,3,13.225125312805176,0.379975825548172,0.11830826826567975,21.566841318449587,"[0.5106458067893982, 1.0]",2.249737858686929,True
31,4,15.360782623291016,0.671920120716095,0.1728016041747722,21.501236033097296,"[0.3976288139820099, 1.0]",2.232412872634778,True
31,5,17.478084564208984,1.0432969331741333,0.22531035243953745,21.467465382537974,"[0.24535062909126282, 1.0]",2.2139055351393897,True
31,6,19.577030181884766,1.4983787536621094,0.2764032311107627,21.501171316342745,"[0.0808093249797821, 1.0]",2.1957008885993234,True
31,7,21.664812088012695,2.0170681476593018,0.31437564719754807,21.572271550352106,"[-0.15507036447525024, 1.0]",2.184857128104514,True
31,8,23.75784683227539,2.5322654247283936,0.3024591997419339,21.542732040630845,"[-0.3970794677734375, 1.0]",2.189977038445534,True
31,9,25.854650497436523,3.02762508392334,0.24251184307841367,21.551028970058283,"[-0.4762846529483795, 1.0]",2.193783295526395,True
31,10,27.966068267822266,3.45255184173584,0.17468485853962257,21.47676355425702,"[-0.4859565794467926, 1.0]",2.2080632063798986,True
31,11,30.084426879882812,3.7922823429107666,0.10907042823446744,21.360234598626246,"[-0.44535794854164124, 1.0]",2.214479667754365,True
31,12,32.2030143737793,4.0450358390808105,0.04465428726179432,21.235685276681252,"[-0.37570974230766296, 1.0]",2.21414807764155,True
31,13,34.3178825378418,4.211043357849121,-0.01924959467520182,21.12041620370605,"[-0.2808479368686676, 1.0]",2.2099100369791773,True
31,14,36.4268913269043,4.289783000946045,-0.08278596038176733,21.033513990980765,"[-0.15096303820610046, 1.0]",2.2036596020219132,True
31,15,38.52975845336914,4.2807297706604,-0.14611406689108897,20.995864286249628,"[-0.00440165214240551, 1.0]",2.1973485157529673,True
31,16,40.6296501159668,4.186830520629883,-0.20650337513750738,21.070706991769832,"[0.12794634699821472, 1.0]",2.1947098440606205,True
31,17,42.73237228393555,4.030168056488037,-0.2501917338719295,21.161621730582112,"[0.24330389499664307, 1.0]",2.1979494657563694,True
31,18,44.84123992919922,3.857675552368164,-0.2510846917854339,21.179594440661273,"[0.31878751516342163, 1.0]",2.2041758202466477,True
31,19,46.9549446105957,3.6881461143493652,-0.19931923178090916,21.27746687061396,"[0.2738321125507355, 1.0]",2.2094532823142474,True
31,20,49.07912826538086,3.5307929515838623,-0.09985229559532183,21.360372115456684,"[0.3185388743877411, 1.0]",2.2203053293047113,True
31,21,51.213096618652344,3.442887544631958,0.006993594180602969,21.328864265216957,"[0.2612377107143402, 1.0]",2.2267738879500354,True
31,22,53.3390998840332,3.4410009384155273,0.1103889592901659,21.014304090639317,"[0.7912337183952332, 1.0]",2.195140440810018,True
31,23,55.43118667602539,3.518242597579956,0.20938265175004656,20.618468762262868,"[0.8592023849487305, 1.0]",2.128166836569573,True
31,24,57.47875213623047,3.6667287349700928,0.30561038510177063,20.17111518285955,"[0.875758171081543, 1.0]",2.043150548430962,True
31,25,59.474613189697266,3.8811731338500977,0.39855244345860896,19.680757638129077,"[0.8943305015563965, 1.0]",1.9468979794481953,True
31,26,61.41267776489258,4.155882358551025,0.4872430314512455,19.146862185463046,"[0.9179197549819946, 1.0]",2.0998410176735587,True
31,27,63.28728103637695,4.48475456237793,0.5712328738037833,18.572829986774043,"[0.9425899982452393, 1.0]",1.97724869806467,True
31,28,65.09355926513672,4.861362934112549,0.6503034581487803,17.963974977109377,"[0.9668033123016357, 0.9952815771102905]",1.8534144447885303,True
31,29,66.82755279541016,5.279192924499512,0.7242740224272497,17.32475951147615,"[0.9913586378097534, 0.9865059852600098]",1.7310387013099988,True
31,30,68.4861068725586,5.731940746307373,0.7930104098992761,16.662540340666048,"[1.0, 0.979263186454773]",1.61218050741363,True
31,31,70.06690216064453,6.214028358459473,0.8564965084402667,15.983487214960176,"[1.0, 0.9735989570617676]",1.4986166479982328,True
31,32,71.56828308105469,6.720456600189209,0.9146998274849212,15.29108573015024,"[1.0, 0.9682922959327698]",1.054742231577084,True
31,33,72.98902893066406,7.246598243713379,0.9675791546153709,14.587801590323588,"[1.0, 0.9682159423828125]",0.9790278856474686,True
31,34,74.32818603515625,7.788200855255127,1.0151319598285804,13.876429963912132,"[1.0, 0.966833233833313]",0.9083321707032094,True
31,35,75.5851058959961,8.341413497924805,1.0573652006328977,13.15992838479953,"[1.0, 0.9658862352371216]",0.8425817203158099,True
31,36,76.7593765258789,8.902806282043457,1.0942889637509507,12.441245686175078,"[1.0, 0.9654455780982971]",0.7816083847222919,True
31,37,77.85076141357422,9.469401359558105,1.1259086420839486,11.723502094143118,"[1.0, 0.9637879133224487]",0.7252019945681318,True
31,38,78.85916900634766,10.038670539855957,1.1522254007648662,11.010116691567493,"[1.0, 0.9619219899177551]",0.6731339954840775,True
31,39,79.78457641601562,10.608551979064941,1.1732369428172644,10.305090385062659,"[1.0, 0.9595475792884827]",0.6251731462054168,True
31,40,80.62699890136719,11.17745590209961,1.188940072447835,9.613411973570697,"[1.0, 0.9596917629241943]",0.5811118345737376,True
31,41,81.38651275634766,11.744284629821777,1.1993318934688917,8.94138419653856,"[1.0, 0.9576838612556458]",0.540796522093383,True
31,42,82.06320190429688,12.308446884155273,1.2044065802155517,8.29743491633452,"[1.0, 0.9577799439430237]",0.5041099915818901,True
31,43,82.65714263916016,12.869908332824707,1.2041544787288618,7.693017410077367,"[1.0, 0.9565871953964233]",0.47100975744863366,True
31,44,83.16848754882812,13.429276466369629,1.1985608417542863,7.144553749403943,"[1.0, 0.9554490447044373]",0.44157931193263084,True
31,45,83.59751892089844,13.98802661895752,1.1876092575616086,6.678683729591622,"[1.0, 0.9551057815551758]",0.4161162139539303,True
31,46,83.94513702392578,14.549455642700195,1.1713385417237152,6.362309951525126,"[1.0, 0.9553308486938477]",0.3957421552363975,True
31,47,84.22280883789062,15.117644309997559,1.1557326174729319,6.187426859040401,"[1.0, 0.953850269317627]",0.3826389698603442,True
31,48,84.45653533935547,15.687188148498535,1.158380498676257,6.037775366014243,"[1.0, 0.9525467753410339]",0.37335560949431695,True
31,49,84.65052795410156,16.25591468811035,1.1841754442310872,5.905891262011093,"[1.0, 0.952800989151001]",0.364739919810859,True
31,50,84.8002700805664,16.824806213378906,1.2293824705771277,5.8014399708771105,"[1.0, 0.9526681303977966]",0.3568920042298276,True
31,51,84.9009780883789,17.39420509338379,1.289421673008742,5.718785901770288,"[1.0, 0.9527279138565063]",-5.0,False
32,0,6.660295486450195,0.0038141743279993534,0.002103231470890421,20.851044701506535,"[0.15123966336250305, 1.0]",1.7541251876069748,True
32,1,8.744357109069824,0.04468498006463051,0.022156168688914235,20.834848608842773,"[0.4142708480358124, 1.0]",2.1778184413594213,True
32,2,10.822425842285156,0.16622582077980042,0.06558167342374599,20.754979371295658,"[0.4781971871852875, 1.0]",2.1714661403861624,True
32,3,12.885251998901367,0.37924158573150635,0.12070524640480595,20.675037315692126,"[0.500651478767395, 1.0]",2.1558638245368256,True
32,4,14.930989265441895,0.6708362102508545,0.1766073945305502,20.613689622758706,"[0.3885175883769989, 1.0]",2.1384988698429415,True
32,5,16.958290100097656,1.0418998003005981,0.23051776447702466,20.585677737819783,"[0.23628491163253784, 1.0]",2.1199363844759507,True
32,6,18.967247009277344,1.4967079162597656,0.2830088027205404,20.631245848329293,"[0.07256019115447998, 1.0]",2.1017975154971693,True
32,7,20.964946746826172,2.0151984691619873,0.32232198725812644,20.683403588344312,"[-0.16553810238838196, 1.0]",2.0907750536963774,True
32,8,22.966524124145508,2.5296592712402344,0.3118058299036761,20.648866880829026,"[-0.40280967950820923, 1.0]",2.0944972782830664,True
32,9,24.971485137939453,3.0235512256622314,0.253465291483856,20.648356192141684,"[-0.48038527369499207, 1.0]",2.097878616658583,True
32,10,26.990964889526367,3.4476141929626465,0.1865953138827834,20.576531201652834,"[-0.4928496181964874, 1.0]",2.1120741419943516,True
32,11,29.018272399902344,3.7867376804351807,0.121882496764675,20.464653055511516,"[-0.4558224380016327, 1.0]",2.1193984491257782,True
32,12,31.04676055908203,4.039056777954102,0.05854759919457475,20.344735971505347,"[-0.3918556272983551, 1.0]",2.1200394710514616,True
32,13,33.072349548339844,4.204739093780518,-0.0041288317960042065,20.234609851051353,"[-0.3015196621417999, 1.0]",2.1166447335875436,True
32,14,35.09278106689453,4.283196926116943,-0.06636024856843115,20.15243708670807,"[-0.17884257435798645, 1.0]",2.1111174854448738,True
32,15,37.10763931274414,4.273861885070801,-0.12835970400991137,20.1214046631414,"[-0.03351670503616333, 1.0]",2.1054045668337458,True
32,16,39.120269775390625,4.1810126304626465,-0.1867927872776125,20.210586198441423,"[0.10370966792106628, 1.0]",2.1035781005394707,True
32,17,41.136810302734375,4.028491497039795,-0.22672728729751412,20.298572998543825,"[0.2195187211036682, 1.0]",2.107884105837197,True
32,18,43.16008377075195,3.8652710914611816,-0.22147233783456954,20.325035541709788,"[0.28768813610076904, 1.0]",2.1147361279552723,True
32,19,45.18893814086914,3.7089309692382812,-0.1613848988977118,20.443288751764495,"[0.25448599457740784, 1.0]",2.120849169500128,True
32,20,47.2310791015625,3.5831046104431152,-0.06281358378671786,20.49716322881087,"[0.29642733931541443, 1.0]",2.1343781952230083,True
32,21,49.280330657958984,3.538404703140259,0.03562457326977153,20.478714148155596,"[0.19784870743751526, 1.0]",2.1414057700631846,True
32,22,51.330291748046875,3.5808582305908203,0.13112379890530512,20.53480697635811,"[0.004427613690495491, 1.0]",2.1464278919294664,True
32,23,53.37332534790039,3.7092621326446533,0.2235741045668611,20.257110750196695,"[0.5787105560302734, 1.0]",2.138204502418907,True
32,24,55.38153839111328,3.914641857147217,0.3128798827713055,19.90561025709172,"[0.6447816491127014, 1.0]",2.0930889866999545,True
32,25,57.34455108642578,4.1920366287231445,0.40026405709120283,19.500785854313794,"[0.6558040976524353, 1.0]",2.030018708099331,True
32,26,59.25443649291992,4.5374226570129395,0.4861225730016221,19.04279634790973,"[0.7050139904022217, 1.0]",1.954074414669163,True
32,27,61.10472106933594,4.944876194000244,0.5699370461963778,18.558641793622257,"[0.6982826590538025, 1.0]",1.868852275757446,True
32,28,62.89091491699219,5.408735275268555,0.6511681865547292,18.037723048653035,"[0.7241840362548828, 1.0]",1.7785155140293438,True
32,29,64.6082992553711,5.9228196144104,0.7294393565195127,17.483306345670677,"[0.740692138671875, 1.0]",1.9189376799611204,True
32,30,66.252685546875,6.480527877807617,0.8045193937081079,16.888596888650316,"[0.8072311878204346, 1.0]",1.810080729804878,True
32,31,67.8204116821289,7.073872089385986,0.8758922440802861,16.259524055645244,"[0.8615750074386597, 1.0]",1.7005215094379407,True
32,32,69.3086929321289,7.695283889770508,0.9432398596228637,15.603370478609994,"[0.8973917365074158, 1.0]",1.5921575632199,True
32,33,70.71563720703125,8.337958335876465,1.0063544471917885,14.926766243602895,"[0.9245426058769226, 1.0]",1.4867292341063023,True
32,34,72.04013061523438,8.995661735534668,1.0649650634356567,14.234743762563355,"[0.9497314095497131, 1.0]",1.3853860671546754,True
32,35,73.28166961669922,9.662639617919922,1.1187517295494969,13.530338239080828,"[0.9708514213562012, 1.0]",0.9762172592320283,True
32,36,74.44004821777344,10.333678245544434,1.1674734627441694,12.816177760428257,"[0.9879459142684937, 0.9937671422958374]",0.9070984034839952,True
32,37,75.51530456542969,11.004142761230469,1.2109734694104963,12.09573432090556,"[1.0, 0.9923734068870544]",0.8417966726484042,True
32,38,76.50761413574219,11.670106887817383,1.2491876672347475,11.373369560440333,"[1.0, 0.9829961061477661]",0.7803898227206034,True
32,39,77.4172134399414,12.32845687866211,1.2821328674213044,10.652938277320905,"[1.0, 0.9880839586257935]",0.7229538123754093,True
32,40,78.24443054199219,12.976608276367188,1.3097894624466413,9.937863257300373,"[1.0, 0.9852429628372192]",0.6693962601557941,True
32,41,78.98957824707031,13.612442970275879,1.3321404413692948,9.232398305817938,"[1.0, 0.9853752851486206]",0.6195545154561984,True
32,42,79.6529312133789,14.234320640563965,1.3491747853602547,8.542207964739122,"[1.0, 0.9849562644958496]",0.5732848500427088,True
32,43,80.23474884033203,14.841094970703125,1.3608900143507565,7.874726587579291,"[1.0, 0.980700671672821]",0.5304863135336912,True
32,44,80.73523712158203,15.43214225769043,1.3672863780121522,7.240228231588703,"[1.0, 0.9798434376716614]",0.4911010865001735,True
32,45,81.1545181274414,16.007434844970703,1.3683571019284182,6.653242177493287,"[1.0, 0.9764674305915833]",0.455155619336872,True
32,46,81.49266815185547,16.567686080932617,1.364085408184688,6.1360345684689825,"[1.0, 0.9743486046791077]",0.4228377231305918,True
32,47,81.7498550415039,17.11482048034668,1.354464572299209,5.731912672130064,"[1.0, 0.9712622165679932]",0.3947681090425908,True
32,48,81.92886352539062,17.653728485107422,1.3408297534397349,5.506268022848546,"[1.0, 0.9677537679672241]",0.3731972755690963,True
32,49,82.0526123046875,18.186843872070312,1.337462752163061,5.348078034394655,"[1.0, 0.9665074348449707]",0.35936390255370665,True
32,50,82.1363525390625,18.711999893188477,1.3559401799249509,5.207451172745387,"[1.0, 0.9662836790084839]",-5.0,False
33,0,6.684489727020264,6.996257781982422,-0.0020574251001406196,21.11041110194537,"[-0.3312658965587616, 1.0]",1.7794865769790178,True
33,1,8.789727210998535,6.9574689865112305,-0.020799154955463806,20.855450558599777,"[-0.8247328996658325, 0.7064560651779175]",2.1990870114919705,True
33,2,10.864588737487793,6.84673547744751,-0.05905346664363531,20.49775677393657,"[-0.894837498664856, 0.5703601241111755]",2.1671014319719726,True
33,3,12.902634620666504,6.653457164764404,-0.10812034551558192,20.35346133557412,"[-0.6764896512031555, 0.9909536838531494]",2.1296364591887946,True
33,4,14.918612480163574,6.383962154388428,-0.15843012166826842,20.273992739406008,"[-0.5091285109519958, 1.0]",2.107210826824397,True
33,5,16.914989471435547,6.036531448364258,-0.20554783293838685,20.21979938897971,"[-0.39155176281929016, 1.0]",2.0873660885223813,True
33,6,18.8909854888916,5.607211589813232,-0.2500122368144586,20.22097130117286,"[-0.2345726191997528, 1.0]",2.0669903883113325,True
33,7,20.851734161376953,5.09481143951416,-0.2911412977413157,20.411828085068585,"[-0.027472076937556267, 1.0]",2.05260189886816,True
33,8,22.811843872070312,4.521518230438232,-0.3140667205110992,20.505956096488752,"[0.15005779266357422, 1.0]",2.052386513127559,True
33,9,24.78372573852539,3.9529623985290527,-0.29055633440787965,20.59771224519191,"[0.25119873881340027, 1.0]",2.064571571558442,True
33,10,26.7782039642334,3.435195207595825,-0.24636770086268545,20.638745915271716,"[0.31778696179389954, 1.0]",2.0873525823267305,True
33,11,28.794260025024414,2.9958083629608154,-0.1982530352384959,20.62374037348204,"[0.38569188117980957, 1.0]",2.108862892471685,True
33,12,30.824962615966797,2.6409099102020264,-0.15040242203638865,20.58422048684884,"[0.4036804139614105, 1.0]",2.1233315831332025,True
33,13,32.86450958251953,2.3707242012023926,-0.10378605084147807,20.535561146964017,"[0.39193907380104065, 1.0]",2.1319569917140724,True
33,14,34.90874481201172,2.1864514350891113,-0.058503790194643024,20.48837310520991,"[0.36718007922172546, 1.0]",2.136432908465632,True
33,15,36.95453643798828,2.088933229446411,-0.014391589372733549,20.455716938254476,"[0.32114067673683167, 1.0]",2.1378423521987076,True
33,16,38.999755859375,2.0787434577941895,0.02876933030779938,20.44335741006046,"[0.27198636531829834, 1.0]",2.137214529731991,True
33,17,41.0426139831543,2.1561968326568604,0.07101452204750824,20.448590939877032,"[0.23853129148483276, 1.0]",2.1348767830087434,True
33,18,43.08147048950195,2.3214688301086426,0.11228033629634027,20.48652199339973,"[0.18253639340400696, 1.0]",2.131045855317955,True
33,19,45.11709976196289,2.575038433074951,0.15268994425471227,20.616095601129867,"[0.07747039198875427, 1.0]",2.128401702666022,True
33,20,47.15591049194336,2.8950889110565186,0.1799784238383726,20.752784519340874,"[-0.09774285554885864, 1.0]",2.1321982603175025,True
33,21,49.20833206176758,3.209419012069702,0.16126399138422176,20.83019794247219,"[-0.2779102921485901, 1.0]",2.1461574605653437,True
33,22,51.275142669677734,3.4729855060577393,0.12027834168206653,20.858028313412724,"[-0.35962197184562683, 1.0]",2.1758823574347255,True
33,23,53.34176254272461,3.659677028656006,0.07664178143084577,20.413443156362696,"[-1.0, -0.14886337518692017]",2.057033869792826,True
33,24,55.36820983886719,3.7709696292877197,0.03758066509043534,19.84737272666878,"[-1.0, -0.3495296239852905]",1.8681915883831923,True
33,25,57.34041213989258,3.8097641468048096,4.913532211148208e-05,19.245023542631753,"[-1.0, -0.38649535179138184]",2.0731872111545644,True
33,26,59.2520751953125,3.776488780975342,-0.03717879408194236,18.6260153847015,"[-1.0, -0.40403255820274353]",1.8321152968352454,True
33,27,61.09922790527344,3.6737892627716064,-0.07355903931102414,17.999288526512885,"[-1.0, -0.4168170988559723]",1.6185516642601214,True
33,28,62.87804412841797,3.505795478820801,-0.10842328008957836,17.338748879649415,"[-1.0, -0.4309755563735962]",1.4340420467236223,True
33,29,64.58259582519531,3.2766613960266113,-0.14241480297891407,16.64164927581148,"[-1.0, -0.4369862675666809]",1.275603992119268,True
33,30,66.20758056640625,2.991530179977417,-0.17768344476899678,15.927852727520749,"[-1.0, -0.43933963775634766]",1.1402620565642607,True
33,31,67.74951171875,2.654737949371338,-0.21630487321343495,15.210009866093383,"[-1.0, -0.44180944561958313]",1.0259777372860917,True
33,32,69.20594787597656,2.269413471221924,-0.25839573476797373,14.495725877700604,"[-1.0, -0.4473741054534912]",0.9303134173041707,True
33,33,70.57508850097656,1.8389142751693726,-0.3030063461878907,13.785876722570585,"[-1.0, -0.448915958404541]",0.8499942724760845,True
33,34,71.85514831542969,1.3670377731323242,-0.34952005252277907,13.077069173274475,"[-1.0, -0.44866496324539185]",0.781870955856028,True
33,35,73.04418182373047,0.8580981492996216,-0.39789411003714115,12.367660516983385,"[-1.0, -0.4489920735359192]",0.7232847925338369,True
33,36,74.14030456542969,0.31694868206977844,-0.4483406395118035,11.6580021863648,"[-1.0, -0.4486002027988434]",0.6721425723446903,True
33,37,75.1418228149414,-0.25114965438842773,-0.5011531212988931,10.947250680198728,"[-1.0, -0.4493645131587982]",0.6268324865234225,True
33,38,76.0472183227539,-0.840526819229126,-0.5566422131395665,10.235931788199736,"[-1.0, -0.45012807846069336]",0.5860234078793604,True
33,39,76.8552474975586,-1.4450942277908325,-0.615097933276533,9.524135573688275,"[-1.0, -0.451657772064209]",0.5486123048360081,True
33,40,77.5650405883789,-2.058283805847168,-0.6768003130984148,8.812421881642232,"[-1.0, -0.4525153934955597]",0.5136354508906917,True
33,41,78.17613983154297,-2.673072099685669,-0.7420759893129114,8.102901419859284,"[-1.0, -0.4503256678581238]",0.48026317259816886,True
33,42,78.68865966796875,-3.281926393508911,-0.8113072586945016,7.392887579366403,"[-1.0, -0.451854407787323]",0.4477069817159139,True
33,43,79.10319519042969,-3.87654709815979,-0.8848975901483342,6.684124616448522,"[-1.0, -0.45032799243927]",-5.0,False
34,0,6.564589023590088,3.5037410259246826,0.002082458814387067,19.737106547923105,"[0.03267344832420349, 1.0]",1.6534060030557418,True
34,1,8.540956497192383,3.5111541748046875,0.00420499820318021,19.91637262283961,"[-0.10692676901817322, 1.0]",2.065991150405073,True
34,2,10.534875869750977,3.4577112197875977,-0.029183185541197254,20.0763789795215,"[-0.14213469624519348, 1.0]",2.0842630779664404,True
34,3,12.544249534606934,3.3339576721191406,-0.07151186738107995,20.33358298478998,"[-0.03038903884589672, 1.0]",2.100874788287512,True
34,4,14.574366569519043,3.1756324768066406,-0.08855796257035031,20.514372575495784,"[0.0825330913066864, 1.0]",2.1224317115018403,True
34,5,16.62412452697754,3.0348780155181885,-0.07029240591793329,20.683162034466235,"[0.11700066924095154, 1.0]",2.142832186613594,True
34,6,18.693988800048828,2.947277069091797,-0.03552403893862177,20.85423903324449,"[0.1161542534828186, 1.0]",2.1637083487208892,True
34,7,20.782995223999023,2.934967041015625,0.005443368110067404,21.03119405669526,"[0.09582722187042236, 1.0]",2.183646797205324,True
34,8,22.8905029296875,2.997521162033081,0.04443311173326325,21.2846909511916,"[0.03483223915100098, 1.0]",2.2032888149688388,True
34,9,25.01953125,3.106015205383301,0.06182967892198832,21.48955235178622,"[-0.06733855605125427, 1.0]",2.225731305895538,True
34,10,27.168785095214844,3.195957899093628,0.04217648218358505,21.622264087603867,"[-0.16074448823928833, 1.0]",2.246554033609061,True
34,11,29.33331871032715,3.2266147136688232,0.005994908771823404,21.7456036331228,"[-0.15965157747268677, 1.0]",2.262388831461357,True
34,12,31.51124382019043,3.177522897720337,-0.036350018350709945,21.924908628535054,"[-0.08429306745529175, 1.0]",2.276587198691689,True
34,13,33.705196380615234,3.0643630027770996,-0.06891901374377873,22.16001697960133,"[0.024815620854496956, 1.0]",2.2936726368330107,True
34,14,35.92069625854492,2.940126419067383,-0.0638817776999483,22.33607107520431,"[0.10215499997138977, 1.0]",2.316012197768107,True
34,15,38.15062713623047,2.8557891845703125,-0.032458873681994405,22.28208249225013,"[0.09772473573684692, 1.0]",2.3302002489006726,True
34,16,40.37763595581055,2.8455448150634766,0.008630905618783657,22.228729572526685,"[0.08822178840637207, 1.0]",2.327038102656448,True
34,17,42.598880767822266,2.9115700721740723,0.049598578983580666,22.19151856454031,"[0.029753269627690315, 1.0]",2.3211066455521503,True
34,18,44.818931579589844,3.0218310356140137,0.07019959475394355,22.37464223954472,"[-0.0747033953666687, 1.0]",2.3207367018455294,True
34,19,47.05157470703125,3.117581367492676,0.047267647239489285,22.30159978436568,"[-0.17444536089897156, 1.0]",2.3330003264710517,True
34,20,49.27984619140625,3.154297113418579,0.00650277359170115,22.226651457176935,"[-0.17021968960762024, 1.0]",2.3282914159322963,True
34,21,51.500911712646484,3.107851982116699,-0.03948442579567857,22.17331625727552,"[-0.08612143993377686, 1.0]",2.3208454443979742,True
34,22,53.7193603515625,2.997638702392578,-0.07540514257866704,22.354485014105034,"[0.05003136396408081, 1.0]",2.319043821479488,True
34,23,55.94950485229492,2.8847358226776123,-0.06749076045116986,22.290564656254883,"[0.13238734006881714, 1.0]",2.330452041685569,True
34,24,58.17604064941406,2.811124324798584,-0.028116323208511318,22.229312836163135,"[0.1308678686618805, 1.0]",2.326567704881875,True
34,25,60.397621154785156,2.815612316131592,0.01927489470555699,22.16740512140702,"[0.12263384461402893, 1.0]",2.3213338284174254,True
34,26,62.61705017089844,2.9071426391601562,0.06816400757474206,22.337323510443632,"[0.05611526966094971, 1.0]",2.3199469719102774,True
34,27,64.84382629394531,3.062692642211914,0.10393611996890417,22.296483738289027,"[-0.06498470902442932, 1.0]",2.3271102998691755,True
34,28,67.0659408569336,3.21946120262146,0.09409427500246181,22.20416446569026,"[-0.2206082046031952, 1.0]",2.3220333030838876,True
34,29,69.28533935546875,3.3375909328460693,0.04897739665932033,22.267594885450663,"[-0.26990965008735657, 1.0]",2.3196026755196844,True
34,30,71.50945281982422,3.375854730606079,-0.002256629549678202,22.18229702683633,"[-0.2002326250076294, 1.0]",2.3239338009762323,True
34,31,73.729736328125,3.3250973224639893,-0.052994242531486435,22.27355499803387,"[-0.09509024024009705, 1.0]",2.320514505791934,True
34,32,75.95264434814453,3.2037007808685303,-0.09463529617791089,22.237339225167002,"[0.02497059293091297, 1.0]",2.3229760465327827,True
34,33,78.17020416259766,3.0544703006744385,-0.10519113463260421,22.178597875012457,"[0.12002068758010864, 1.0]",2.317363504890681,True
34,34,80.38902282714844,2.9231069087982178,-0.06823830976915524,22.36414792524408,"[0.12837845087051392, 1.0]",2.3194573302143797,True
34,35,82.62226104736328,2.856214761734009,-0.015564711832913858,22.305263695299573,"[0.12844237685203552, 1.0]",2.333611906843692,True
34,36,84.85153198242188,2.876840829849243,0.036076112232595214,22.2513345544244,"[0.0824630856513977, 1.0]",2.3294019405535034,True
34,37,87.07423400878906,2.968306303024292,0.0798516894927177,22.215865871782157,"[-0.016960231587290764, 1.0]",2.3226734227902073,True
34,38,89.29423522949219,3.08940052986145,0.0951145320160709,22.299997616546968,"[-0.14621961116790771, 1.0]",2.3203512099775865,True
34,39,91.51901245117188,3.1973891258239746,0.061573615983176566,22.215545654374452,"[-0.21106204390525818, 1.0]",2.3247471771243724,True
34,40,93.74248504638672,3.2455317974090576,0.00845180803547585,22.295057083812495,"[-0.18939858675003052, 1.0]",2.323800352092,True
34,41,95.97002410888672,3.2067549228668213,-0.0456874606066906,22.242112364124953,"[-0.07438832521438599, 1.0]",2.3276285681385622,True
34,42,98.1911392211914,3.1026952266693115,-0.08700320912596204,22.20490135496523,"[0.05448096990585327, 1.0]",2.321037168402031,True
34,43,100.41122436523438,2.9908132553100586,-0.0883407817834545,22.332078846591266,"[0.13594520092010498, 1.0]",2.3205794988526294,True
34,44,102.64044952392578,2.9006993770599365,-0.0445755908515828,22.275369354005498,"[0.1240307092666626, 1.0]",2.3294643207844308,True
34,45,104.86661529541016,2.8821465969085693,0.00944476764791169,22.215086861071793,"[0.12559494376182556, 1.0]",2.326133662359198,True
34,46,107.09101104736328,2.9507644176483154,0.06418564438032703,22.354581672857083,"[0.06075212359428406, 1.0]",2.324991369480982,True
34,47,109.32103729248047,3.0859451293945312,0.10697585203712023,22.315773718656445,"[-0.05850449204444885, 1.0]",2.3304472268511414,True
34,48,111.54598999023438,3.23306941986084,0.10994993718446633,22.23182344441477,"[-0.20755046606063843, 1.0]",2.3249959032537726,True
34,49,113.76325988769531,3.3594186305999756,0.06553573389494272,22.1240678800726,"[-0.2783151865005493, 1.0]",2.3168282029212643,True
34,50,115.97626495361328,3.415320873260498,0.0065863968499293435,22.151057995243388,"[-0.2461363524198532, 1.0]",2.312684826896564,True
34,51,118.19215393066406,3.382362127304077,-0.0531673480023418,22.189490484334335,"[-0.13831350207328796, 1.0]",10.0,True
35,0,6.69775915145874,3.5037500858306885,0.002079129863024498,21.407417367147698,"[0.03267344832420349, 1.0]",1.794092529610905,True
35,1,8.840930938720703,3.5125865936279297,0.004668121916745704,21.572133263210397,"[-0.12037572264671326, 1.0]",2.2402463869464095,True
35,2,11.00008487701416,3.4608819484710693,-0.028131103752561337,21.706832707718487,"[-0.16129639744758606, 1.0]",2.25683468547819,True
35,3,13.172552108764648,3.331681489944458,-0.07279697576509747,21.955027164129213,"[-0.04599642753601074, 1.0]",2.2712648539890696,True
35,4,15.363094329833984,3.151820182800293,-0.09928624070562542,22.120199501419965,"[0.08193203806877136, 1.0]",2.290083118825726,True
35,5,17.57111358642578,2.978841781616211,-0.08342911378502116,22.272607986134016,"[0.14373371005058289, 1.0]",2.3082459925294,True
35,6,19.792695999145508,2.854609251022339,-0.0479221190773762,22.208283913968454,"[0.14118805527687073, 1.0]",2.3215196903325848,True
35,7,22.016149520874023,2.8081037998199463,-0.005312473742490553,22.328030317251493,"[0.12940260767936707, 1.0]",2.3239296581561475,True
35,8,24.246753692626953,2.8496499061584473,0.04046753171208106,22.27732914190782,"[0.07631653547286987, 1.0]",2.3308521528915147,True
35,9,26.47124671936035,2.958399534225464,0.07603844228588752,22.243376452339646,"[-0.02302682213485241, 1.0]",2.324588220768927,True
35,10,28.690383911132812,3.085419178009033,0.07727920903775587,22.171406330850562,"[-0.15274658799171448, 1.0]",2.3189085202612887,True
35,11,30.908424377441406,3.179795265197754,0.04045208537775835,22.278781533998718,"[-0.21621960401535034, 1.0]",2.318294983211588,True
35,12,33.13398742675781,3.199962615966797,-0.00558491512200554,22.205813519393896,"[-0.16800066828727722, 1.0]",2.3254892101536786,True
35,13,35.35890579223633,3.1349213123321533,-0.051191681947666545,22.407248828743235,"[-0.05688104033470154, 1.0]",2.3257509852078604,True
35,14,37.59425735473633,3.0065267086029053,-0.08279621355196376,22.36577902607178,"[0.060810238122940063, 1.0]",2.335997568117323,True
35,15,39.82593536376953,2.8819079399108887,-0.06900543332115205,22.3003580325645,"[0.13094142079353333, 1.0]",2.3320296201797435,True
35,16,42.05339050292969,2.8065357208251953,-0.02634505476749993,22.239861153109622,"[0.12073817849159241, 1.0]",2.3275345143491495,True
35,17,44.27611541748047,2.814662218093872,0.023415044936195173,22.183705781094716,"[0.09879019856452942, 1.0]",2.3225515905657073,True
35,18,46.49814987182617,2.9012515544891357,0.06890356740945691,22.39468787038094,"[0.014912070706486702, 1.0]",2.3228105497624174,True
35,19,48.73149108886719,3.0354456901550293,0.09105467609230011,22.339956741759657,"[-0.1181425154209137, 1.0]",2.333871022378934,True
35,20,50.9599723815918,3.1605207920074463,0.06584439426528288,22.24729572617675,"[-0.22741809487342834, 1.0]",2.3285941234924046,True
35,21,53.181739807128906,3.2274177074432373,0.018869162113483995,22.15316763284468,"[-0.2232511043548584, 1.0]",2.3214566798849106,True
35,22,55.40068435668945,3.2076544761657715,-0.03314210765965431,22.28258568760042,"[-0.09409475326538086, 1.0]",2.319216185154749,True
35,23,57.62591552734375,3.118760585784912,-0.07468568961018196,22.246966382677233,"[0.03577333688735962, 1.0]",2.3253425193763446,True
35,24,59.84682846069336,3.013397693634033,-0.07863289381984284,22.183710832529034,"[0.1314915418624878, 1.0]",2.32073963209599,True
35,25,62.06882858276367,2.9318292140960693,-0.03905778738904786,22.37835708439684,"[0.12076890468597412, 1.0]",2.322702728950098,True
35,26,64.30453491210938,2.9212398529052734,0.011097125946251118,22.32281870744274,"[0.11115741729736328, 1.0]",2.3361590135291954,True
35,27,66.53495788574219,2.99161434173584,0.05663478374162523,22.28148488484505,"[0.0353027880191803, 1.0]",2.330689655614615,True
35,28,68.75884246826172,3.1133029460906982,0.08443831868010676,22.233337042358635,"[-0.09270304441452026, 1.0]",2.323934599210145,True
35,29,70.97750854492188,3.2215237617492676,0.06453332006063661,22.14112743475036,"[-0.21847236156463623, 1.0]",2.318301150116533,True
35,30,73.19352722167969,3.2774105072021484,0.016920660301927626,22.22455400411528,"[-0.22618618607521057, 1.0]",2.316029169776331,True
35,31,75.4139404296875,3.2488999366760254,-0.034018420816344985,22.16273200193307,"[-0.12738224864006042, 1.0]",2.320145502016511,True
35,32,77.63312530517578,3.143693208694458,-0.07745923872744509,22.376051097532454,"[-0.008918581530451775, 1.0]",2.319877105427177,True
35,33,79.8636245727539,2.9939374923706055,-0.09576514227037691,22.322286390755426,"[0.10556349158287048, 1.0]",2.3309495563365243,True
35,34,82.09025573730469,2.8567843437194824,-0.06801367213120635,22.256087066672197,"[0.14264068007469177, 1.0]",2.326783556350806,True
35,35,84.31320190429688,2.7825169563293457,-0.0208875719036552,22.18968579632612,"[0.1394922435283661, 1.0]",2.322799753075655,True
35,36,86.5353012084961,2.796266794204712,0.030874159675343016,22.303245082136566,"[0.10358238220214844, 1.0]",2.3224639070688333,True
35,37,88.76226806640625,2.8917524814605713,0.07856085531235646,22.262074157026735,"[0.015594037249684334, 1.0]",2.3271461916167766,True
35,38,90.98287200927734,3.0362532138824463,0.10571777473816724,22.214283853958637,"[-0.09501665830612183, 1.0]",2.3205682202139077,True
35,39,93.20218658447266,3.171886920928955,0.08468945477090095,22.313343815934,"[-0.21898749470710754, 1.0]",2.3197246223670156,True
35,40,95.42899322509766,3.262789487838745,0.03349431071381748,22.22398336199174,"[-0.23110872507095337, 1.0]",2.326814565753963,True
35,41,97.6500015258789,3.270235776901245,-0.020154004181392793,22.154855643275035,"[-0.14318996667861938, 1.0]",2.3207051511759875,True
35,42,99.86932373046875,3.19770884513855,-0.07014699732241425,22.345491526068542,"[-0.017005769535899162, 1.0]",2.319876916457152,True
35,43,102.09854888916016,3.072274684906006,-0.10012234012985566,22.297220927838517,"[0.0960446298122406, 1.0]",2.3295626528666795,True
35,44,104.32353973388672,2.951381206512451,-0.08078872272226256,22.228204771431056,"[0.1501472294330597, 1.0]",2.3250177661980023,True
35,45,106.5436782836914,2.873861312866211,-0.028235632825347246,22.16560594364557,"[0.13966688513755798, 1.0]",2.3198837765510927,True
35,46,108.76296997070312,2.8808438777923584,0.030037128144731362,22.258308420046117,"[0.11727693676948547, 1.0]",2.3194540749019263,True
35,47,110.98536682128906,2.9745101928710938,0.08647976481370723,22.208533469269877,"[0.029308678582310677, 1.0]",2.322335251197652,True
35,48,113.20305633544922,3.1272668838500977,0.1272202705375216,22.319166578608986,"[-0.11293506622314453, 1.0]",2.318125763763897,True
35,49,115.42701721191406,3.27606463432312,0.11946754228819145,22.21601961403477,"[-0.2662053108215332, 1.0]",2.3239329647280003,True
35,50,117.6471939086914,3.4030187129974365,0.06437139986635998,22.280497276339908,"[-0.3125510811805725, 1.0]",10.0,True
36,0,6.694411277770996,6.9962592124938965,-0.0020558272034865155,21.241110550112246,"[-0.3312658965587616, 1.0]",1.7899962752465013,True
36,1,8.812823295593262,6.957529067993164,-0.02073417382486653,20.991993641263317,"[-0.8270909190177917, 0.7022150754928589]",2.2128759892079506,True
36,2,10.90144157409668,6.847005367279053,-0.05874693680216758,20.637554983113482,"[-0.8980501294136047, 0.5640484094619751]",2.1814872759274286,True
36,3,12.953652381896973,6.654065132141113,-0.10745175892391767,20.4970804686776,"[-0.6803781986236572, 0.9843037128448486]",2.144447669909342,True
36,4,14.984253883361816,6.384919166564941,-0.1573880267337202,20.42182699441735,"[-0.5124313831329346, 1.0]",2.1224997229397218,True
36,5,16.995765686035156,6.037775039672852,-0.20410133699231015,20.371636687195146,"[-0.3954027593135834, 1.0]",2.103184167765718,True
36,6,18.987409591674805,5.608663082122803,-0.24811340295723205,20.37632793966996,"[-0.24036487936973572, 1.0]",2.083337381368163,True
36,7,20.96391487121582,5.095345973968506,-0.2894488588685702,20.56700367075727,"[-0.033942461013793945, 1.0]",2.0690567960594235,True
36,8,22.939374923706055,4.518742561340332,-0.31422690965066735,20.665808759469297,"[0.14703649282455444, 1.0]",2.0684561919078464,True
36,9,24.926773071289062,3.945634126663208,-0.29203611986758204,20.765751721347293,"[0.2549821436405182, 1.0]",2.0808440303290707,True
36,10,26.93708038330078,3.421175956726074,-0.2478201889212146,20.81576362298022,"[0.3201294541358948, 1.0]",2.10397824831513,True
36,11,28.969772338867188,2.974536180496216,-0.19973375280457972,20.805452865614168,"[0.39166826009750366, 1.0]",2.12631649346167,True
36,12,31.017658233642578,2.6122162342071533,-0.1520557124411095,20.767767950076603,"[0.4116157591342926, 1.0]",2.141340850550735,True
36,13,33.07471466064453,2.334477663040161,-0.1056759631090527,20.71899961819323,"[0.4022619426250458, 1.0]",2.1502919252838226,True
36,14,35.136653900146484,2.1425347328186035,-0.060684652811308304,20.670797800927236,"[0.378425657749176, 1.0]",2.1549578296061256,True
36,15,37.200225830078125,2.0372374057769775,-0.01692625294021699,20.633840315395013,"[0.3396688997745514, 1.0]",2.156424211350918,True
36,16,39.26321792602539,2.019160509109497,0.025826004671043457,20.621227485436332,"[0.2801693081855774, 1.0]",2.155787619631729,True
36,17,41.324188232421875,2.0886785984039307,0.06766253434147984,20.62763560091157,"[0.2438867688179016, 1.0]",2.1537946666005863,True
36,18,43.3814697265625,2.2459771633148193,0.10846162960927508,20.659370510109007,"[0.20314136147499084, 1.0]",2.1502486614361156,True
36,19,45.43498229980469,2.4914391040802,0.14829146739833732,20.766505324628785,"[0.10179480910301208, 1.0]",2.146961847203017,True
36,20,47.49231719970703,2.8040993213653564,0.17554346167506374,20.997344430399206,"[-0.0479719340801239, 1.0]",2.1518229498391404,True
36,21,49.56874084472656,3.1251895427703857,0.1625938408745533,21.10391066685507,"[-0.23463347554206848, 1.0]",2.1713912430203792,True
36,22,51.661991119384766,3.4023630619049072,0.12599574906830302,21.16432706168267,"[-0.3204832077026367, 1.0]",2.204250190822911,True
36,23,53.755985260009766,3.606335163116455,0.0853544460950939,20.65210418817883,"[-1.0, -0.15950804948806763]",2.063417194100859,True
36,24,55.80314254760742,3.7361767292022705,0.0480760497883832,19.992754775692305,"[-1.0, -0.3547552525997162]",1.8502033372981634,True
36,25,57.78773498535156,3.794663429260254,0.009861818674617773,19.31162290052704,"[-1.0, -0.3893350660800934]",2.0285750779372345,True
36,26,59.705135345458984,3.7819454669952393,-0.030342459563708957,18.641918013292067,"[-1.0, -0.40661123394966125]",1.776932015312614,True
36,27,61.5543327331543,3.7013189792633057,-0.07064780476540378,17.98778067705532,"[-1.0, -0.4204418361186981]",1.560932719772182,True
36,28,63.33391571044922,3.5565268993377686,-0.10963834733692757,17.324741720449953,"[-1.0, -0.4278287887573242]",1.378936848541942,True
36,29,65.04029846191406,3.3504014015197754,-0.14711701335761163,16.643698210824297,"[-1.0, -0.4325227439403534]",1.2263240427471882,True
36,30,66.66937255859375,3.086561441421509,-0.18369526461374175,15.941473161397763,"[-1.0, -0.43657469749450684]",1.0981453123312244,True
36,31,68.21672058105469,2.7693004608154297,-0.220273116395707,15.211796784653808,"[-1.0, -0.44002601504325867]",0.9897591594536442,True
36,32,69.67762756347656,2.4033029079437256,-0.2579230236744845,14.457672503437518,"[-1.0, -0.4418329894542694]",0.8972859003104011,True
36,33,71.04794311523438,1.9936519861221313,-0.297707854041124,13.685970601701673,"[-1.0, -0.44726938009262085]",0.8177934332347411,True
36,34,72.32450866699219,1.545579433441162,-0.34039939157953025,12.908084859544172,"[-1.0, -0.44857847690582275]",0.7490883717588593,True
36,35,73.50516510009766,1.0641396045684814,-0.38628658926797677,12.127466520869325,"[-1.0, -0.45398011803627014]",0.6894633778469849,True
36,36,74.58822631835938,0.5543619394302368,-0.4353920839757297,11.349131675266195,"[-1.0, -0.4521997570991516]",0.63727813359555,True
36,37,75.57238006591797,0.0212409645318985,-0.48761334400082035,10.57413921130982,"[-1.0, -0.44606831669807434]",0.5911691990280232,True
36,38,76.45641326904297,-0.5296608805656433,-0.5428607539725689,9.794428225407572,"[-1.0, -0.45446285605430603]",0.5495900540793548,True
36,39,77.23906707763672,-1.0916376113891602,-0.6013039572524121,9.008221512596297,"[-1.0, -0.4666958749294281]",0.5109160899233243,True
36,40,77.9194564819336,-1.6574651002883911,-0.6632576063231443,8.221927956826534,"[-1.0, -0.46185919642448425]",0.47418793228117545,True
36,41,78.497314453125,-2.2198193073272705,-0.7288970703425459,7.4365749208554375,"[-1.0, -0.44925040006637573]",0.4387911703130625,True
36,42,78.97305297851562,-2.7711076736450195,-0.7983240820642568,6.664675960980436,"[-1.0, -0.40321284532546997]",0.40412052762601175,True
36,43,79.34765625,-3.303253650665283,-0.871573795214668,5.887092536883102,"[-1.0, -0.38213542103767395]",-5.0,False
37,0,6.696112155914307,0.0038143082056194544,0.002100701467854904,21.301237129025274,"[0.15123966336250305, 1.0]",1.7919677229949205,True
37,1,8.825207710266113,0.044714249670505524,0.02206402331519719,21.285352081309494,"[0.42051127552986145, 1.0]",2.2248796387176992,True
37,2,10.94836711883545,0.16642189025878906,0.06507500702635838,21.203788291829365,"[0.48469462990760803, 1.0]",2.2185764558825682,True
37,3,13.056232452392578,0.3797082304954529,0.11954317606315001,21.12137131771164,"[0.5057914853096008, 1.0]",2.2029115044868313,True
37,4,15.146961212158203,0.6715261340141296,0.17476475337232422,21.057203718315414,"[0.3931288421154022, 1.0]",2.185486176498044,True
37,5,17.2192325592041,1.0427807569503784,0.2280005446146811,21.02561256501275,"[0.240762859582901, 1.0]",2.166886603588456,True
37,6,19.2730770111084,1.4977411031723022,0.2798195341571157,21.064125601790032,"[0.07651278376579285, 1.0]",2.148633017112352,True
37,7,21.315614700317383,2.016310214996338,0.31849329371697443,21.124096282763922,"[-0.1606633961200714, 1.0]",2.137596122481422,True
37,8,23.362579345703125,2.5310280323028564,0.3073188029410563,21.090685446478663,"[-0.4002966582775116, 1.0]",2.1418727298948963,True
37,9,25.41295623779297,3.0255770683288574,0.24811726454081295,21.09349947486117,"[-0.47861188650131226, 1.0]",2.145297639726719,True
37,10,27.477773666381836,3.4500772953033447,0.18060426669454088,21.019645795169595,"[-0.4896094501018524, 1.0]",2.1594058346671305,True
37,11,29.549890518188477,3.789513349533081,0.11527133251660793,20.904632232409305,"[-0.4506741464138031, 1.0]",2.1661876968524827,True
37,12,31.622634887695312,4.042041301727295,0.05123122988985429,20.781665630336455,"[-0.3834398686885834, 1.0]",2.16626186484335,True
37,13,33.691993713378906,4.2078704833984375,-0.012230434148134073,20.66830211196302,"[-0.2904067635536194, 1.0]",2.162366185187427,True
37,14,35.75572204589844,4.286459445953369,-0.07528463453934098,20.58069671361376,"[-0.16918087005615234, 1.0]",2.156341467730793,True
37,15,37.81324768066406,4.277285575866699,-0.13811406413454463,20.54140920843556,"[-0.024052677676081657, 1.0]",2.149961976203585,True
37,16,39.867828369140625,4.184338092803955,-0.19753438121833788,20.623730280613078,"[0.11868032813072205, 1.0]",2.1473874747393213,True
37,17,41.925472259521484,4.031222820281982,-0.23884999657955497,20.70326636665808,"[0.24160873889923096, 1.0]",2.1508085890308206,True
37,18,43.98928451538086,3.869781017303467,-0.23400530708253786,20.720174308903374,"[0.3091884255409241, 1.0]",2.15705304024944,True
37,19,46.05738067626953,3.7163145542144775,-0.17400109192974433,20.804112927403917,"[0.28117311000823975, 1.0]",2.1617146690619897,True
37,20,48.13626480102539,3.588376998901367,-0.07078921861928755,20.8804321284539,"[0.2834419906139374, 1.0]",2.172846069333902,True
37,21,50.22276306152344,3.538524866104126,0.03422548159109873,20.822089530609166,"[0.2825801372528076, 1.0]",2.1836634279018887,True
37,22,52.298091888427734,3.5753350257873535,0.13607727853285212,20.520791808430754,"[0.7307963371276855, 1.0]",2.1675058527256263,True
37,23,54.33958053588867,3.6912286281585693,0.23457988408772223,20.152924903551074,"[0.7616276144981384, 1.0]",2.119347739684535,True
37,24,56.337921142578125,3.880164623260498,0.3311694078735332,19.746667387232982,"[0.7308411598205566, 1.0]",2.0536451587895397,True
37,25,58.28628921508789,4.13777494430542,0.4254122872648214,19.28025671961243,"[0.8019943237304688, 1.0]",1.9753108907006183,True
37,26,60.17756652832031,4.45771598815918,0.516300981842182,18.782119264358986,"[0.7682739496231079, 1.0]",1.886390554306917,True
37,27,62.006675720214844,4.835518836975098,0.6040913548073448,18.254213325331065,"[0.7398360967636108, 1.0]",1.7920605550229463,True
37,28,63.76862716674805,5.265254020690918,0.6885810724964898,17.66657176532359,"[0.8608686923980713, 1.0]",1.929613884598743,True
37,29,65.45816040039062,5.738152503967285,0.7690111339989452,17.054171404506945,"[0.8298569917678833, 1.0]",1.8142294295847317,True
37,30,67.07186126708984,6.24837064743042,0.845730879470703,16.406292755326614,"[0.8810983896255493, 1.0]",1.7000356491043396,True
37,31,68.60684204101562,6.788815975189209,0.9184791859668797,15.740801729073384,"[0.8560011982917786, 1.0]",1.5878987850021102,True
37,32,70.06120300292969,7.3534464836120605,0.9871414709815749,15.044871611314118,"[0.94895339012146, 1.0]",1.4797526223915138,True
37,33,71.43365478515625,7.934056282043457,1.0509081002538911,14.330992332897267,"[0.954838216304779, 1.0]",1.3747444714716466,True
37,34,72.72332000732422,8.524622917175293,1.1097040725096292,13.59920743006251,"[1.0, 0.9873954653739929]",0.9656104743521574,True
37,35,73.92992401123047,9.119073867797852,1.1632610409794504,12.857925564405697,"[0.9893118143081665, 0.9965308904647827]",0.8935110992146633,True
37,36,75.05332946777344,9.713109970092773,1.2116827024982983,12.109128147508176,"[1.0, 0.9885965585708618]",0.825578496955181,True
37,37,76.09379577636719,10.302534103393555,1.2548191210968023,11.355814281859546,"[1.0, 0.9957695603370667]",0.7616255734640208,True
37,38,77.0516128540039,10.883856773376465,1.2926522871480906,10.59988415676508,"[1.0, 0.9808643460273743]",0.7015886884630759,True
37,39,77.9271469116211,11.454046249389648,1.3251794376225323,9.844121088086796,"[1.0, 0.9870203137397766]",0.6452802375339406,True
37,40,78.72075653076172,12.010557174682617,1.3524038182477058,9.091553247461084,"[1.0, 0.9831616878509521]",0.5925018839755104,True
37,41,79.43284606933594,12.551318168640137,1.374328241987512,8.345931986893257,"[1.0, 0.9824708700180054]",0.5430806265157662,True
37,42,80.06377410888672,13.074745178222656,1.3909550391079062,7.612098278772764,"[1.0, 0.9826856851577759]",0.496845671713052,True
37,43,80.61383056640625,13.579751014709473,1.402281879342934,6.89668578663197,"[1.0, 0.9775329828262329]",0.45365872280208297,True
37,44,81.08320617675781,14.065768241882324,1.4083014722891098,6.2095876291961,"[1.0, 0.9763371348381042]",0.4134290991410068,True
37,45,81.47200775146484,14.532815933227539,1.4090067439247909,5.5658171360470226,"[1.0, 0.973268449306488]",0.3761596733316591,True
37,46,81.78025817871094,14.981626510620117,1.404388289962375,4.9896479618835965,"[1.0, 0.9704650044441223]",0.34199566710349677,True
37,47,82.00798797607422,15.414055824279785,1.3944452615192668,4.526330205433932,"[1.0, 0.9668747186660767]",0.3114587344911777,True
37,48,82.15648651123047,15.834762573242188,1.3798061812574804,4.264123215681356,"[1.0, 0.962070107460022]",0.2865050274119225,True
37,49,82.24506378173828,16.2484130859375,1.3723091830518257,4.109453654241456,"[1.0, 0.959801197052002]",0.27004544043821394,True
37,50,82.2931900024414,16.653762817382812,1.385988293609179,3.985038069646845,"[1.0, 0.961796760559082]",0.2577897715764911,True
37,51,82.30135345458984,17.05018424987793,1.4227224230128623,3.9037171482657995,"[1.0, 0.9628534317016602]",0.24605751126593478,True
37,52,82.2662124633789,17.437944412231445,1.4792968778334181,3.873658809355667,"[1.0, 0.9668202996253967]",0.23464540450252208,True
37,53,82.18438720703125,17.816654205322266,1.552918692844763,3.9042349034805928,"[1.0, 0.9741861820220947]",0.22323304751624415,True
37,54,82.05368041992188,18.186222076416016,1.6407972247643852,4.003014092499722,"[1.0, 0.9822595715522766]",0.21223473020114816,True
37,55,81.87761688232422,18.548303604125977,1.7370240842663764,4.130246007652686,"[1.0, 0.9750109910964966]",0.20344665217782754,True
37,56,81.65911102294922,18.9019718170166,1.8379315575751014,4.270780508326663,"[0.988602876663208, 0.9748927354812622]",0.1950785943664928,True
37,57,81.3993911743164,19.246334075927734,1.9408416281550251,4.467420309477122,"[0.8963960409164429, 1.0]",0.18696358571313898,True
37,58,81.10416412353516,19.591297149658203,2.039129116872844,4.790741082668825,"[0.6265926361083984, 1.0]",0.18672550991318268,True
37,59,80.78289031982422,19.955713272094727,2.1219293584559566,5.125128276977353,"[0.3946520686149597, 1.0]",0.20029750150313305,True
37,60,80.4437484741211,20.34862518310547,2.1819344058465906,5.446605630688567,"[0.24975353479385376, 1.0]",0.22175526460416914,True
37,61,80.0846939086914,20.76650619506836,2.2232138687960097,5.755546360790374,"[0.16868942975997925, 1.0]",0.24181526229337028,True
37,62,79.70125579833984,21.203840255737305,2.2530469322222135,6.056326343460241,"[0.13819146156311035, 1.0]",0.2588709854852532,True
37,63,79.29144287109375,21.65792465209961,2.276505586421258,6.355978725031105,"[0.09758415818214417, 1.0]",0.2751625705472591,True
37,64,78.85803985595703,22.130992889404297,2.293530176584726,6.654493119758544,"[0.052093327045440674, 1.0]",0.294753868393253,True
37,65,78.4051284790039,22.62656021118164,2.3030095653268083,6.95070471944115,"[0.004219831898808479, 1.0]",0.4171329397887826,True
37,66,77.93894958496094,23.14971351623535,2.3028643564683717,7.239974303365136,"[-0.0643557608127594, 1.0]",0.45740497974953526,True
37,67,77.47038269042969,23.707990646362305,2.289033895137318,7.508186717862073,"[-0.1564418375492096, 1.0]",0.509357886527442,True
37,68,77.01362609863281,24.308746337890625,2.258095753016786,7.744150454967963,"[-0.24836283922195435, 1.0]",0.5733829409211696,True
37,69,76.58367156982422,24.956911087036133,2.2094425962201827,7.953808614761112,"[-0.32314881682395935, 1.0]",0.6467491718624887,True
37,70,76.19251251220703,25.654020309448242,2.145844178860218,8.179487249927762,"[-0.35168784856796265, 1.0]",0.7246459388935782,True
37,71,75.84711456298828,26.40077018737793,2.071886497623523,8.431556113561141,"[-0.3514046370983124, 1.0]",0.8040509403046714,True
37,72,75.550537109375,27.195789337158203,1.9932377912847072,8.703596781579797,"[-0.3336770236492157, 1.0]",0.773490860362136,True
37,73,75.30729675292969,28.03667449951172,1.9131009105287555,8.963812620438219,"[-0.3366798162460327, 1.0]",0.8349485418842107,True
37,74,75.11360931396484,28.918777465820312,1.8377386281988821,9.277388653495425,"[-0.22372952103614807, 1.0]",0.9238512152493231,True
37,75,74.96168518066406,29.838947296142578,1.7730545066415198,9.542737526798465,"[-0.26291215419769287, 1.0]",0.9631121491928587,True
37,76,74.8605728149414,30.79432487487793,1.7108652011038301,9.849502170248853,"[-0.1731267273426056, 1.0]",0.9997003385014714,True
37,77,74.7856216430664,31.782670974731445,1.665994706773413,10.155153185850946,"[-0.07815912365913391, 1.0]",1.034044289189845,True
37,78,74.71919250488281,32.80198669433594,1.6420426686929175,10.45336536216474,"[-0.02012106589972973, 1.0]",1.0663558637342336,True
37,79,74.65542602539062,33.8513298034668,1.6317778138768297,10.75018333897576,"[-0.016916928812861443, 1.0]",1.0977189341562503,True
37,80,74.59573364257812,34.93063735961914,1.6262549504082233,11.046828235157978,"[-0.006739882752299309, 1.0]",1.1290182832105546,True
37,81,74.5380630493164,36.03974914550781,1.6230846360616198,11.343280409131715,"[-0.01000356487929821, 1.0]",1.1601565477297646,True
37,82,74.48418426513672,37.1787223815918,1.6193962911099145,11.639405593352027,"[-0.01758628897368908, 1.0]",1.1913505612540685,True
37,83,74.43744659423828,38.34761047363281,1.613226774677934,11.934584778365197,"[-0.030910460278391838, 1.0]",1.222593723543659,True
37,84,74.40193939208984,39.54643630981445,1.6037528121265727,12.229908703823908,"[-0.035508930683135986, 1.0]",1.2538604253488481,True
37,85,74.38105773925781,40.77509689331055,1.5915381259989778,12.524022707049255,"[-0.04645022749900818, 1.0]",1.2850186856778154,True
37,86,74.37596893310547,42.0334358215332,1.5781492131356185,12.820846970086318,"[-0.027708498761057854, 1.0]",1.3160327395880447,True
37,87,74.37779235839844,43.32143783569336,1.570055647080137,13.117104796633404,"[0.0024851877242326736, 1.0]",1.3470289857450066,True
37,88,74.37873840332031,44.63907241821289,1.5689528485874549,13.413503139103296,"[0.006326885893940926, 1.0]",1.3779953466454962,True
37,89,74.3780746459961,45.986351013183594,1.5703709308933549,13.710009383126653,"[0.005554528906941414, 1.0]",1.408973637194773,True
37,90,74.37570190429688,47.363285064697266,1.5721208093914527,14.006548091132467,"[0.0035412032157182693, 1.0]",1.439963517923768,True
37,91,74.3719482421875,48.76986312866211,1.5734124875129993,14.303092065190922,"[0.0017111320048570633, 1.0]",1.470941978258203,True
37,92,74.36751556396484,50.20609664916992,1.573986910814258,14.599622681961286,"[-0.0008929949253797531, 1.0]",1.5019318225766383,True
37,93,74.36375427246094,51.67198944091797,1.5735565156339997,14.896112225902973,"[-0.004037110134959221, 1.0]",1.5329252967646103,True
37,94,74.36238861083984,53.16752243041992,1.5719653969069782,15.192558078301737,"[-0.006616948172450066, 1.0]",1.5638995008543108,True
37,95,74.36455535888672,54.69270706176758,1.569578480003197,15.48905358354941,"[-0.00604727678000927, 1.0]",1.5948853724736285,True
37,96,74.37008666992188,56.247535705566406,1.5672623117682871,15.785586753987165,"[-0.004177359864115715, 1.0]",1.6258637841917705,True
37,97,74.37820434570312,57.832008361816406,1.5655547030202266,16.08212823582691,"[-0.002124873921275139, 1.0]",10.0,True
38,0,6.768143653869629,6.996257781982422,-0.0020524982521239465,22.163474603889306,"[-0.3312658965587616, 1.0]",1.8678792895871308,True
38,1,8.978570938110352,6.957477569580078,-0.02054988307743333,21.90341765708981,"[-0.8432060480117798, 0.6730250716209412]",2.308992663697627,True
38,2,11.158079147338867,6.8468451499938965,-0.05771016818979913,21.531345823277782,"[-0.9187357425689697, 0.5229952931404114]",2.2763992654332657,True
38,3,13.29966926574707,6.653981685638428,-0.10506263711000763,21.372822272978745,"[-0.7035391926765442, 0.9446985125541687]",2.2377678186366077,True
38,4,15.418429374694824,6.385317325592041,-0.15359049217732235,21.285869036638317,"[-0.5301493406295776, 1.0]",2.214546519612626,True
38,5,17.51744270324707,6.038946151733398,-0.19888926442291677,21.22279614291559,"[-0.41373559832572937, 1.0]",2.1945159111953663,True
38,6,19.595916748046875,5.610908508300781,-0.24140942754517525,21.20925920486083,"[-0.2651115953922272, 1.0]",2.1739157112216785,True
38,7,21.656599044799805,5.097284317016602,-0.2824518025785503,21.33062708377403,"[-0.06061798334121704, 1.0]",2.1566701186299126,True
38,8,23.710834503173828,4.517498016357422,-0.31026971858691876,21.424999404527675,"[0.13219216465950012, 1.0]",2.150647955694398,True
38,9,25.775741577148438,3.9402427673339844,-0.2896537891144515,21.520944772308493,"[0.25490832328796387, 1.0]",2.1617513254499974,True
38,10,27.86186408996582,3.4070582389831543,-0.24285712191374298,21.572231864793846,"[0.3180975615978241, 1.0]",2.183197556208955,True
38,11,29.970144271850586,2.952436685562134,-0.19314029857776216,21.55350245231867,"[0.39186209440231323, 1.0]",2.2052709429201998,True
38,12,32.09241485595703,2.5828804969787598,-0.14439113482386112,21.499884209618326,"[0.4089982211589813, 1.0]",2.2190200630497277,True
38,13,34.22203063964844,2.2982308864593506,-0.09680883510158012,21.431310779660855,"[0.39803168177604675, 1.0]",2.22605668219988,True
38,14,36.35445022583008,2.0996222496032715,-0.05041710154461754,21.360101842791227,"[0.37082549929618835, 1.0]",2.228540044474201,True
38,15,38.48618698120117,1.987861156463623,-0.005075718721581524,21.295532208928716,"[0.330761581659317, 1.0]",2.2275666503112728,True
38,16,40.614559173583984,1.963425636291504,0.039422640458388614,21.245832699866078,"[0.27952608466148376, 1.0]",2.22397843953221,True
38,17,42.737632751464844,2.02656626701355,0.08319329087049443,21.219028170390736,"[0.2175646722316742, 1.0]",2.218559204647618,True
38,18,44.85431671142578,2.1774911880493164,0.12627351676999865,21.226571177646072,"[0.14251455664634705, 1.0]",2.2122035302603447,True
38,19,46.96529769897461,2.416661500930786,0.1686575923605549,21.30944330066664,"[0.044746577739715576, 1.0]",2.206873482401828,True
38,20,49.0770263671875,2.7220869064331055,0.19793279011741394,21.468442707296344,"[-0.09702667593955994, 1.0]",2.208336660395724,True
38,21,51.20132064819336,3.034628391265869,0.1806655193996125,21.54361927125643,"[-0.2614065706729889, 1.0]",2.315349811331387,True
38,22,53.32533645629883,3.3165087699890137,0.12934600571962207,21.077693652362754,"[-1.0, -0.10796549916267395]",2.1577383609937066,True
38,23,55.40922164916992,3.5254697799682617,0.07881944825420284,20.460959185880625,"[-1.0, -0.3441871106624603]",1.9244841728404223,True
38,24,57.43840026855469,3.659393072128296,0.029169070787419926,19.848653859924777,"[-1.0, -0.38693153858184814]",2.0989666591496934,True
38,25,59.41034698486328,3.7191405296325684,-0.02060660840865136,19.261744286592258,"[-1.0, -0.4060508608818054]",1.8301971530096113,True
38,26,61.32493591308594,3.7083868980407715,-0.06825801716122193,18.690076739677803,"[-1.0, -0.41822293400764465]",1.6014209465170606,True
38,27,63.18064880371094,3.630169153213501,-0.11237434588282014,18.111587008670835,"[-1.0, -0.4273339807987213]",1.4102251331958953,True
38,28,64.9742202758789,3.4866034984588623,-0.1524968650756815,17.523307753630633,"[-1.0, -0.4324686527252197]",1.2516205454411322,True
38,29,66.70230102539062,3.2805426120758057,-0.18902385048082682,16.925318745249555,"[-1.0, -0.4321046769618988]",1.1201483615334684,True
38,30,68.36136627197266,3.015103578567505,-0.22241429791213108,16.308120398562238,"[-1.0, -0.43387120962142944]",1.010727920521308,True
38,31,69.9469985961914,2.693664312362671,-0.253105764736695,15.660582631458905,"[-1.0, -0.43694785237312317]",0.9186823418242064,True
38,32,71.45381164550781,2.320486068725586,-0.28185219185911947,14.969063990144841,"[-1.0, -0.43582436442375183]",0.8398542108288735,True
38,33,72.87517547607422,1.901355266571045,-0.3100272377696669,14.21203853040015,"[-1.0, -0.4459918737411499]",0.7704381860083237,True
38,34,74.2037124633789,1.4440593719482422,-0.34017022656772866,13.401399258619508,"[-1.0, -0.4437183737754822]",0.7074051840015854,True
38,35,75.43389892578125,0.9563422203063965,-0.3753848061876832,12.56643894308712,"[-1.0, -0.4457932114601135]",0.6501283712341673,True
38,36,76.56295013427734,0.44401800632476807,-0.4173820576299052,11.736396226829061,"[-1.0, -0.4453801214694977]",0.5992032257376637,True
38,37,77.59020233154297,-0.08866051584482193,-0.4657021861321944,10.922242027624577,"[-1.0, -0.4485319256782532]",0.5546597812763032,True
38,38,78.51571655273438,-0.6375268697738647,-0.51913571708549,10.121625264646845,"[-1.0, -0.44889527559280396]",0.5154174867934709,True
38,39,79.33924102783203,-1.1979897022247314,-0.5767850320443806,9.32923347688881,"[-1.0, -0.4441319704055786]",0.4801338458136434,True
38,40,80.06024932861328,-1.7643611431121826,-0.6380879377027506,8.537135167769778,"[-1.0, -0.4509011507034302]",0.44734971441118443,True
38,41,80.67861938476562,-2.329653024673462,-0.7030228624557715,7.750311559496171,"[-1.0, -0.4426809847354889]",-5.0,False
39,0,6.71031379699707,0.0038169806357473135,0.002101899890345038,21.4717545215184,"[0.15123966336250305, 1.0]",1.8069366923439032,True
39,1,8.856245994567871,0.044813573360443115,0.022077072804538744,21.444678887335925,"[0.4228367209434509, 1.0]",2.2424332525638127,True
39,2,10.995102882385254,0.16689568758010864,0.0651020381114229,21.352035621332014,"[0.48698189854621887, 1.0]",2.234941048113377,True
39,3,13.11763858795166,0.380767822265625,0.11961721194145447,21.261754180528467,"[0.5073249340057373, 1.0]",2.2182135993787844,True
39,4,15.222338676452637,0.6731076240539551,0.1749249425118924,21.191149233865374,"[0.3940298855304718, 1.0]",2.200060260053371,True
39,5,17.308012008666992,1.044753074645996,0.22825341176018377,21.15288046847457,"[0.24111616611480713, 1.0]",2.180861294322491,True
39,6,19.374652862548828,1.499935507774353,0.2801841209103477,21.182683935120608,"[0.07572096586227417, 1.0]",2.1619629315898785,True
39,7,21.42929458618164,2.018465995788574,0.31900035958852513,21.235061257521792,"[-0.1631353497505188, 1.0]",2.1501994992916607,True
39,8,23.487688064575195,2.5326638221740723,0.30801575219832955,21.190719811238296,"[-0.4030362367630005, 1.0]",2.153751717544127,True
39,9,25.548189163208008,3.0270612239837646,0.24826680103602072,21.18370420458873,"[-0.4812662899494171, 1.0]",2.1558277675534616,True
39,10,27.621986389160156,3.4518723487854004,0.17949279641359617,21.101919749568463,"[-0.49124082922935486, 1.0]",2.1687558648252065,True
39,11,29.702253341674805,3.7916061878204346,0.11282854800673281,20.97993800180114,"[-0.45019325613975525, 1.0]",2.1746766735227534,True
39,12,31.782499313354492,4.0442705154418945,0.04744634534863401,20.852872808018617,"[-0.37444305419921875, 1.0]",2.174083899315771,True
39,13,33.859073638916016,4.210123538970947,-0.017445303036673465,20.741539215377475,"[-0.26401931047439575, 1.0]",2.169911252030722,True
39,14,35.93024826049805,4.288636684417725,-0.08203361737381965,20.658452836317345,"[-0.13567674160003662, 1.0]",2.1641376593454593,True
39,15,37.995418548583984,4.279329776763916,-0.14639875881161757,20.613616519939015,"[-0.009161172434687614, 1.0]",2.157931562425663,True
39,16,40.056522369384766,4.184775352478027,-0.2081693155574058,20.669630157054296,"[0.12245297431945801, 1.0]",2.1541171565075254,True
39,17,42.118263244628906,4.0276641845703125,-0.2537644976323259,20.735292804947715,"[0.25590401887893677, 1.0]",2.155049692866405,True
39,18,44.18397903442383,3.861999750137329,-0.2541823476073599,20.706976393538778,"[0.3556029796600342, 1.0]",2.1588971835658466,True
39,19,46.250667572021484,3.7036163806915283,-0.20085747362653983,20.77565497042521,"[0.29216331243515015, 1.0]",2.1601789849645696,True
39,20,48.32508850097656,3.560917854309082,-0.09862191517170515,20.839569969634645,"[0.3354923725128174, 1.0]",2.168198993818434,True
39,21,50.406585693359375,3.4874887466430664,0.011438143723835559,20.769317419857046,"[0.34553253650665283, 1.0]",2.176238666897991,True
39,22,52.47677993774414,3.499346971511841,0.11787217563717967,20.45625288784657,"[0.7777315974235535, 1.0]",2.1536945120190176,True
39,23,54.51276779174805,3.590474843978882,0.22025061268449608,20.073904733591707,"[0.8045700788497925, 1.0]",2.0995312210343204,True
39,24,56.504695892333984,3.7537312507629395,0.32024152581455656,19.633441027918504,"[0.8410241007804871, 1.0]",2.027971132882617,True
39,25,58.44502258300781,3.983492136001587,0.4172197379614655,19.156217897526638,"[0.8228518962860107, 1.0]",1.9438350496295467,True
39,26,60.32826232910156,4.275386333465576,0.5108717284858919,18.655317962317202,"[0.7556073665618896, 1.0]",1.8522649103939948,True
39,27,62.14919662475586,4.624457359313965,0.6010504908956644,18.086250862978822,"[0.8859258890151978, 1.0]",2.0000401681149436,True
39,28,63.901458740234375,5.02208948135376,0.6868688596526509,17.491607893375786,"[0.8401904702186584, 1.0]",1.8843168322336241,True
39,29,65.58113098144531,5.462737560272217,0.7688540074946308,16.85865601851042,"[0.8839268088340759, 1.0]",1.7686853246645768,True
39,30,67.18458557128906,5.939208507537842,0.8467554641210837,16.201028542733653,"[0.8777022361755371, 1.0]",1.654008547230638,True
39,31,68.70922088623047,6.4450178146362305,0.9204627749257979,15.514017573362528,"[0.9349765777587891, 1.0]",1.542373969043077,True
39,32,70.15313720703125,6.972294807434082,0.9893486323140053,14.803006995340045,"[0.9757841229438782, 1.0]",1.4338111645636806,True
39,33,71.51508331298828,7.5139594078063965,1.0530823715468598,14.07330259233373,"[0.9972891807556152, 0.9880670309066772]",1.0070261693658888,True
39,34,72.79429626464844,8.06407642364502,1.1115920206959,13.330997284538231,"[0.9945410490036011, 0.9911869764328003]",0.9318868967109476,True
39,35,73.99039459228516,8.617860794067383,1.1649426274707535,12.579932576808515,"[0.9938288927078247, 0.9935811758041382]",0.8608742677067468,True
39,36,75.10335540771484,9.17093276977539,1.2130576592795919,11.821598337698626,"[1.0, 0.9799087047576904]",0.7939780349553375,True
39,37,76.1333999633789,9.719205856323242,1.2558550574713294,11.058258889200161,"[1.0, 0.9824289679527283]",0.7310047285320888,True
39,38,77.08077239990234,10.259203910827637,1.2933448421895655,10.292304016853953,"[1.0, 0.9843941330909729]",0.6718129003961242,True
39,39,77.94585418701172,10.78792953491211,1.325537532920607,9.526235277310983,"[1.0, 0.9849082231521606]",0.6162300989554234,True
39,40,78.72903442382812,11.302860260009766,1.3524361922997068,8.762827043895816,"[1.0, 0.9790195822715759]",0.5640415321286816,True
39,41,79.43069458007812,11.801945686340332,1.3740400380232956,8.005537848489968,"[1.0, 0.975477397441864]",0.5150468442999132,True
39,42,80.0511703491211,12.283618927001953,1.3903480880507209,7.258922660602068,"[1.0, 0.9720861911773682]",0.46906799222951673,True
39,43,80.59076690673828,12.746809959411621,1.4013592105385193,6.52946722126169,"[1.0, 0.9711459875106812]",0.42597272644750217,True
39,44,81.0496597290039,13.1909761428833,1.4070712749578185,5.826997066493291,"[1.0, 0.9757292866706848]",0.3856608541094501,True
39,45,81.4279556274414,13.616172790527344,1.4074790548549805,5.16693173431781,"[1.0, 0.9794138669967651]",0.34814145734394214,True
39,46,81.72565460205078,14.023178100585938,1.402573761798406,4.575197669989952,"[1.0, 0.9852619171142578]",0.3135581138031356,True
39,47,81.94276428222656,14.413908004760742,1.3923540142732822,4.100557790034549,"[1.0, 0.9757347106933594]",0.2824425885914047,True
39,48,82.08076477050781,14.793085098266602,1.3775553107936593,3.8359526833324398,"[1.0, 0.976412296295166]",0.25680441292892836,True
39,49,82.15985107421875,15.164892196655273,1.3707220555554365,3.6783729419419875,"[1.0, 0.9729147553443909]",0.23962564824087815,True
39,50,82.19847869873047,15.527924537658691,1.3854507345431468,3.556230161553675,"[1.0, 0.9739947319030762]",0.22653641093069063,True
39,51,82.19695281982422,15.88170337677002,1.4235321072080298,3.4861906543211516,"[1.0, 0.9715553522109985]",0.21396901977379126,True
39,52,82.15216064453125,16.226808547973633,1.4820272421291305,3.4834204182940143,"[1.0, 0.9711891412734985]",0.20184613533875964,True
39,53,82.06177520751953,16.564340591430664,1.5577108535698736,3.5609012604800108,"[1.0, 0.958817720413208]",0.19068375209664448,True
39,54,81.93069458007812,16.897747039794922,1.6434468120552834,3.6794288994126347,"[1.0, 0.9599182605743408]",0.1830462686184727,True
39,55,81.76290893554688,17.228097915649414,1.734631084224129,3.8136889315640152,"[1.0, 0.9833159446716309]",0.17722470494004663,True
39,56,81.55986022949219,17.5560302734375,1.8284425980978516,4.012032471695893,"[0.8883540630340576, 1.0]",0.17265615745160007,True
39,57,81.3233413696289,17.88619613647461,1.9211383639881285,4.2406450708383385,"[0.7947209477424622, 1.0]",0.17163609469717653,True
39,58,81.05525970458984,18.223169326782227,2.0096429634681363,4.531931571788433,"[0.6344643235206604, 1.0]",0.1743973631638179,True
39,59,80.75775909423828,18.573686599731445,2.0897051425555113,4.834199329531421,"[0.513906717300415, 1.0]",0.18222645727813133,True
39,60,80.43312072753906,18.940614700317383,2.1582447224229813,5.141681865873679,"[0.37020909786224365, 1.0]",0.19297304182442254,True
39,61,80.08564758300781,19.328006744384766,2.2113735211685444,5.44262183235924,"[0.23418664932250977, 1.0]",0.20785256428527538,True
39,62,79.7171630859375,19.73654556274414,2.249334219346534,5.732820011111314,"[0.16273266077041626, 1.0]",0.22447282541810312,True
39,63,79.32814025878906,20.16537857055664,2.2751883203670777,6.017518475517765,"[0.07374030351638794, 1.0]",0.2417553833380821,True
39,64,78.92320251464844,20.61796760559082,2.2884825542126443,6.297048168091716,"[0.0069936830550432205, 1.0]",0.26334673814166265,True
39,65,78.50886535644531,21.09886932373047,2.2885963377702176,6.563357663155627,"[-0.09279757738113403, 1.0]",0.37959744945224816,True
39,66,78.09370422363281,21.61387062072754,2.2740506179493956,6.830495643145617,"[-0.13917678594589233, 1.0]",0.42503114181735996,True
39,67,77.68123626708984,22.164718627929688,2.248742931005509,7.09557864062952,"[-0.17906734347343445, 1.0]",0.4753708101909638,True
39,68,77.27778625488281,22.75440216064453,2.213886413394116,7.35498588239265,"[-0.22072458267211914, 1.0]",0.5323914886955433,True
39,69,76.89086151123047,23.38568687438965,2.1699160259002537,7.613161832964768,"[-0.24860307574272156, 1.0]",0.5959728146528568,True
39,70,76.53008270263672,24.060457229614258,2.116977942778254,7.839236084014172,"[-0.3120911419391632, 1.0]",0.6648972057245413,True
39,71,76.2077865600586,24.78057289123535,2.053712453844063,8.096003924526919,"[-0.3045709431171417, 1.0]",0.7386082390932642,True
39,72,75.92219543457031,25.543916702270508,1.9876636286756035,8.365808285235197,"[-0.2813020348548889, 1.0]",0.8097642635929665,True
39,73,75.66986846923828,26.3476619720459,1.924887562170742,8.649281792327132,"[-0.22980445623397827, 1.0]",0.7698771966964852,True
39,74,75.44224548339844,27.188308715820312,1.8717865934585702,8.939215643755075,"[-0.1583135724067688, 1.0]",0.8228724082517783,True
39,75,75.22908020019531,28.06245231628418,1.8325041684315746,9.226104105451617,"[-0.09750643372535706, 1.0]",0.8704880092449812,True
39,76,75.0230941772461,28.967622756958008,1.8064260456290846,9.50928885958399,"[-0.055478841066360474, 1.0]",0.9479622405419561,True
39,77,74.83243560791016,29.901653289794922,1.7837138421940755,9.670894302425316,"[-0.22094735503196716, 1.0]",0.977549557197828,True
39,78,74.69024658203125,30.862220764160156,1.7437677407786751,9.88843535420228,"[-0.22198188304901123, 1.0]",1.0050654334591447,True
39,79,74.59886932373047,31.852542877197266,1.6929894979454865,10.165205501563976,"[-0.17132693529129028, 1.0]",1.0360655377941472,True
39,80,74.54100799560547,32.87331008911133,1.6487220597991612,10.452263354033331,"[-0.10256397724151611, 1.0]",1.0678023970072126,True
39,81,74.50182342529297,33.92353439331055,1.618582216860137,10.736028663660347,"[-0.05495604872703552, 1.0]",1.0985364331856904,True
39,82,74.47173309326172,35.0023307800293,1.6018497609040887,11.016795226962433,"[-0.011955348774790764, 1.0]",1.128371965240081,True
39,83,74.44319915771484,36.1092414855957,1.5957436880432956,11.296853398089114,"[0.0001458246260881424, 1.0]",1.1577465458578073,True
39,84,74.41558074951172,37.24419021606445,1.5941458954189782,11.576922070184331,"[-0.0013692360371351242, 1.0]",1.1870448797845794,True
39,85,74.3897476196289,38.407188415527344,1.5930760411912552,11.856915221474017,"[-0.006237862631678581, 1.0]",1.2163543179595238,True
39,86,74.36664581298828,39.5982551574707,1.5910330200475415,12.13686438725748,"[-0.00970265083014965, 1.0]",1.2456826316860181,True
39,87,74.34712219238281,40.8173828125,1.5879042832631596,12.416778017935764,"[-0.012156961485743523, 1.0]",1.275003156110008,True
39,88,74.33212280273438,42.06456756591797,1.583938408837841,12.696704591250592,"[-0.013128725811839104, 1.0]",1.3043199240785963,True
39,89,74.3220443725586,43.33980178833008,1.5796673163859505,12.976717398707493,"[-0.01142820529639721, 1.0]",1.3336294507062931,True
39,90,74.3164291381836,44.643062591552734,1.5757582973290132,13.256777804667259,"[-0.009018061682581902, 1.0]",1.3629163033436589,True
39,91,74.31462097167969,45.974342346191406,1.572542959305342,13.536855410844906,"[-0.006556717678904533, 1.0]",1.3921956039874739,True
39,92,74.31585693359375,47.33362579345703,1.570082688503156,13.816929902215703,"[-0.0047313254326581955, 1.0]",1.4214596318255956,True
39,93,74.3194808959961,48.720916748046875,1.5682632197722501,14.0970081476074,"[-0.003277180716395378, 1.0]",1.450727491254077,True
39,94,74.3249282836914,50.136207580566406,1.5669606812069574,14.377089629223338,"[-0.002246527001261711, 1.0]",1.4799877358510363,True
39,95,74.33179473876953,51.57950210571289,1.566041286998371,14.657169482725168,"[-0.0015664678066968918, 1.0]",1.5092517878187477,True
39,96,74.33973693847656,53.05080032348633,1.5653875381671085,14.937247568976352,"[-0.0011198204010725021, 1.0]",1.538515831833831,True
39,97,74.3485336303711,54.55010223388672,1.564915029411444,15.217327635384386,"[-0.0008065085858106613, 1.0]",1.5677798847596203,True
39,98,74.35802459716797,56.0774040222168,1.5645724803162322,15.497408045931914,"[-0.0005595367401838303, 1.0]",1.5970401245367718,True
39,99,74.36805725097656,57.632713317871094,1.5643327068727064,15.777490706685214,"[-0.00034719519317150116, 1.0]",10.0,True
40,0,6.638374328613281,6.996262073516846,-0.0020574251001406196,20.54371663500253,"[-0.3312658965587616, 1.0]",1.7308210534707926,True
40,1,8.687298774719238,6.957604885101318,-0.020855347654465284,20.3074620377929,"[-0.8143040537834167, 0.7251188158988953]",2.140308025276025,True
40,2,10.70773983001709,6.847287654876709,-0.05946958556395998,19.970399728234835,"[-0.8817356824874878, 0.5958287715911865]",2.1103078540749083,True
40,3,12.693278312683105,6.654529571533203,-0.10915485044102269,19.845889023521437,"[-0.6632157564163208, 1.0]",2.0748449832718623,True
40,4,14.6583890914917,6.385287284851074,-0.16012762054708496,19.78278500794492,"[-0.5002951622009277, 1.0]",2.054133311344346,True
40,5,16.605228424072266,6.037776947021484,-0.20787956363080617,19.746282926855837,"[-0.38201701641082764, 1.0]",2.035697605751418,True
40,6,18.533096313476562,5.607990741729736,-0.2529636850925394,19.769816938134277,"[-0.22245672345161438, 1.0]",2.016832065625901,True
40,7,20.448768615722656,5.098630905151367,-0.29240629925910255,19.999435107819302,"[-0.01589152030646801, 1.0]",2.0056697602312807,True
40,8,22.36944007873535,4.535205364227295,-0.3085435907263836,20.131550817434423,"[0.151546448469162, 1.0]",2.0112634416911503,True
40,9,24.30706214904785,3.9811668395996094,-0.28254128479117746,20.248322786726824,"[0.23097673058509827, 1.0]",2.0287395228527707,True
40,10,26.270809173583984,3.482646942138672,-0.2406465650509224,20.31060006146243,"[0.30184152722358704, 1.0]",2.0551447248127137,True
40,11,28.25778579711914,3.0615129470825195,-0.19445456857571664,20.324151697447665,"[0.36043596267700195, 1.0]",2.0784353061736707,True
40,12,30.26170539855957,2.723595142364502,-0.14795151488518865,20.32010587783519,"[0.3772250711917877, 1.0]",2.095360077890688,True
40,13,32.27756881713867,2.4701876640319824,-0.10272717799206266,20.311300529099253,"[0.3659729063510895, 1.0]",2.107264270960048,True
40,14,34.30166244506836,2.3025786876678467,-0.058923903856602955,20.311218624705962,"[0.33671265840530396, 1.0]",2.1154941117408645,True
40,15,36.331459045410156,2.2216687202453613,-0.016387495451693823,20.331078711715943,"[0.295097291469574, 1.0]",2.1212864545445185,True
40,16,38.3654670715332,2.228097915649414,0.025031317401763786,20.38207140644385,"[0.24351921677589417, 1.0]",2.1257273474520444,True
40,17,40.40326690673828,2.3221635818481445,0.06546702433881801,20.473001326231902,"[0.18217644095420837, 1.0]",2.129928341173122,True
40,18,42.445735931396484,2.5029826164245605,0.10571670947373057,20.627226418714518,"[0.10696351528167725, 1.0]",2.1352915435424187,True
40,19,44.498939514160156,2.7555630207061768,0.13780673534474985,20.91289438186282,"[0.0031559187918901443, 1.0]",2.1473116074820546,True
40,20,46.573726654052734,3.036719560623169,0.14138269489845356,21.07094308842384,"[-0.1372569501399994, 1.0]",2.1696063837904855,True
40,21,48.6678466796875,3.2857909202575684,0.11585602953393526,21.174359568965134,"[-0.24595153331756592, 1.0]",2.189404643695109,True
40,22,50.778663635253906,3.469069719314575,0.07819613540107007,21.242943740507137,"[-0.280381441116333, 1.0]",2.2242998897680635,True
40,23,52.892433166503906,3.5752789974212646,0.037571077710510714,20.92348951240184,"[-1.0, 0.06079119071364403]",2.148587137943427,True
40,24,54.96987533569336,3.608978033065796,0.0017298562860608158,20.269203308930628,"[-1.0, -0.29817208647727966]",1.9841308770246964,True
40,25,56.98210525512695,3.575653553009033,-0.032908947906218344,19.558642280071332,"[-1.0, -0.3644741475582123]",2.2110974364125187,True
40,26,58.92058181762695,3.475970506668091,-0.07025418955629004,18.830856682350475,"[-1.0, -0.3919614851474762]",1.9497736414556583,True
40,27,60.78219223022461,3.3116514682769775,-0.11013555951244491,18.13189712378188,"[-1.0, -0.4102906882762909]",1.714599433478541,True
40,28,62.56748962402344,3.0873982906341553,-0.15036007777505667,17.444261955658913,"[-1.0, -0.42116579413414]",1.512241107595431,True
40,29,64.2749252319336,2.8066153526306152,-0.18987845887463273,16.745245323146495,"[-1.0, -0.42849820852279663]",1.3406259108899405,True
40,30,65.90118408203125,2.472400426864624,-0.2286524864495325,16.035724134858423,"[-1.0, -0.4328678846359253]",1.195792808055561,True
40,31,67.44324493408203,2.0887649059295654,-0.2673410265534404,15.31254396195457,"[-1.0, -0.4351656436920166]",1.0736316994535295,True
40,32,68.89777374267578,1.6600477695465088,-0.3065745825744335,14.572030627689388,"[-1.0, -0.43707337975502014]",0.970061473764404,True
40,33,70.26136016845703,1.1909713745117188,-0.3470261353199744,13.815817273454476,"[-1.0, -0.43884554505348206]",0.8815644400827027,True
40,34,71.53099060058594,0.6866741180419922,-0.3893361750322262,13.047651692830444,"[-1.0, -0.44065889716148376]",0.8052897770522233,True
40,35,72.70426940917969,0.1525522619485855,-0.4340107023183055,12.271641340799471,"[-1.0, -0.44146186113357544]",0.7389778809926986,True
40,36,73.77928161621094,-0.40588754415512085,-0.4813944633813225,11.490129359651762,"[-1.0, -0.44188225269317627]",0.6807686963730568,True
40,37,74.75448608398438,-0.9829964637756348,-0.5317344664123818,10.704671027957767,"[-1.0, -0.4423014521598816]",0.6290725958576161,True
40,38,75.62865447998047,-1.5728334188461304,-0.5852267200677135,9.916121943808289,"[-1.0, -0.442516952753067]",0.5824679355969188,True
40,39,76.40093231201172,-2.1690328121185303,-0.6420335440157583,9.124899853037977,"[-1.0, -0.44187772274017334]",0.5396905335536821,True
40,40,77.07084655761719,-2.764669895172119,-0.7023219184568621,8.329869886288996,"[-1.0, -0.44164058566093445]",0.4995631696122727,True
40,41,77.63837432861328,-3.352102279663086,-0.7663238047219743,7.529914396705811,"[-1.0, -0.4408727288246155]",0.4609551431671548,True
40,42,78.10409545898438,-3.922872304916382,-0.8343641084640812,6.723365113518397,"[-1.0, -0.44009754061698914]",0.42278175299661214,True
40,43,78.4693832397461,-4.467552185058594,-0.9068617449226544,5.908232686132893,"[-1.0, -0.4381348788738251]",-5.0,False
41,0,6.655881881713867,0.003815744537860155,0.0021041635772718337,20.79064052587668,"[0.15123966336250305, 1.0]",1.7494397640803123,True
41,1,8.733765602111816,0.044734857976436615,0.022197847159974415,20.76742241282855,"[0.4134230315685272, 1.0]",2.171337121255678,True
41,2,10.804929733276367,0.16644349694252014,0.06578433998270139,20.68130529362218,"[0.4772398769855499, 1.0]",2.1642300049858507,True
41,3,12.860230445861816,0.3797178268432617,0.12117982171105801,20.59730890644685,"[0.49973157048225403, 1.0]",2.14798860266446,True
41,4,14.898019790649414,0.6715468168258667,0.17738703493967112,20.532896280114485,"[0.387403279542923, 1.0]",2.1301873780481126,True
41,5,16.917016983032227,1.0427721738815308,0.23160646473064883,20.501923094289154,"[0.23487770557403564, 1.0]",2.1112558463071136,True
41,6,18.91730499267578,1.4976471662521362,0.2844173486210835,20.544373963023553,"[0.07062813639640808, 1.0]",2.0927376924771606,True
41,7,20.905912399291992,2.0160624980926514,0.32406049881773047,20.589394644895584,"[-0.16883739829063416, 1.0]",2.0812596825182412,True
41,8,22.897808074951172,2.5300941467285156,0.31391199085176513,20.547409619597325,"[-0.40539661049842834, 1.0]",2.0843590189473677,True
41,9,24.892250061035156,3.023629665374756,0.25555520714929525,20.539631715024765,"[-0.4826926290988922, 1.0]",2.086870328801596,True
41,10,26.900527954101562,3.4476921558380127,0.18815179838188012,20.463445481462525,"[-0.4950723350048065, 1.0]",2.1003633977329876,True
41,11,28.916292190551758,3.7868452072143555,0.12284922424037426,20.348126550212328,"[-0.45756223797798157, 1.0]",2.107330805926151,True
41,12,30.932979583740234,4.039130210876465,0.05895519599941146,20.225254412780664,"[-0.39287564158439636, 1.0]",2.1077010380459895,True
41,13,32.946537017822266,4.204763412475586,-0.004282496190901597,20.112694415121123,"[-0.3010508418083191, 1.0]",2.104064558950076,True
41,14,34.95478439331055,4.283181667327881,-0.067099808403146,20.030638753337726,"[-0.17182070016860962, 1.0]",2.098385249878301,True
41,15,36.9574089050293,4.273807525634766,-0.12971139142118115,19.99729158222312,"[-0.030789164826273918, 1.0]",2.092612323838754,True
41,16,38.957733154296875,4.183056831359863,-0.18764047145258544,20.088396015938763,"[0.11417165398597717, 1.0]",2.0907220313393027,True
41,17,40.96284866333008,4.034338474273682,-0.2257545677093633,20.184361851704907,"[0.20578965544700623, 1.0]",2.095945137365875,True
41,18,42.975040435791016,3.8657073974609375,-0.22253121068398585,20.25022142392359,"[0.2617499530315399, 1.0]",2.103317768868594,True
41,19,44.9957275390625,3.6962642669677734,-0.1681428033218424,20.393446428883927,"[0.22305971384048462, 1.0]",2.112457612201462,True
41,20,47.03165054321289,3.5474963188171387,-0.07684870904754426,20.468471764983327,"[0.261795312166214, 1.0]",2.1280311270928154,True
41,21,49.07759094238281,3.4781861305236816,0.014974954809515495,20.46487833058706,"[0.18940311670303345, 1.0]",2.1380323516575634,True
41,22,51.12514877319336,3.4992878437042236,0.10551604028559325,20.485493096066282,"[0.04994809627532959, 1.0]",2.1375958519295075,True
41,23,53.164207458496094,3.608660936355591,0.19486056748389835,20.200824021037125,"[0.6447442770004272, 1.0]",2.1268182975834433,True
41,24,55.16828155517578,3.794306993484497,0.2808887933347828,19.83207013585728,"[0.7525200843811035, 1.0]",2.0808672967301383,True
41,25,57.12661361694336,4.050734043121338,0.36429367235388455,19.421222372677317,"[0.7395246028900146, 1.0]",2.0166654989626887,True
41,26,59.03221893310547,4.374458312988281,0.4454949187289996,18.9633852449085,"[0.7829282283782959, 1.0]",1.940721409534661,True
41,27,60.87891387939453,4.759703159332275,0.52378699450834,18.47064161450659,"[0.8202247023582458, 1.0]",1.8558445641839096,True
41,28,62.6617431640625,5.2000041007995605,0.5983481813375615,17.939013041449464,"[0.8724870681762695, 1.0]",1.7651094921027082,True
41,29,64.37608337402344,5.688836097717285,0.6686727449256571,17.378292899643114,"[0.8926169872283936, 1.0]",1.9030200569492592,True
41,30,66.01826477050781,6.220399856567383,0.7346254632682783,16.791484704047704,"[0.9180390238761902, 1.0]",1.7944022263880024,True
41,31,67.58528137207031,6.788890838623047,0.7960464801209941,16.183420823781816,"[0.9393526911735535, 1.0]",1.6869804428504527,True
41,32,69.0748062133789,7.388588905334473,0.8526939804568237,15.55507134163733,"[0.9808781147003174, 0.995268702507019]",1.5823416608266776,True
41,33,70.48512268066406,8.013652801513672,0.9041795422307812,14.913730764052042,"[1.0, 0.9858875274658203]",1.4814133038065458,True
41,34,71.81501007080078,8.659356117248535,0.9503781300296854,14.265888232061693,"[1.0, 0.975840151309967]",1.3855122146072096,True
41,35,73.0635986328125,9.321954727172852,0.9913043246605051,13.615825345337363,"[1.0, 0.9667555093765259]",0.9813581172317476,True
41,36,74.23030090332031,9.99817180633545,1.0269273000336234,12.967147813641084,"[1.0, 0.9633646011352539]",0.9181677214881147,True
41,37,75.31473541259766,10.685162544250488,1.0572316098147168,12.323683271922338,"[1.0, 0.9543334245681763]",0.859654607397368,True
41,38,76.31661987304688,11.380528450012207,1.0822117279445234,11.690239411952186,"[1.0, 0.9557822942733765]",0.8057686762533776,True
41,39,77.23580932617188,12.082345962524414,1.1018670885013124,11.072390303773972,"[1.0, 0.9580988883972168]",0.7564600269729109,True
41,40,78.07225799560547,12.789176940917969,1.1161982241173014,10.476926752463582,"[1.0, 0.9662642478942871]",0.711662821152271,True
41,41,78.82598114013672,13.50011157989502,1.125198443600251,9.912028552022093,"[1.0, 0.9653110504150391]",0.6713357014206558,True
41,42,79.49707794189453,14.214784622192383,1.1288502033764818,9.388418389531706,"[1.0, 0.9610310196876526]",0.6354841742164403,True
41,43,80.08576202392578,14.933503150939941,1.1271335963168436,8.921322201217482,"[1.0, 0.9560642838478088]",0.6042424621926755,True
41,44,80.592529296875,15.657587051391602,1.1200348405626963,8.539965489270847,"[1.0, 0.9515978097915649]",0.5780781395170302,True
41,45,81.02008056640625,16.390583038330078,1.1083103071531362,8.304182821277406,"[1.0, 0.9506891369819641]",0.5587455377014457,True
41,46,81.38968658447266,17.130128860473633,1.1050883482873317,8.126467374192677,"[1.0, 0.9486608505249023]",0.5456516489015846,True
41,47,81.71730041503906,17.869937896728516,1.1229200759981746,7.95495778475697,"[1.0, 0.9482918977737427]",0.5338500880462798,True
41,48,81.99967956542969,18.61016082763672,1.1605392903453886,7.801615129823456,"[1.0, 0.9454273581504822]",-5.0,False
42,0,6.7152509689331055,3.5037620067596436,0.0020844561852051413,21.615630433220705,"[0.03267344832420349, 1.0]",1.8125213058825986,True
42,1,8.87900447845459,3.5127367973327637,0.004704740381733963,21.766287656995885,"[-0.12213993072509766, 1.0]",2.261701803977966,True
42,2,11.057291030883789,3.4608535766601562,-0.028216324907443635,21.886719655910507,"[-0.16364535689353943, 1.0]",2.2767767908807963,True
42,3,13.24736499786377,3.3305411338806152,-0.0733748817216453,22.116266103736173,"[-0.047300249338150024, 1.0]",2.289597164446793,True
42,4,15.453622817993164,3.148685932159424,-0.10111596553256419,22.264387230725756,"[0.08288499712944031, 1.0]",2.3064475626676604,True
42,5,17.67081069946289,2.9733824729919434,-0.08547655203107407,22.200153983164245,"[0.1480211317539215, 1.0]",2.3170885743939658,True
42,6,19.89086151123047,2.848633289337158,-0.048020656037708775,22.329713632231176,"[0.14448589086532593, 1.0]",2.3205345231126184,True
42,7,22.12125015258789,2.803086519241333,-0.0040143158691314795,22.265139354205452,"[0.13267642259597778, 1.0]",2.3305817684513466,True
42,8,24.346242904663086,2.845806360244751,0.041255827394744315,22.213725520225776,"[0.07655316591262817, 1.0]",2.324954516916211,True
42,9,26.569705963134766,2.9557950496673584,0.07762861577277391,22.415205940146265,"[-0.024095742031931877, 1.0]",2.324331485202338,True
42,10,28.804712295532227,3.088477611541748,0.0784874852243247,22.344648936510715,"[-0.15583664178848267, 1.0]",2.335557252611759,True
42,11,31.034889221191406,3.191007614135742,0.04321032131875402,22.25432169368306,"[-0.2203822135925293, 1.0]",2.3303213732807535,True
42,12,33.25848388671875,3.219269037246704,-0.0027794080716612157,22.173919351560464,"[-0.1782587170600891, 1.0]",2.323377302609366,True
42,13,35.47933578491211,3.159179210662842,-0.05200407923819572,22.328242628356612,"[-0.06927621364593506, 1.0]",2.321328990020964,True
42,14,37.707176208496094,3.033268928527832,-0.08934492667246907,22.28899461595072,"[0.05847182869911194, 1.0]",2.3281408993557626,True
42,15,39.930912017822266,2.9044017791748047,-0.08220951916381924,22.22136618902426,"[0.14175063371658325, 1.0]",2.323731957176781,True
42,16,42.155418395996094,2.8116910457611084,-0.03822541639034327,22.37788604543837,"[0.130587637424469, 1.0]",2.3252068653783007,True
42,17,44.39111328125,2.7976303100585938,0.012422314904674714,22.318445755573354,"[0.12127566337585449, 1.0]",2.3361278911539864,True
42,18,46.62092208862305,2.868913173675537,0.06005667942626758,22.272868151097217,"[0.0440039336681366, 1.0]",2.3300367140529845,True
42,19,48.843719482421875,2.997203826904297,0.09321916026826127,22.231083456865132,"[-0.07288682460784912, 1.0]",2.3228372693547215,True
42,20,51.06129455566406,3.1211934089660645,0.08114092577642573,22.136651711406813,"[-0.22439777851104736, 1.0]",2.317190005943518,True
42,21,53.27591323852539,3.2049949169158936,0.03364837458287884,22.21728078398959,"[-0.23453840613365173, 1.0]",2.3145964463892814,True
42,22,55.499420166015625,3.2078068256378174,-0.019314176331636013,22.295642572513866,"[-0.15870380401611328, 1.0]",2.3238373190665467,True
42,23,57.72639465332031,3.1290266513824463,-0.06617302834379846,22.25473345805497,"[-0.024003474041819572, 1.0]",2.327120787865935,True
42,24,59.94725036621094,3.0003933906555176,-0.09306163428978298,22.20729577735944,"[0.09149697422981262, 1.0]",2.3207885438887423,True
42,25,62.167930603027344,2.883099317550659,-0.07198124952320661,22.341795806304365,"[0.16014063358306885, 1.0]",2.321218317944776,True
42,26,64.39871215820312,2.814364194869995,-0.02263460557874719,22.27186998196876,"[0.16812023520469666, 1.0]",2.3310049700946407,True
42,27,66.62439727783203,2.8295278549194336,0.029139243383211166,22.203968401555496,"[0.1414037048816681, 1.0]",2.325602977435906,True
42,28,68.84790802001953,2.919783592224121,0.07497770522370928,22.394799086069156,"[0.002961220219731331, 1.0]",2.3242873380748112,True
42,29,71.08109283447266,3.0526962280273438,0.09540068867520013,22.3275193239408,"[-0.16717901825904846, 1.0]",2.3336586514108584,True
42,30,73.30805969238281,3.1758573055267334,0.0675674594905642,22.217991786173513,"[-0.2773991525173187, 1.0]",2.3269478209479373,True
42,31,75.53185272216797,3.2411162853240967,0.017280053891033376,22.315638655502593,"[-0.16358885169029236, 1.0]",2.324213403734918,True
42,32,77.76190185546875,3.2232561111450195,-0.03366901408132694,22.270244203501047,"[-0.04962119460105896, 1.0]",2.330265232216536,True
42,33,79.98682403564453,3.1465089321136475,-0.0680321811007829,22.228445253324384,"[0.07254552841186523, 1.0]",2.324950183815741,True
42,34,82.20726013183594,3.074799060821533,-0.056574329984880656,22.16875854739115,"[0.09684920310974121, 1.0]",2.3201955096546665,True
42,35,84.43006896972656,3.04006028175354,-0.011432417927491834,22.396563631615436,"[0.09014850854873657, 1.0]",2.3235933742328942,True
42,36,86.66722869873047,3.083686113357544,0.037995718746324236,22.346773185070877,"[0.0789569616317749, 1.0]",2.3377202083367252,True
42,37,88.89803314208984,3.1909263134002686,0.07254477440986751,22.28566298892313,"[-0.14492911100387573, 1.0]",2.331089926809529,True
42,38,91.12289428710938,3.2865962982177734,0.0591842278531578,22.20657485843855,"[-0.17633378505706787, 1.0]",2.324790731882505,True
42,39,93.346435546875,3.333705186843872,0.014687732885950489,22.324661208022132,"[-0.16374287009239197, 1.0]",2.3240022352017244,True
42,40,95.57708740234375,3.300950527191162,-0.03361654980785289,22.278766088003607,"[-0.060575664043426514, 1.0]",2.3309063028647663,True
42,41,97.80228424072266,3.205174207687378,-0.06784802351140407,22.244209478308182,"[0.024872424080967903, 1.0]",2.325295781031293,True
42,42,100.02275085449219,3.0945303440093994,-0.06626996740747693,22.187381823490842,"[0.08803361654281616, 1.0]",2.32030983197524,True
42,43,102.24658203125,3.018644332885742,-0.03053873453604794,22.43447891049944,"[0.0771542489528656, 1.0]",2.32478633185506,True
42,44,104.48767852783203,3.0140883922576904,0.011632421325357356,22.378753791965032,"[0.11112174391746521, 1.0]",2.341800888645874,True
42,45,106.72360229492188,3.0875353813171387,0.05077409828874213,22.338796872990635,"[0.03690275549888611, 1.0]",2.3364483530183016,True
42,46,108.95320129394531,3.209289312362671,0.07131705714734071,22.288735951331645,"[-0.07553741335868835, 1.0]",2.3298983108044298,True
42,47,111.17809295654297,3.3107099533081055,0.048579120918298635,22.211164456463976,"[-0.17137408256530762, 1.0]",2.324841902651744,True
42,48,113.40154266357422,3.348057746887207,0.006149105798938237,22.30491819431756,"[-0.18006592988967896, 1.0]",2.323821838905679,True
42,49,115.62975311279297,3.3001503944396973,-0.04023117616533689,22.250305647560403,"[-0.10339763760566711, 1.0]",2.328336824632772,True
42,50,117.85100555419922,3.180448055267334,-0.07792649034069932,22.216623565298722,"[-0.0006812494248151779, 1.0]",10.0,True
43,0,6.573821544647217,3.5037407875061035,0.0020813935499512937,19.853538435011316,"[0.03267344832420349, 1.0]",1.6631624676047678,True
43,1,8.561826705932617,3.5112547874450684,0.004238154558752427,20.032395605316896,"[-0.10783064365386963, 1.0]",2.0781509415093264,True
43,2,10.56733512878418,3.4579522609710693,-0.029095967015496882,20.191058696658953,"[-0.14342659711837769, 1.0]",2.0963681869865276,True
43,3,12.588211059570312,3.333873748779297,-0.0715559426971204,20.448973152411522,"[-0.03145298361778259, 1.0]",2.1128963099719846,True
43,4,14.629785537719727,3.174041748046875,-0.08915104854511124,20.630432528058407,"[0.08242452144622803, 1.0]",2.134411424525677,True
43,5,16.69101333618164,3.0310957431793213,-0.07103782470704623,20.79866502231905,"[0.1184503436088562, 1.0]",2.15482179106235,True
43,6,18.77231788635254,2.94110107421875,-0.03632937885226095,20.968593540494666,"[0.11760956048965454, 1.0]",2.1756632211031244,True
43,7,20.872663497924805,2.9264464378356934,0.004545083874383238,21.141905510703424,"[0.09786555171012878, 1.0]",2.195484186370431,True
43,8,22.99129867553711,2.987673759460449,0.04391832269455165,21.39510131800919,"[0.03768154978752136, 1.0]",2.214913133543346,True
43,9,25.131366729736328,3.0972375869750977,0.06271850893580222,21.605264296840765,"[-0.06419605016708374, 1.0]",2.2372917435350024,True
43,10,27.29206085205078,3.1899664402008057,0.04358915598381774,21.73884517452924,"[-0.1609346866607666, 1.0]",2.2585189255998346,True
43,11,29.468175888061523,3.224203586578369,0.007527291663054214,21.86101633276586,"[-0.16271501779556274, 1.0]",2.274489609508189,True
43,12,31.657512664794922,3.1787493228912354,-0.03470684795813028,22.03185802419178,"[-0.08874121308326721, 1.0]",2.2884801378422615,True
43,13,33.862579345703125,3.0685267448425293,-0.06751632679763375,22.27236049372208,"[0.020245583727955818, 1.0]",2.3052923031299524,True
43,14,36.08392333984375,2.944427728652954,-0.0639879046693883,22.217429175714592,"[0.09899792075157166, 1.0]",2.3213224254313407,True
43,15,38.30913543701172,2.8614940643310547,-0.032118921168846626,22.41569715647159,"[0.09555542469024658, 1.0]",2.3260827343720907,True
43,16,40.548587799072266,2.8532187938690186,0.009474461894066089,22.363971955241027,"[0.08686167001724243, 1.0]",2.3400902358591313,True
43,17,42.7833251953125,2.9204494953155518,0.048298423739404406,22.327359347231166,"[0.026906074956059456, 1.0]",2.3352105133027745,True
43,18,45.01240539550781,3.02940034866333,0.06517460925112761,22.276096358114614,"[-0.07589694857597351, 1.0]",2.3293226338068282,True
43,19,47.23672103881836,3.115567922592163,0.04014728659099909,22.2005461558215,"[-0.16718170046806335, 1.0]",2.3242181010117435,True
43,20,49.45979309082031,3.135403871536255,-0.0024471787256743482,22.313999753467343,"[-0.15232062339782715, 1.0]",2.323485050892556,True
43,21,51.68867874145508,3.0715062618255615,-0.04747231116926187,22.268150977506746,"[-0.05895605683326721, 1.0]",2.329092330033546,True
43,22,53.91117858886719,2.947770595550537,-0.07748054401616589,22.222254617882587,"[0.07911035418510437, 1.0]",2.322499993192581,True
43,23,56.12915802001953,2.8370282649993896,-0.0609983731877195,22.15310069730338,"[0.1445888876914978, 1.0]",2.317668384290209,True
43,24,58.34773254394531,2.7800092697143555,-0.017569140027362096,22.298105584828637,"[0.13130155205726624, 1.0]",2.31891599905751,True
43,25,60.575462341308594,2.8064513206481934,0.03058360880041544,22.24432500131329,"[0.10012620687484741, 1.0]",2.327829259869191,True
43,26,62.79710006713867,2.9062445163726807,0.07011210991213446,22.21027294853667,"[0.004271270707249641, 1.0]",2.321583954098493,True
43,27,65.01629638671875,3.0393035411834717,0.08283110096224355,22.3187351611212,"[-0.14776641130447388, 1.0]",2.3196306278051235,True
43,28,67.24231719970703,3.1523711681365967,0.05305576155266767,22.21919707027383,"[-0.2532193958759308, 1.0]",2.3260071998045135,True
43,29,69.465576171875,3.1992907524108887,0.00858709661885193,22.275940221929854,"[-0.23836728930473328, 1.0]",2.323500703166653,True
43,30,71.69087219238281,3.160224199295044,-0.0385632383746195,22.208375064994957,"[-0.14281436800956726, 1.0]",2.32523370830029,True
43,31,73.91293334960938,3.0574729442596436,-0.07324918051819296,22.379589062573714,"[0.058900654315948486, 1.0]",2.3227693080081444,True
43,32,76.14608764648438,2.95527720451355,-0.0626862846866123,22.313881380111926,"[0.13842660188674927, 1.0]",2.3335667630855035,True
43,33,78.3755111694336,2.8950114250183105,-0.021294369760164855,22.259659130129926,"[0.09701317548751831, 1.0]",2.3295919890348036,True
43,34,80.60015869140625,2.914915084838867,0.027587019941858415,22.20477724370366,"[0.09375408291816711, 1.0]",2.324569019569323,True
43,35,82.82342529296875,3.0162408351898193,0.07456371683225704,22.40285862027642,"[0.028848202899098396, 1.0]",2.3240794653537438,True
43,36,85.05644226074219,3.172163248062134,0.10232397540302429,22.354613028119235,"[-0.09315252304077148, 1.0]",2.333612726399974,True
43,37,87.28467559814453,3.320828676223755,0.08152202412841536,22.251636298690517,"[-0.2554496228694916, 1.0]",2.328365700746451,True
43,38,89.50524139404297,3.41736102104187,0.034360237542257366,22.1335596835344,"[-0.2926997244358063, 1.0]",2.320166814474342,True
43,39,91.71980285644531,3.428910970687866,-0.018085793278837414,22.162216495876063,"[-0.21796929836273193, 1.0]",2.314291436633786,True
43,40,93.93962860107422,3.3698763847351074,-0.061543921737023055,22.35393876936478,"[0.02333781309425831, 1.0]",2.320418469091048,True
43,41,96.17098236083984,3.270927667617798,-0.07641115168044443,22.31182076992774,"[0.03118753619492054, 1.0]",2.3317569532303,True
43,42,98.39750671386719,3.1399264335632324,-0.06632376326149725,22.27131360978829,"[0.04020899534225464, 1.0]",2.3267452642713913,True
43,43,100.61983489990234,3.0336623191833496,-0.042035734119973966,22.172023610150703,"[0.23201853036880493, 1.0]",2.3221022922808343,True
43,44,102.83934020996094,2.9976208209991455,-0.004995291256661538,22.26437051810985,"[0.18341898918151855, 1.0]",2.319694977390088,True
43,45,105.06378173828125,3.0435144901275635,0.03644589214995264,22.218987232654865,"[0.05816999077796936, 1.0]",2.3244269708672594,True
43,46,107.28791046142578,3.1482372283935547,0.06391160510415794,22.441617761932235,"[-0.042550623416900635, 1.0]",2.3251160030732265,True
43,47,109.52701568603516,3.250720739364624,0.05151259285902121,22.374648319767505,"[-0.14848971366882324, 1.0]",2.3397911420483286,True
43,48,111.7613296508789,3.3030035495758057,0.016279104795327015,22.26023614228038,"[-0.2810153663158417, 1.0]",2.334485027484012,True
43,49,113.9855728149414,3.2764780521392822,-0.02719473631328917,22.17853899255634,"[-0.1812845766544342, 1.0]",2.3240465895290034,True
43,50,116.20450592041016,3.162395477294922,-0.07445013301176395,22.325460907788855,"[-0.07659107446670532, 1.0]",2.3193976795538,True
43,51,118.42833709716797,2.9813106060028076,-0.11099043422236043,22.289341325385685,"[0.03355798125267029, 1.0]",10.0,True
44,0,6.706884860992432,0.0038177461829036474,0.00210269883867209,21.426245048567804,"[0.15123966336250305, 1.0]",1.8033029637109868,True
44,1,8.848196029663086,0.04483698308467865,0.022100908096295058,21.39571854757726,"[0.4222198724746704, 1.0]",2.237591902134752,True
44,2,10.982078552246094,0.16699542105197906,0.06521748614467793,21.30008749281519,"[0.4863159954547882, 1.0]",2.229732916300676,True
44,3,13.09934139251709,0.3809843957424164,0.11988619121155253,21.207947767275293,"[0.506726086139679, 1.0]",2.2126986052237347,True
44,4,15.198565483093262,0.6734307408332825,0.17536396461759196,21.135983546630726,"[0.3933463394641876, 1.0]",2.19433601653601,True
44,5,17.278593063354492,1.0451490879058838,0.22886407459813896,21.09644165261696,"[0.2402794361114502, 1.0]",2.174961567698007,True
44,6,19.33942413330078,1.500360369682312,0.2809710850124665,21.124972664951756,"[0.07464689016342163, 1.0]",2.1558934469385718,True
44,7,21.388050079345703,2.018852710723877,0.3199673533803331,21.173430433174783,"[-0.16490110754966736, 1.0]",2.143906382994208,True
44,8,23.440105438232422,2.532827854156494,0.3091828825460574,21.12567341406649,"[-0.40437862277030945, 1.0]",2.1471208892500178,True
44,9,25.493879318237305,3.027035713195801,0.24945124193083323,21.114997675415125,"[-0.4824332892894745, 1.0]",2.148791369544251,True
44,10,27.56062126159668,3.451852560043335,0.18042956332703142,21.03125509957498,"[-0.49241355061531067, 1.0]",2.1613825913074622,True
44,11,29.633689880371094,3.7916159629821777,0.11349100932789025,20.90770445325183,"[-0.45139428973197937, 1.0]",2.1671532888140472,True
44,12,31.706579208374023,4.04429292678833,0.047863130059231374,20.777263027277492,"[-0.3806847035884857, 1.0]",2.1663870116256785,True
44,13,33.77537155151367,4.210211753845215,-0.01722918751421343,20.657456328562823,"[-0.28272923827171326, 1.0]",2.161750896618181,True
44,14,35.837974548339844,4.288907527923584,-0.08198394941948983,20.566987964278184,"[-0.14969441294670105, 1.0]",2.155154442665424,True
44,15,37.894134521484375,4.279858589172363,-0.14657692428854396,20.526438548798065,"[-0.0005324166268110275, 1.0]",2.1485289466141224,True
44,16,39.94685363769531,4.187451362609863,-0.2075266947863703,20.591943332071832,"[0.13244539499282837, 1.0]",2.1453828612052606,True
44,17,42.00150680541992,4.034909725189209,-0.25038681042177835,20.664918450183208,"[0.24622905254364014, 1.0]",2.1476453007504337,True
44,18,44.061031341552734,3.8682861328125,-0.2500496542277748,20.680282814239572,"[0.31600287556648254, 1.0]",2.1525858087968905,True
44,19,46.12468338012695,3.7030513286590576,-0.19833319638730806,20.770431173542235,"[0.2665923535823822, 1.0]",2.157118978855159,True
44,20,48.19784164428711,3.548093795776367,-0.10072075242679723,20.84164305168528,"[0.3126000463962555, 1.0]",2.16694565789274,True
44,21,50.279930114746094,3.4629974365234375,0.0041569281455045015,20.80815814687777,"[0.2606138288974762, 1.0]",2.175504162391669,True
44,22,52.35420608520508,3.4643373489379883,0.10580565905413941,20.509380533399916,"[0.7490963935852051, 1.0]",2.156044506796417,True
44,23,54.39603805541992,3.5460774898529053,0.2035354152606681,20.136047985824327,"[0.8074495792388916, 1.0]",2.103395886908215,True
44,24,56.39529800415039,3.700692892074585,0.2989451586835745,19.715254269446746,"[0.8144413232803345, 1.0]",2.0330895393957156,True
44,25,58.3449592590332,3.9234514236450195,0.39158121983116345,19.253973725594854,"[0.8199735879898071, 1.0]",1.950831324292058,True
44,26,60.23886489868164,4.209288597106934,0.4806602298687874,18.750073179395766,"[0.8360589146614075, 1.0]",1.8601459585161593,True
44,27,62.07109069824219,4.552422046661377,0.5658009572864033,18.20313655191061,"[0.8683633208274841, 1.0]",2.0088925430866373,True
44,28,63.83632278442383,4.946300983428955,0.6467364867637562,17.61909863373086,"[0.8956588506698608, 1.0]",1.8948803196443387,True
44,29,65.53018951416016,5.3842644691467285,0.7232787325488594,17.001861297431546,"[0.9245712757110596, 1.0]",1.779907518151161,True
44,30,67.14913940429688,5.859694480895996,0.7952563202255671,16.35827823780197,"[0.9419345855712891, 1.0]",1.6661793140212773,True
44,31,68.69050598144531,6.366281032562256,0.8624953453746969,15.69167802698391,"[0.9706622958183289, 0.9981508255004883]",1.5555249339924935,True
44,32,70.1523666381836,6.897639751434326,0.9246577862748904,15.005999273603061,"[0.997410774230957, 0.9883330464363098]",1.4489087633888145,True
44,33,71.53337097167969,7.447943687438965,0.9815216018702628,14.306886514714778,"[1.0, 0.9837545156478882]",1.0206446473808235,True
44,34,72.83251190185547,8.012456893920898,1.0331013396782671,13.598242990649917,"[1.0, 0.9789977073669434]",0.9482244862090021,True
44,35,74.04918670654297,8.586973190307617,1.079396899830364,12.883400790039246,"[1.0, 0.977887749671936]",0.8802322359678796,True
44,36,75.18302917480469,9.16772747039795,1.1203896401989226,12.165027319877511,"[1.0, 0.9769192934036255]",0.8166393867686692,True
44,37,76.23387908935547,9.751394271850586,1.1560735353819762,11.446040310737581,"[1.0, 0.9747624397277832]",0.7573397781083223,True
44,38,77.2016830444336,10.335095405578613,1.1864476532731434,10.72982669208663,"[1.0, 0.9751906394958496]",0.7021625775139742,True
44,39,78.08648681640625,10.916419982910156,1.2115145904544864,10.020238506271534,"[1.0, 0.9724526405334473]",0.6509401571601643,True
44,40,78.88838958740234,11.493424415588379,1.2312773429822332,9.321979166241892,"[1.0, 0.9714035987854004]",0.6035005336834524,True
44,41,79.60752868652344,12.064653396606445,1.2457348455919464,8.641034988229515,"[1.0, 0.9719172120094299]",0.5597025283160072,True
44,42,80.24401092529297,12.629154205322266,1.2548811394606876,7.985284305641788,"[1.0, 0.9695969820022583]",0.5194273142334935,True
44,43,80.79795837402344,13.186507225036621,1.2587062377343683,7.36555528038314,"[1.0, 0.9666175842285156]",0.4826306752594754,True
44,44,81.26949310302734,13.736891746520996,1.257198688820301,6.797277254724827,"[1.0, 0.9643226861953735]",0.44935367256090664,True
44,45,81.65876770019531,14.281272888183594,1.2503458759928234,6.304436570246999,"[1.0, 0.9644790887832642]",0.4198226797245055,True
44,46,81.96625518798828,14.822027206420898,1.2381569205786667,5.939555159320157,"[1.0, 0.962073802947998]",0.3948443069495825,True
44,47,82.19862365722656,15.363687515258789,1.2239910341083169,5.734149438521147,"[1.0, 0.9598332643508911]",0.37682589661438903,True
44,48,82.38180541992188,15.903388977050781,1.2248369872285805,5.567386869179248,"[1.0, 0.9582319259643555]",0.36456910732151643,True
44,49,82.52433013916016,16.438241958618164,1.2484601249144518,5.418357249176915,"[1.0, 0.958565354347229]",0.35354637659591287,True
44,50,82.62276458740234,16.968399047851562,1.2925969766212004,5.300534929922046,"[1.0, 0.957476019859314]",0.3429715070064895,True
44,51,82.67279815673828,17.493989944458008,1.3527957190468678,5.210503629784793,"[1.0, 0.9611961841583252]",0.3327496108341993,True
44,52,82.67079162597656,18.013416290283203,1.4260536879966583,5.145543374188154,"[1.0, 0.961931049823761]",-5.0,False
45,0,6.709603786468506,3.5037484169006348,0.002077531966371282,21.558190069564223,"[0.03267344832420349, 1.0]",1.8066156417815449,True
45,1,8.867875099182129,3.5127217769622803,0.0047139282874946176,21.724247767024217,"[-0.12164011597633362, 1.0]",2.256030427665232,True
45,2,11.04226303100586,3.461259365081787,-0.027995016220858204,21.85929641777387,"[-0.16314047574996948, 1.0]",2.272754765703713,True
45,3,13.230036735534668,3.33158278465271,-0.07287527270114591,22.10816593425419,"[-0.04767245054244995, 1.0]",2.2872604512329526,True
45,4,15.435775756835938,3.149937868118286,-0.10033472722679004,22.272399979372715,"[0.0816938579082489, 1.0]",2.305964821208447,True
45,5,17.653730392456055,2.9748079776763916,-0.08483473020836563,22.208720686718312,"[0.14642834663391113, 1.0]",2.3178938787103496,True
45,6,19.874998092651367,2.8504443168640137,-0.04781559263377311,22.352152816145438,"[0.14324158430099487, 1.0]",2.321852387867967,True
45,7,22.107593536376953,2.8051044940948486,-0.004114983358336488,22.28801939576814,"[0.13155189156532288, 1.0]",2.332891531006543,True
45,8,24.334877014160156,2.847853660583496,0.040896300647584205,22.236796892768005,"[0.07598674297332764, 1.0]",2.3273490638006593,True
45,9,26.555280685424805,2.9572906494140625,0.07681395479531883,22.20285607296508,"[-0.02407952956855297, 1.0]",2.3203165235929912,True
45,10,28.774648666381836,3.0848193168640137,0.07824433861680014,22.334760658628497,"[-0.15425559878349304, 1.0]",2.3198744039208594,True
45,11,31.00322151184082,3.183150291442871,0.042215364335500105,22.24804601186568,"[-0.21888434886932373, 1.0]",2.32868905251238,True
45,12,33.22630310058594,3.208761692047119,-0.0030474552353778606,22.17143758727023,"[-0.173648864030838, 1.0]",2.322853057887833,True
45,13,35.4474983215332,3.148113965988159,-0.050790343571391894,22.352565562055997,"[-0.06572100520133972, 1.0]",2.3217817659765174,True
45,14,37.67765808105469,3.022336959838867,-0.08645126899004296,22.312851218447403,"[0.05789458751678467, 1.0]",2.3305675900044975,True
45,15,39.90388488769531,2.8952531814575195,-0.07717547891329701,22.246042842890404,"[0.13724717497825623, 1.0]",2.326333999433632,True
45,16,42.12552261352539,2.8090407848358154,-0.03385996273148528,22.18560210088308,"[0.12507081031799316, 1.0]",2.321472935284052,True
45,17,44.34762191772461,2.8040034770965576,0.017800568726089594,22.314655949701965,"[0.11058303713798523, 1.0]",2.3225152559728777,True
45,18,46.57619857788086,2.8834457397460938,0.06690593027578817,22.27124463151772,"[0.032307446002960205, 1.0]",2.32879726099808,True
45,19,48.798362731933594,3.0175745487213135,0.09780179471401507,22.22359590730636,"[-0.09978538751602173, 1.0]",2.322170335635613,True
45,20,51.01521682739258,3.141052722930908,0.08024943260152106,22.127192870140924,"[-0.2331778109073639, 1.0]",2.3164264633746185,True
45,21,53.22921371459961,3.2194268703460693,0.029326996240061298,22.210148895126412,"[-0.23820078372955322, 1.0]",2.3139425572351002,True
45,22,55.45237350463867,3.213963270187378,-0.02600696646711409,22.301468148753283,"[-0.13767299056053162, 1.0]",2.3235163967084524,True
45,23,57.68000793457031,3.1341516971588135,-0.07135261034789409,22.265402934237354,"[0.006879987195134163, 1.0]",2.3278287431357088,True
45,24,59.90254211425781,3.0200772285461426,-0.08844397927569503,22.211033709180086,"[0.11281794309616089, 1.0]",2.3224838313788103,True
45,25,62.12605285644531,2.9213905334472656,-0.057424544162888225,22.395038549683854,"[0.13718092441558838, 1.0]",2.3242884156610772,True
45,26,64.36300659179688,2.881096601486206,-0.00596707873843183,22.337055295251066,"[0.12607648968696594, 1.0]",2.337470484180192,True
45,27,66.59516906738281,2.9265384674072266,0.04516627998136258,22.286102117765996,"[0.0689954161643982, 1.0]",2.3324499351158847,True
45,28,68.82044982910156,3.0358006954193115,0.08468559318732094,22.24949565895923,"[-0.050163209438323975, 1.0]",2.3254034921840665,True
45,29,71.04058074951172,3.151477813720703,0.08421740946768441,22.16517010215696,"[-0.19759029150009155, 1.0]",2.3198741858698626,True
45,30,73.25807189941406,3.2392029762268066,0.04110402721260975,22.259471864470076,"[-0.25191351771354675, 1.0]",2.317658773292459,True
45,31,75.48169708251953,3.253117799758911,-0.010725748132239588,22.1805776430985,"[-0.19043245911598206, 1.0]",2.323437782499412,True
45,32,77.70316314697266,3.179694414138794,-0.0611006385735795,22.347999434335694,"[-0.06170758605003357, 1.0]",2.3220320619076356,True
45,33,79.93214416503906,3.0410192012786865,-0.09840819649422627,22.307184593911806,"[0.0700480043888092, 1.0]",2.3293633487390095,True
45,34,82.15715026855469,2.903139352798462,-0.08990352471111329,22.23782785042089,"[0.14818665385246277, 1.0]",2.325076328842519,True
45,35,84.37730407714844,2.8016014099121094,-0.042994472112402704,22.17568222481007,"[0.1354936957359314, 1.0]",2.3199443786053955,True
45,36,86.59774780273438,2.7809486389160156,0.012487961825545568,22.279112449602934,"[0.1275515854358673, 1.0]",2.320699731609151,True
45,37,88.82300567626953,2.849052906036377,0.06744721776734686,22.22817289230741,"[0.05151882767677307, 1.0]",2.3252846515505396,True
45,38,91.04119873046875,2.9816043376922607,0.10930731641342994,22.189853251026697,"[-0.05592632293701172, 1.0]",2.318047393828839,True
45,39,93.25623321533203,3.1293795108795166,0.11479995300366408,22.243644275567206,"[-0.20438897609710693, 1.0]",2.3151308841033336,True
45,40,95.47373962402344,3.260749340057373,0.0713345008524815,22.140290327520898,"[-0.27415841817855835, 1.0]",2.3171377151652504,True
45,41,97.68860626220703,3.326101303100586,0.012295814752896206,22.18639647205673,"[-0.2347412407398224, 1.0]",2.314705422307849,True
45,42,99.90888977050781,3.3035755157470703,-0.04743795639119952,22.25489634538925,"[-0.11110985279083252, 1.0]",2.320430541855033,True
45,43,102.1312484741211,3.2078816890716553,-0.09717155764204843,22.214494147721197,"[0.031911998987197876, 1.0]",2.3223239272780267,True
45,44,104.35108947753906,3.0789120197296143,-0.11826139663049418,22.32189783303634,"[0.13677844405174255, 1.0]",2.3202895436666324,True
45,45,106.57763671875,2.958089590072632,-0.08766913255653641,22.25037788849007,"[0.1631983518600464, 1.0]",2.3266739417091427,True
45,46,108.80001831054688,2.882065773010254,-0.025619343370452796,22.18554450815088,"[0.15930259227752686, 1.0]",2.322216542083554,True
45,47,111.02064514160156,2.8911375999450684,0.03960559962527732,22.248825152604912,"[0.12271517515182495, 1.0]",2.3207465442414095,True
45,48,113.2420425415039,2.9864017963409424,0.10297591723787569,22.19285998182393,"[0.016625137999653816, 1.0]",2.3212652698205516,True
45,49,115.45738220214844,3.141573429107666,0.15117207559142187,22.27665830977413,"[-0.14685657620429993, 1.0]",2.315584623038515,True
45,50,117.67681884765625,3.2911596298217773,0.15050601900279226,22.16301632536213,"[-0.3168965280056, 1.0]",10.0,True
46,0,6.607587814331055,3.503728151321411,0.0020723388022449996,20.29111034946389,"[0.03267344832420349, 1.0]",1.6988978109036421,True
46,1,8.639565467834473,3.5116608142852783,0.004384362102597628,20.482144968110173,"[-0.11125797033309937, 1.0]",2.1241473058599136,True
46,2,10.690269470214844,3.459315776824951,-0.028542029508760614,20.648801169142203,"[-0.14850839972496033, 1.0]",2.143623607641511,True
46,3,12.757431030273438,3.3343610763549805,-0.07133849559411587,20.926841102677784,"[-0.03634724020957947, 1.0]",2.161332345020644,True
46,4,14.84664249420166,3.168455123901367,-0.09134602591555474,21.122904957060435,"[0.08097440004348755, 1.0]",2.184264536234995,True
46,5,16.95676040649414,3.016303062438965,-0.07416903635870664,21.30096188811248,"[0.12421280145645142, 1.0]",2.2059722407889866,True
46,6,19.088043212890625,2.9157180786132812,-0.03989455260355079,21.478812228543315,"[0.12338918447494507, 1.0]",2.227937461424929,True
46,7,21.239259719848633,2.890315294265747,0.00037989992949949425,21.65070011354209,"[0.10646820068359375, 1.0]",2.2486446574689474,True
46,8,23.409273147583008,2.9450364112854004,0.04125249844338175,21.910391742335197,"[0.050027668476104736, 1.0]",2.2686101905748832,True
46,9,25.60133934020996,3.057105541229248,0.06579099788542653,22.15745875381391,"[-0.049947887659072876, 1.0]",2.2917747570191156,True
46,10,27.816932678222656,3.1619873046875,0.05011683013171009,22.306188345021447,"[-0.1598547101020813, 1.0]",2.315971185565292,True
46,11,30.0444393157959,3.2136573791503906,0.015241537234632396,22.229183124472236,"[-0.17614281177520752, 1.0]",2.327537961633367,True
46,12,32.26597595214844,3.186171293258667,-0.02712775781187382,22.170745499734707,"[-0.11007258296012878, 1.0]",2.3213049911013455,True
46,13,34.487060546875,3.0889010429382324,-0.0646799270786449,22.421242153759653,"[-0.0001828949898481369, 1.0]",2.321980184418481,True
46,14,36.723140716552734,2.9605329036712646,-0.07185781200668195,22.36731662848487,"[0.09307882189750671, 1.0]",2.336733094505916,True
46,15,38.956390380859375,2.8594400882720947,-0.04317277074738346,22.310109615749138,"[0.10832884907722473, 1.0]",2.3336451575775117,True
46,16,41.185935974121094,2.828482151031494,-0.0010885670955698146,22.252845818084804,"[0.10496190190315247, 1.0]",2.3296833994431005,True
46,17,43.40968704223633,2.8805720806121826,0.04396053379782927,22.207682077903737,"[0.052706003189086914, 1.0]",2.3236856374658013,True
46,18,45.632408142089844,2.99102520942688,0.07544602210139928,22.424553161864527,"[-0.04613757133483887, 1.0]",2.323631589081906,True
46,19,47.868927001953125,3.107701301574707,0.06553040757276207,22.3488626543188,"[-0.17782655358314514, 1.0]",2.3370887418077158,True
46,20,50.10063934326172,3.182596445083618,0.027572505713917117,22.258663968315098,"[-0.22008594870567322, 1.0]",2.3318763291660116,True
46,21,52.325138092041016,3.1793930530548096,-0.018265024020199583,22.19124749349,"[-0.13835886120796204, 1.0]",2.324359362500002,True
46,22,54.54875183105469,3.0988919734954834,-0.061057095889756496,22.427084226887807,"[-0.01875889115035534, 1.0]",2.324535618034667,True
46,23,56.785762786865234,2.9718539714813232,-0.08013092193301219,22.37606980036477,"[0.08708244562149048, 1.0]",2.3377032699121885,True
46,24,59.01911163330078,2.858128786087036,-0.05475086358650305,22.310576743860754,"[0.14110994338989258, 1.0]",2.33374644178292,True
46,25,61.24803161621094,2.807285785675049,-0.01111257228057383,22.23834372287949,"[0.15695858001708984, 1.0]",2.3289925296631138,True
46,26,63.47020721435547,2.8427910804748535,0.03744484387484093,22.174942002555973,"[0.12192776799201965, 1.0]",2.321962837156033,True
46,27,65.69070434570312,2.950443744659424,0.07879308295941101,22.398509459945014,"[-0.008896706625819206, 1.0]",2.321290423917409,True
46,28,67.92333984375,3.0918498039245605,0.08935877511013679,22.320905713049793,"[-0.18828275799751282, 1.0]",2.333079573755599,True
46,29,70.14972686767578,3.215588331222534,0.05734305143353158,22.21327977225042,"[-0.2760260999202728, 1.0]",2.326346782900908,True
46,30,72.37349700927734,3.271399736404419,0.010717891807024316,22.323054002409034,"[-0.15812340378761292, 1.0]",2.3242238846124033,True
46,31,74.6042709350586,3.245962381362915,-0.03508022314295989,22.28182795147596,"[-0.036274880170822144, 1.0]",2.3310421515628916,True
46,32,76.83029174804688,3.167468309402466,-0.061644322910118454,22.24094022136607,"[0.05617058277130127, 1.0]",2.3261050439844286,True
46,33,79.05182647705078,3.0907232761383057,-0.04657922009770399,22.185433607168598,"[0.07975631952285767, 1.0]",2.321369180236165,True
46,34,81.27740478515625,3.056232213973999,-0.00853383339704994,22.469247993368104,"[0.06500297784805298, 1.0]",2.3266899240756254,True
46,35,83.5220718383789,3.0874922275543213,0.026889804368475545,22.428601199574274,"[0.03886830806732178, 1.0]",2.3455957586207403,True
46,36,85.76238250732422,3.1638710498809814,0.04395387589510413,22.369424255743578,"[-0.11105749011039734, 1.0]",2.3409730780961584,True
46,37,87.99734497070312,3.214979887008667,0.022451513253804123,22.302560350581278,"[-0.13508805632591248, 1.0]",2.335323984956522,True
46,38,90.22625732421875,3.1998517513275146,-0.017171130602449125,22.242404200710528,"[-0.11433917284011841, 1.0]",2.3290031724188225,True
46,39,92.44825744628906,3.11301326751709,-0.05606659832305638,22.20774039918366,"[-0.020242689177393913, 1.0]",2.321934953866639,True
46,40,94.66993713378906,2.989496946334839,-0.06992089494586651,22.406579794969105,"[0.08548992872238159, 1.0]",2.322509296577361,True
46,41,96.90597534179688,2.887108325958252,-0.045516751980816395,22.3503627936071,"[0.11357992887496948, 1.0]",2.3366148405790446,True
46,42,99.13914489746094,2.8480467796325684,-0.006913299873736456,22.281251697511777,"[0.14972954988479614, 1.0]",2.3334351883028654,True
46,43,101.3656234741211,2.892024040222168,0.037309155817301765,22.224786228392052,"[0.10101714730262756, 1.0]",2.3264901146879207,True
46,44,103.58474731445312,3.0038986206054688,0.07391963132262092,22.191578997240473,"[-0.014144835993647575, 1.0]",2.3189859458196134,True
46,45,105.80475616455078,3.136223316192627,0.07744871924113994,22.41389220878165,"[-0.0870334804058075, 1.0]",2.3208713650371737,True
46,46,108.04115295410156,3.2407939434051514,0.04463231618280172,22.350773498528977,"[-0.1442679464817047, 1.0]",2.3369752702941615,True
46,47,110.27461242675781,3.275174379348755,0.0021670141789975617,22.28717678539479,"[-0.13379988074302673, 1.0]",2.3337517681905267,True
46,48,112.50178527832031,3.2257792949676514,-0.04292083570826222,22.238783479979343,"[-0.061671286821365356, 1.0]",2.327247377222407,True
46,49,114.72221374511719,3.11423397064209,-0.07696974971908865,22.202844188878675,"[0.03672558069229126, 1.0]",2.320341265646829,True
46,50,116.94375610351562,2.993330240249634,-0.07248139117592345,22.406760268906964,"[0.10484036803245544, 1.0]",2.3223727796085187,True
46,51,119.1805648803711,2.9069936275482178,-0.03454399565747224,22.354969322833306,"[0.09319305419921875, 1.0]",10.0,True
47,0,6.589083671569824,3.5037424564361572,0.0020811272338425724,20.044454919974918,"[0.03267344832420349, 1.0]",1.6792837187097114,True
47,1,8.596142768859863,3.511416435241699,0.004290352516117757,20.220829380463353,"[-0.1093253493309021, 1.0]",2.0980528295021244,True
47,2,10.620437622070312,3.4582886695861816,-0.028984780039985836,20.3756499489591,"[-0.14554092288017273, 1.0]",2.1159852779807653,True
47,3,12.659772872924805,3.3336148262023926,-0.07169389444158725,20.63224942227975,"[-0.03310954570770264, 1.0]",2.132180373254751,True
47,4,14.719484329223633,3.171372175216675,-0.09023894985040837,20.81234618471145,"[0.08239397406578064, 1.0]",2.15336701413003,True
47,5,16.798643112182617,3.024862051010132,-0.0723466352247657,20.978025344875913,"[0.12105181813240051, 1.0]",2.173559897010926,True
47,6,18.897668838500977,2.9309585094451904,-0.03765656518150262,21.14439782296672,"[0.12015771865844727, 1.0]",2.19417551652171,True
47,7,21.015403747558594,2.9125115871429443,0.003137736396331192,21.310410323679655,"[0.10132542252540588, 1.0]",2.2136317555141756,True
47,8,23.150915145874023,2.9716649055480957,0.04319966867439362,21.560443570019352,"[0.042331963777542114, 1.0]",2.232533394380517,True
47,9,25.30748176574707,3.0830888748168945,0.06433677877218891,21.77781642906202,"[-0.05919492244720459, 1.0]",2.254566793803826,True
47,10,27.485166549682617,3.1807031631469727,0.04617135697675856,21.911131920936118,"[-0.1614779829978943, 1.0]",2.2762848775797595,True
47,11,29.678329467773438,3.221311092376709,0.010321347120711089,22.029931332117073,"[-0.16833233833312988, 1.0]",2.292297609085347,True
47,12,31.88434410095215,3.1824076175689697,-0.03174674440650804,22.18650759419184,"[-0.0969444215297699, 1.0]",2.3058539173525743,True
47,13,34.105377197265625,3.076794147491455,-0.06538899371887918,22.43044813389611,"[0.011728348210453987, 1.0]",2.3219701129160093,True
47,14,36.342498779296875,2.9509618282318115,-0.0650952470506434,22.37656347407183,"[0.09405502676963806, 1.0]",2.3378161176645733,True
47,15,38.57725524902344,2.863170862197876,-0.03481590440476978,22.32120513860932,"[0.09263339638710022, 1.0]",2.3352018928503044,True
47,16,40.80812454223633,2.850184440612793,0.007903463167028058,22.266903482556284,"[0.08864691853523254, 1.0]",2.3310703588843937,True
47,17,43.03318786621094,2.915717601776123,0.05048807478766726,22.22895332277038,"[0.03131243586540222, 1.0]",2.325093613927076,True
47,18,45.25236511230469,3.027346134185791,0.07303612763098677,22.18036462406918,"[-0.07651638984680176, 1.0]",2.318988886902061,True
47,19,47.471473693847656,3.123878002166748,0.050434811565866156,22.305235509065042,"[-0.18130767345428467, 1.0]",2.3194821413337614,True
47,20,49.69925308227539,3.1632535457611084,0.007977232729222905,22.229587932196573,"[-0.17959889769554138, 1.0]",2.327812534122619,True
47,21,51.92067337036133,3.119957208633423,-0.0376440483243794,22.17580280908416,"[-0.09270098805427551, 1.0]",2.321211400726816,True
47,22,54.13963317871094,3.013453483581543,-0.0725377170329784,22.36152798896305,"[0.04986575245857239, 1.0]",2.319586684299943,True
47,23,56.37070083618164,2.9053356647491455,-0.0636800432473752,22.29794167680556,"[0.1304711103439331, 1.0]",2.3314083950163282,True
47,24,58.59824752807617,2.8386693000793457,-0.02447378462755534,22.239310976543347,"[0.11908411979675293, 1.0]",2.3276235912889764,True
47,25,60.82087326049805,2.8508050441741943,0.022759640991925956,22.18126448241703,"[0.1083328127861023, 1.0]",2.3224414225927514,True
47,26,63.04254150390625,2.9408230781555176,0.06664813628226884,22.393448101545548,"[0.01976311393082142, 1.0]",2.322438759865158,True
47,27,65.27552795410156,3.0784990787506104,0.08748710549602912,22.337956087195813,"[-0.11425283551216125, 1.0]",2.333507252587694,True
47,28,67.50375366210938,3.2045035362243652,0.06255259399989033,22.244275421065183,"[-0.23007720708847046, 1.0]",2.328324947402606,True
47,29,69.72509002685547,3.269613027572632,0.018007096868625005,22.142504375904164,"[-0.242161363363266, 1.0]",2.3209776344376625,True
47,30,71.94137573242188,3.2485198974609375,-0.03172637122416866,22.211730925247306,"[-0.15789318084716797, 1.0]",2.316238494730019,True
47,31,74.1646957397461,3.144059181213379,-0.07879574612050178,22.40683476735182,"[-0.024896947667002678, 1.0]",2.324150763777302,True
47,32,76.39773559570312,2.9836483001708984,-0.10576624427000603,22.356924586948782,"[0.10568031668663025, 1.0]",2.333646016598301,True
47,33,78.62665557861328,2.830291271209717,-0.08414563727630764,22.28619569230475,"[0.15488287806510925, 1.0]",2.3292078635255278,True
47,34,80.85139465332031,2.729762315750122,-0.035528832628584084,22.210927195032752,"[0.17135751247406006, 1.0]",2.3246882470846786,True
47,35,83.07466125488281,2.7156035900115967,0.01854492225076676,22.284741036446444,"[0.1384180188179016, 1.0]",2.3235479362265092,True
47,36,85.30022430419922,2.7914583683013916,0.07293972119952663,22.230632907492343,"[0.06491914391517639, 1.0]",2.325600897400122,True
47,37,87.51803588867188,2.9347476959228516,0.11659492357837742,22.19225966909893,"[-0.04480835795402527, 1.0]",2.3176767529836013,True
47,38,89.73110961914062,3.10223650932312,0.1284099045964595,22.20363876752857,"[-0.24444270133972168, 1.0]",2.3129901049226285,True
47,39,91.94703674316406,3.257328987121582,0.08962256121610945,22.263136093304965,"[-0.3195430040359497, 1.0]",2.3161112364433096,True
47,40,94.16825103759766,3.3558478355407715,0.031086413614222153,22.153734694007788,"[-0.2969468832015991, 1.0]",2.3209061005566287,True
47,41,96.38463592529297,3.3683290481567383,-0.026770494751639617,22.17258933800515,"[-0.18901631236076355, 1.0]",2.3161615397163358,True
47,42,98.6033706665039,3.2915940284729004,-0.08516709271240686,22.274779009439964,"[-0.04552939534187317, 1.0]",2.318971246753417,True
47,43,100.8249740600586,3.149531364440918,-0.13058597352316337,22.229909308692598,"[0.09418550133705139, 1.0]",2.3216379854438043,True
47,44,103.04145812988281,3.000803232192993,-0.1339917570832112,22.15602577287342,"[0.18691569566726685, 1.0]",2.3161861858021493,True
47,45,105.25696563720703,2.8678946495056152,-0.08494605034193015,22.31169810350536,"[0.17421382665634155, 1.0]",2.315910148789993,True
47,46,107.48452758789062,2.794487714767456,-0.016078169291080968,22.236725425827057,"[0.19821959733963013, 1.0]",2.3276272150998154,True
47,47,109.70662689208984,2.8075122833251953,0.05069979609432895,22.159187249743464,"[0.13524013757705688, 1.0]",2.3218156468230644,True
47,48,111.923095703125,2.908454656600952,0.11744021090836831,22.24195946117295,"[0.022823365405201912, 1.0]",2.3165576286104343,True
47,49,114.1396255493164,3.073911666870117,0.17165950754129167,22.18547040757116,"[-0.1536262333393097, 1.0]",2.3163644630254763,True
47,50,116.35125732421875,3.2358040809631348,0.1789633599888889,22.137261944243647,"[-0.3385983109474182, 1.0]",2.31124945365144,True
47,51,118.55876159667969,3.3846235275268555,0.13137706552497175,22.121779830879955,"[-0.3972173035144806, 1.0]",10.0,True
48,0,6.628234386444092,6.9962592124938965,-0.0020594224709578057,20.406425944439523,"[-0.3312658965587616, 1.0]",1.7200633031940697,True
48,1,8.663240432739258,6.957504749298096,-0.020942965654328738,20.15982417223292,"[-0.8117278814315796, 0.7297083139419556]",2.1257252550702144,True
48,2,10.668730735778809,6.846841335296631,-0.05987451920770681,19.81594549342721,"[-0.8781249523162842, 0.6028185486793518]",2.0946620577599733,True
48,3,12.638501167297363,6.653542995452881,-0.11003262833631311,19.682951300775922,"[-0.6588394045829773, 1.0]",2.0583437123720465,True
48,4,14.586930274963379,6.383782863616943,-0.16149568639905887,19.611925984314663,"[-0.4967986047267914, 1.0]",2.0366827745954317,True
48,5,16.51618766784668,6.035886764526367,-0.20978998223877454,19.56785974489908,"[-0.37728583812713623, 1.0]",2.017312761735347,True
48,6,18.425575256347656,5.605870246887207,-0.2554911581250785,19.58419084127881,"[-0.21508070826530457, 1.0]",1.9975164472867313,True
48,7,20.32212257385254,5.0986199378967285,-0.29453642865700314,19.791809363706943,"[-0.007914392277598381, 1.0]",1.985610459641564,True
48,8,22.223085403442383,4.542496681213379,-0.30793958579115355,19.909451663476137,"[0.1547788381576538, 1.0]",1.9905553620754863,True
48,9,24.140300750732422,3.998739719390869,-0.2799785248741937,20.013567718114103,"[0.22467315196990967, 1.0]",2.0072764020215526,True
48,10,26.08268165588379,3.512779474258423,-0.237050898105152,20.062225654452202,"[0.2968026101589203, 1.0]",2.032660920596402,True
48,11,28.046947479248047,3.105133533477783,-0.19005262960992475,20.06756630338522,"[0.3494763970375061, 1.0]",2.054569871729491,True
48,12,30.027067184448242,2.7812399864196777,-0.14283092189923874,20.057496161271413,"[0.36100468039512634, 1.0]",2.0703784379259167,True
48,13,32.01816177368164,2.54223370552063,-0.09677780927487944,20.04451487019093,"[0.3453993499279022, 1.0]",2.0812949061492576,True
48,14,34.01660919189453,2.389357328414917,-0.05200088344488751,20.040989545702907,"[0.31268641352653503, 1.0]",2.0886318711685536,True
48,15,36.01984405517578,2.323467493057251,-0.008350341597943789,20.05669595169845,"[0.26928967237472534, 1.0]",2.093489995063893,True
48,16,38.026241302490234,2.345176935195923,0.03430870537516384,20.1033092006502,"[0.21343103051185608, 1.0]",2.096862138717379,True
48,17,40.0352897644043,2.4549624919891357,0.07597892063552436,20.192303443624088,"[0.15406274795532227, 1.0]",2.099913827410371,True
48,18,42.04794692993164,2.6528820991516113,0.11682448806434209,20.346445717659304,"[0.0914587676525116, 1.0]",2.1042161712568106,True
48,19,44.070011138916016,2.9206793308258057,0.14775177780343274,20.600167545193163,"[-0.009399263188242912, 1.0]",2.1147649629377443,True
48,20,46.11154556274414,3.209319829940796,0.14691993943694648,20.72528200001962,"[-0.16588899493217468, 1.0]",2.1347981928282134,True
48,21,48.16999435424805,3.4610917568206787,0.1186898992498886,20.80136076368495,"[-0.27131596207618713, 1.0]",2.1520549149404884,True
48,22,50.24284362792969,3.644245147705078,0.07953730332603381,20.84513365656045,"[-0.2980959415435791, 1.0]",2.1581664149369835,True
48,23,52.3172607421875,3.7495760917663574,0.03776828478923111,20.540059015855785,"[-1.0, 0.18624287843704224]",2.1061968356823986,True
48,24,54.35980224609375,3.7811191082000732,0.0012596751956071017,20.01700662217687,"[-1.0, -0.2618252635002136]",1.9724328966222378,True
48,25,56.3484992980957,3.7417659759521484,-0.03172557227584161,19.396666711399657,"[-1.0, -0.3569464385509491]",1.793392611269478,True
48,26,58.271724700927734,3.6339991092681885,-0.06522800563098397,18.734211449513175,"[-1.0, -0.3902730941772461]",1.9977184744535865,True
48,27,60.1235237121582,3.46061110496521,-0.1011704271768572,18.070762662953303,"[-1.0, -0.4091191589832306]",1.7728859479523396,True
48,28,61.90179443359375,3.2257509231567383,-0.13851087513696658,17.409662043492233,"[-1.0, -0.4220828115940094]",1.5730381962531337,True
48,29,63.604305267333984,2.933145761489868,-0.17650206650943723,16.740525134655947,"[-1.0, -0.43070098757743835]",1.4000813585621434,True
48,30,65.22801971435547,2.5861353874206543,-0.21546224904453393,16.063102213072312,"[-1.0, -0.4388068914413452]",1.2523168591865885,True
48,31,66.77008819580078,2.1882622241973877,-0.25582791484491985,15.381929766369284,"[-1.0, -0.4417797923088074]",1.126976982713136,True
48,32,68.22803497314453,1.7431379556655884,-0.2979094553356427,14.697993434528053,"[-1.0, -0.4444475769996643]",1.0209619044524956,True
48,33,69.59954071044922,1.2545578479766846,-0.3418635975468556,14.011956528831869,"[-1.0, -0.4486083984375]",0.9310689175680925,True
48,34,70.88251495361328,0.7266756892204285,-0.38771604098307755,13.325882471274186,"[-1.0, -0.45060062408447266]",0.8543785613261107,True
48,35,72.07503509521484,0.16402596235275269,-0.4354838298752828,12.63411778752302,"[-1.0, -0.4601207673549652]",0.7883249694252338,True
48,36,73.17501068115234,-0.4283828139305115,-0.4852733575090227,11.939118644583148,"[-1.0, -0.46433958411216736]",0.7306489182183217,True
48,37,74.18067932128906,-1.045297622680664,-0.5373456136711248,11.24226637560198,"[-1.0, -0.4664420187473297]",0.6797563578926251,True
48,38,75.09062957763672,-1.6811773777008057,-0.5919899508140247,10.54512142755418,"[-1.0, -0.4671328365802765]",0.6342913788156229,True
48,39,75.90386199951172,-2.330172538757324,-0.6494733508370034,9.850968914714471,"[-1.0, -0.46418413519859314]",0.59311404959001,True
48,40,76.61984252929688,-2.986069679260254,-0.7100456182503105,9.155874644880912,"[-1.0, -0.4673125445842743]",0.5551874410449675,True
48,41,77.23822784423828,-3.6420679092407227,-0.7739676096827193,8.462861725634166,"[-1.0, -0.46518072485923767]",0.5194557222680477,True
48,42,77.78497314453125,-4.251518726348877,-0.803104722537058,7.277839095106248,"[-1.0, -0.462453156709671]",-5.0,False
49,0,6.6398024559021,0.0038130844477564096,0.002103231470890421,20.596613950915415,"[0.15123966336250305, 1.0]",1.732487218681219,True
49,1,8.698500633239746,0.04463372007012367,0.022189857676703895,20.584763127380885,"[0.4106769263744354, 1.0]",2.1513296114108607,True
49,2,10.751638412475586,0.165957510471344,0.06578407366659178,20.510133659195215,"[0.4744564890861511, 1.0]",2.1454333807022183,True
49,3,12.789973258972168,0.3786293566226959,0.1211637095864635,20.434537558478173,"[0.49776050448417664, 1.0]",2.1302902655097338,True
49,4,14.811535835266113,0.669928252696991,0.1773160616966205,20.377141573022758,"[0.386131227016449, 1.0]",2.113259713372548,True
49,5,16.81491470336914,1.040765643119812,0.2314703771989457,20.353547949781504,"[0.2342296540737152, 1.0]",2.094969833877044,True
49,6,18.800254821777344,1.495439052581787,0.2841961730925524,20.406267208792464,"[0.07119929790496826, 1.0]",2.077168320847769,True
49,7,20.77468490600586,2.013948440551758,0.32371362208574794,20.458359992812284,"[-0.16662991046905518, 1.0]",2.066492704196171,True
49,8,22.753047943115234,2.528569221496582,0.3133882802234016,20.428025631861278,"[-0.402788370847702, 1.0]",2.0702891524527507,True
49,9,24.73534393310547,3.022268772125244,0.25566106780262565,20.429968917695543,"[-0.4800949692726135, 1.0]",2.0742308501198643,True
49,10,26.73265266418457,3.446042776107788,0.18960335433402786,20.362435554874832,"[-0.49360474944114685, 1.0]",2.0889396910760385,True
49,11,28.738372802734375,3.7849442958831787,0.12571385346691777,20.25508940582307,"[-0.45811814069747925, 1.0]",2.0968680408760085,True
49,12,30.745832443237305,4.037158966064453,0.06324195324805704,20.139427620226492,"[-0.3966957628726959, 1.0]",2.098087064793949,True
49,13,32.75089645385742,4.202794075012207,0.001487375468808949,20.033333624423694,"[-0.3092441260814667, 1.0]",2.095214011930024,True
49,14,34.75124740600586,4.281213760375977,-0.059774517508774494,19.95456671933946,"[-0.19091284275054932, 1.0]",2.090146502385465,True
49,15,36.74637222290039,4.271831512451172,-0.12077342332871233,19.927016773014483,"[-0.04764029383659363, 1.0]",2.0847963923730966,True
49,16,38.73953628540039,4.177989959716797,-0.17873818971872257,20.01950631598971,"[0.08720123767852783, 1.0]",2.0832518409219536,True
49,17,40.73715591430664,4.022633075714111,-0.21933541737589035,20.12190175954602,"[0.19842562079429626, 1.0]",2.0881681868242072,True
49,18,42.74256134033203,3.8523213863372803,-0.2165651972099898,20.17191302354793,"[0.2637613117694855, 1.0]",2.0961790346313562,True
49,19,44.755859375,3.684882640838623,-0.1603278902610592,20.326741215091825,"[0.2265189290046692, 1.0]",2.104768370135882,True
49,20,46.78578186035156,3.546067714691162,-0.0681751928513199,20.399365297625806,"[0.2648167610168457, 1.0]",2.1217196291908786,True
49,21,48.82495880126953,3.488408088684082,0.023385217531985525,20.387347753464446,"[0.2037382423877716, 1.0]",2.1309200058085587,True
49,22,50.86453628540039,3.5207676887512207,0.11363495318480865,20.404983582233164,"[0.05198979377746582, 1.0]",2.1302705808342166,True
49,23,52.895484924316406,3.6413183212280273,0.20291902662636918,20.14481307791408,"[0.5665847063064575, 1.0]",2.124202290335961,True
49,24,54.89338302612305,3.8398845195770264,0.28954286845505006,19.809396817676717,"[0.6463617086410522, 1.0]",2.0853489013647555,True
49,25,56.84786605834961,4.111644268035889,0.3742210047913179,19.42525847646973,"[0.6568830013275146, 1.0]",2.0286334196727953,True
49,26,58.75154113769531,4.452956199645996,0.45728033865898254,19.001339793796195,"[0.6677467226982117, 1.0]",1.9593813249809855,True
49,27,60.5983772277832,4.858917236328125,0.5383697322683147,18.5422480316128,"[0.6930415034294128, 1.0]",1.8810370088624366,True
49,28,62.38315200805664,5.323553085327148,0.6168291877221659,18.04523522977172,"[0.7261285781860352, 1.0]",1.7961659435577686,True
49,29,64.100830078125,5.8405842781066895,0.6922717477141482,17.51089482199505,"[0.765937089920044, 1.0]",1.9441878222101665,True
49,30,65.74696350097656,6.403264999389648,0.764376501332908,16.940987671060363,"[0.813324511051178, 1.0]",1.8392144166625322,True
49,31,67.31787109375,7.004635334014893,0.8328556274436334,16.34190503136871,"[0.8467557430267334, 1.0]",1.7334321605511718,True
49,32,68.8106689453125,7.637828350067139,0.8974057254191372,15.712452088183404,"[0.9116747379302979, 1.0]",1.628616816498881,True
49,33,70.22328186035156,8.295531272888184,0.9574924319866955,15.063148470734172,"[0.9430958032608032, 1.0]",1.5257585261707147,True
49,34,71.55440521240234,8.971572875976562,1.012819170869415,14.397722462938365,"[0.9746315479278564, 0.996657133102417]",1.4264780782068318,True
49,35,72.80327606201172,9.660318374633789,1.063075550642246,13.721358455148044,"[0.9930927157402039, 0.9901648163795471]",1.3315535087603831,True
49,36,73.96944427490234,10.357015609741211,1.1080985858464754,13.03888712158118,"[1.0, 0.9898760318756104]",0.9405333942953743,True
49,37,75.05268096923828,11.057775497436523,1.1478427031379503,12.354975872518764,"[0.9990072250366211, 0.9920076727867126]",0.8768312512341784,True
49,38,76.05290222167969,11.759397506713867,1.182300645402699,11.673044109348535,"[1.0, 0.9873125553131104]",0.8173682686097409,True
49,39,76.97016143798828,12.45910358428955,1.2114480447167484,10.997025769188951,"[1.0, 0.9818236827850342]",0.7620830644104339,True
49,40,77.80455780029297,13.154603004455566,1.2352769781758548,10.331631875152794,"[1.0, 0.9750925302505493]",0.7108923314258663,True
49,41,78.55622863769531,13.844087600708008,1.2537834510383838,9.682825864824936,"[1.0, 0.9767892360687256]",0.6637067556749984,True
49,42,79.225341796875,14.526261329650879,1.266967496593848,9.057868224904407,"[1.0, 0.9732186794281006]",0.6204639311720869,True
49,43,79.81204986572266,15.200345993041992,1.274822357070983,8.466248813365432,"[1.0, 0.9679467678070068]",0.5811195767102786,True
49,44,80.31647491455078,15.86616039276123,1.2773348831119042,7.921066066773418,"[1.0, 0.9681346416473389]",0.5457158141972897,True
49,45,80.73880767822266,16.524276733398438,1.2744882968017457,7.441689597545522,"[1.0, 0.9714255332946777]",0.514471007960771,True
49,46,81.07942199707031,17.176498413085938,1.2662745753677234,7.067192029291643,"[1.0, 0.9681315422058105]",0.4880341159755222,True
49,47,81.34184265136719,17.82737922668457,1.254174636113003,6.853660046380745,"[1.0, 0.9652984142303467]",0.46863019439784276,True
49,48,81.54977416992188,18.476943969726562,1.2528996144516134,6.693113111715429,"[1.0, 0.9625614881515503]",0.45620659423643234,True
49,49,81.71696472167969,19.12177085876465,1.2731882081365962,6.5430636640293995,"[1.0, 0.9609746336936951]",-5.0,False
50,0,6.68746280670166,3.503739356994629,0.0020744693311174345,21.287801771239298,"[0.03267344832420349, 1.0]",1.783257914672237,True
50,1,8.818869590759277,3.5125060081481934,0.004653075056586076,21.464166604361374,"[-0.11936715245246887, 1.0]",2.2279955337772432,True
50,2,10.967458724975586,3.4610185623168945,-0.02802031625121426,21.610403060464133,"[-0.16000214219093323, 1.0]",2.245835947988397,True
50,3,13.13060474395752,3.3325514793395996,-0.07236194840103316,21.87368087723875,"[-0.04548421502113342, 1.0]",2.261577582929508,True
50,4,15.313311576843262,3.1538009643554688,-0.09816331883199325,22.052790251562985,"[0.08110508322715759, 1.0]",2.2819443890177755,True
50,5,17.514892578125,2.98229718208313,-0.08224800184157122,22.215674348908955,"[0.1411665380001068, 1.0]",2.3015515358518286,True
50,6,19.736286163330078,2.859602689743042,-0.04722410455566717,22.373276396289352,"[0.13911885023117065, 1.0]",2.32207332898838,True
50,7,21.970970153808594,2.8128697872161865,-0.0069978552383469506,22.31167464065593,"[0.12703168392181396, 1.0]",2.3350865263614673,True
50,8,24.20069122314453,2.8513271808624268,0.03588369884383624,22.260270610458743,"[0.07606127858161926, 1.0]",2.329892287083002,True
50,9,26.423620223999023,2.957338333129883,0.07086858081977176,22.226788921930062,"[-0.01575895957648754, 1.0]",2.3229495510031777,True
50,10,28.64126205444336,3.0823404788970947,0.0725628839052801,22.158207053991195,"[-0.1392803192138672, 1.0]",2.317353762187296,True
50,11,30.85847282409668,3.172781467437744,0.03798959347581654,22.281804511210733,"[-0.20349398255348206, 1.0]",2.317478889953769,True
50,12,33.08436584472656,3.189771890640259,-0.005781056936289275,22.212163369434794,"[-0.15871542692184448, 1.0]",2.3258477557923394,True
50,13,35.31060028076172,3.1235172748565674,-0.0493379886709171,22.44427699340947,"[-0.053568243980407715, 1.0]",2.327233682505499,True
50,14,37.54953384399414,2.995640277862549,-0.07771516850820159,22.400644398141548,"[0.05947872996330261, 1.0]",2.339736463024059,True
50,15,39.78500747680664,2.87542986869812,-0.06137001731784064,22.336852013728233,"[0.12614458799362183, 1.0]",2.335989466874277,True
50,16,42.01639938354492,2.8104963302612305,-0.0202911569775317,22.274728449935086,"[0.12317422032356262, 1.0]",2.331628184762989,True
50,17,44.242591857910156,2.8299551010131836,0.027850273415612747,22.220959056107834,"[0.08852088451385498, 1.0]",2.3261867901177196,True
50,18,46.46839141845703,2.9244484901428223,0.07044274136146811,22.449492517035367,"[0.00502711720764637, 1.0]",2.3268222768735343,True
50,19,48.706912994384766,3.059518814086914,0.08584606563232278,22.387756037983817,"[-0.13530227541923523, 1.0]",2.3392664780986614,True
50,20,50.94050979614258,3.1801798343658447,0.05723079919358476,22.29705386197654,"[-0.22350314259529114, 1.0]",2.333933544136707,True
50,21,53.16777801513672,3.2357804775238037,0.012072641853547061,22.212129824298746,"[-0.1928909420967102, 1.0]",2.327222803203485,True
50,22,55.39271926879883,3.203854560852051,-0.03798639768250922,22.354026340658425,"[-0.09134718775749207, 1.0]",2.3255343721950723,True
50,23,57.62455368041992,3.1038217544555664,-0.0771800062871506,22.31782923875557,"[0.04107967019081116, 1.0]",2.3322646431954936,True
50,24,59.85219955444336,2.9917728900909424,-0.07653818446444127,22.254293244972413,"[0.12865397334098816, 1.0]",2.3277901936258134,True
50,25,62.07478713989258,2.9097301959991455,-0.03597544474338932,22.191830934301667,"[0.13506802916526794, 1.0]",2.3224508246535764,True
50,26,64.297119140625,2.903830051422119,0.0153970658422935,22.3069297189578,"[0.13733351230621338, 1.0]",2.322713184467732,True
50,27,66.52523040771484,2.9792990684509277,0.06292250707530211,22.26672169527048,"[0.025152059271931648, 1.0]",2.328311514718561,True
50,28,68.74711608886719,3.1045501232147217,0.08931589821658648,22.206779486546946,"[-0.1465229094028473, 1.0]",2.321816188841805,True
50,29,70.96792602539062,3.218060255050659,0.067856945101056,22.336793837446574,"[-0.19240126013755798, 1.0]",2.321325508791947,True
50,30,73.19817352294922,3.281700849533081,0.01991245547052234,22.257937974983207,"[-0.19488412141799927, 1.0]",2.330408218446018,True
50,31,75.42274475097656,3.261664867401123,-0.030543528226010253,22.202230099283543,"[-0.09777659177780151, 1.0]",2.32448126347412,True
50,32,77.64651489257812,3.1712732315063477,-0.07286222321180524,22.419002924212247,"[0.013759942725300789, 1.0]",2.3246556547605177,True
50,33,79.88294219970703,3.0498127937316895,-0.0833818426756725,22.362592526085866,"[0.10511136054992676, 1.0]",2.3370589734962928,True
50,34,82.11549377441406,2.945469856262207,-0.04971229596212723,22.301470802305165,"[0.1301499605178833, 1.0]",2.3329081933174045,True
50,35,84.3438949584961,2.90929913520813,-0.0014377075144791363,22.23447725696018,"[0.14111363887786865, 1.0]",2.328456331738352,True
50,36,86.5664291381836,2.949723482131958,0.04359248493518031,22.197802363817594,"[0.02137083001434803, 1.0]",2.3224242903246792,True
50,37,88.79005432128906,3.0408291816711426,0.06975018631999319,22.44359043607566,"[-0.026883212849497795, 1.0]",2.324621340067809,True
50,38,91.02880859375,3.1560475826263428,0.06324741272829204,22.381509065780584,"[-0.13533681631088257, 1.0]",2.33947106325695,True
50,39,93.26435089111328,3.2333827018737793,0.028850556721046416,22.320608885838652,"[-0.1252264380455017, 1.0]",2.3359850373495554,True
50,40,95.4955825805664,3.2401692867279053,-0.012050670774554462,22.276690503534734,"[-0.05220922827720642, 1.0]",2.3314767967190315,True
50,41,97.72198486328125,3.1928229331970215,-0.03871703592757214,22.23702592262192,"[0.03490129113197327, 1.0]",2.3264688993666423,True
50,42,99.94403076171875,3.1457722187042236,-0.027751736455279286,22.18231563137546,"[0.08228418231010437, 1.0]",2.3218663187786897,True
50,43,102.16976928710938,3.1416099071502686,0.004273840917359273,22.484788278196678,"[0.04766792058944702, 1.0]",2.32692007264251,True
50,44,104.41576385498047,3.176389217376709,0.02344327444374983,22.441197064920466,"[-0.03897109627723694, 1.0]",2.3469799546632357,True
50,45,106.65872192382812,3.193859577178955,0.008538893403120973,22.388777717526594,"[-0.07523620128631592, 1.0]",2.343707568576526,True
50,46,108.89666748046875,3.1625866889953613,-0.02091806509813665,22.349523148273985,"[-0.036802977323532104, 1.0]",2.338518410807858,True
50,47,111.12979125976562,3.099024534225464,-0.03514826690881101,22.306235723129777,"[0.03347572684288025, 1.0]",2.333501840050959,True
50,48,113.35894012451172,3.050656318664551,-0.02164817071098124,22.26167561360708,"[0.04732653498649597, 1.0]",2.3293264050073255,True
50,49,115.58430480957031,3.0401387214660645,0.0010574081108156719,22.222273992786832,"[0.03266727924346924, 1.0]",2.3253649180261347,True
50,50,117.8056640625,3.066251039505005,0.017662616981623636,22.18580111199518,"[0.007574977353215218, 1.0]",10.0,True
51,0,6.655699729919434,6.9962592124938965,-0.002058090890413311,20.752522921532613,"[-0.3312658965587616, 1.0]",1.7490860830663304,True
51,1,8.7252836227417,6.9575114250183105,-0.020858543447772604,20.504519195964793,"[-0.8181849718093872, 0.7181906700134277]",2.161854229204107,True
51,2,10.765199661254883,6.84689474105835,-0.05941179496830529,20.15594917872434,"[-0.8864905834197998, 0.5866297483444214]",2.1306178098174433,True
51,3,12.769102096557617,6.65371561050415,-0.10896523337140973,20.020312301607216,"[-0.6677242517471313, 1.0]",2.0939938406599667,True
51,4,14.751581192016602,6.384166717529297,-0.1597872685597732,19.947413024737333,"[-0.5029121041297913, 1.0]",2.0722424540703024,True
51,5,16.71491050720215,6.036537170410156,-0.2074137767561508,19.90053322682344,"[-0.3847632110118866, 1.0]",2.0528817147062526,True
51,6,18.658348083496094,5.606855392456055,-0.2524034891572411,19.91160401487796,"[-0.22556254267692566, 1.0]",2.033039794360896,True
51,7,20.588035583496094,5.096752166748047,-0.29244531456907286,20.120027072763154,"[-0.01848810724914074, 1.0]",2.020227621827434,True
51,8,22.520112991333008,4.5307440757751465,-0.31079555974415474,20.23153781710358,"[0.15189135074615479, 1.0]",2.0231193280138804,True
51,9,24.466623306274414,3.9725537300109863,-0.2851818090119904,20.332995283947486,"[0.23794856667518616, 1.0]",2.03800879371917,True
51,10,26.43751335144043,3.4688642024993896,-0.2422503206593678,20.381274430168073,"[0.3075719177722931, 1.0]",2.062605780101772,True
51,11,28.43046760559082,3.043294668197632,-0.1951970578876301,20.379768048145056,"[0.3683229982852936, 1.0]",2.0846632103670433,True
51,12,30.439064025878906,2.701685905456543,-0.14807521871782292,20.358594837667557,"[0.3845764696598053, 1.0]",2.10021009705759,True
51,13,32.4579963684082,2.4447624683380127,-0.10217723522696076,20.331274598703647,"[0.37238267064094543, 1.0]",2.110423078223463,True
51,14,34.48340606689453,2.2737679481506348,-0.05762627861546221,20.310460092912976,"[0.3424539566040039, 1.0]",2.1168067689044365,True
51,15,36.512535095214844,2.1895785331726074,-0.01425763236990285,20.306403734299646,"[0.30009472370147705, 1.0]",2.120507845124661,True
51,16,38.54352569580078,2.192797899246216,0.0280947516036818,20.32871362757519,"[0.24767076969146729, 1.0]",2.122469811910026,True
51,17,40.57548904418945,2.2838683128356934,0.06948786495262027,20.38931556477961,"[0.18546614050865173, 1.0]",2.12371526843018,True
51,18,42.609031677246094,2.4633116722106934,0.10986524866180147,20.51500829714928,"[0.10954484343528748, 1.0]",2.1258601703938123,True
51,19,44.650150299072266,2.718322277069092,0.14204595516793805,20.776304170791356,"[0.0059788841754198074, 1.0]",2.134611990594733,True
51,20,46.70998001098633,3.0068230628967285,0.14683751460120842,20.92415332180623,"[-0.1339166760444641, 1.0]",2.1539884018621906,True
51,21,48.787967681884766,3.2649929523468018,0.12134653559529696,21.016164933133794,"[-0.24587976932525635, 1.0]",2.1725604130975396,True
51,22,50.88179016113281,3.457606792449951,0.08337212213769352,21.071375260801037,"[-0.2864549458026886, 1.0]",2.20821593361596,True
51,23,52.97786331176758,3.572842597961426,0.04233334237179065,20.748468301281054,"[-1.0, 0.04741036519408226]",2.1257475264423493,True
51,24,55.039730072021484,3.614656925201416,0.006142181580104378,20.17062136289809,"[-1.0, -0.2953943908214569]",1.9612240458495025,True
51,25,57.04348373413086,3.5866646766662598,-0.027482624027127756,19.520196790906144,"[-1.0, -0.35728392004966736]",2.191406583375456,True
51,26,58.97911834716797,3.4900689125061035,-0.061910239544962664,18.829686469395153,"[-1.0, -0.3853890001773834]",1.9377720559304692,True
51,27,60.84095001220703,3.32723331451416,-0.09795026594478706,18.138729703602774,"[-1.0, -0.40550413727760315]",1.7070652652688527,True
51,28,62.626792907714844,3.102982759475708,-0.13462172783907,17.44292674788051,"[-1.0, -0.418089896440506]",1.5066355723309732,True
51,29,64.33358764648438,2.8214385509490967,-0.17155378004601562,16.726263929393863,"[-1.0, -0.4337538480758667]",1.335538901459342,True
51,30,65.95738983154297,2.4864389896392822,-0.20930302323345273,15.998506133202826,"[-1.0, -0.434492826461792]",1.190585961891017,True
51,31,67.49503326416016,2.1018564701080322,-0.24848478077124359,15.260578527237435,"[-1.0, -0.43546774983406067]",1.0685370529150167,True
51,32,68.94353485107422,1.671674132347107,-0.2895892074580173,14.515733929051684,"[-1.0, -0.43882715702056885]",0.9656320047147686,True
51,33,70.3004150390625,1.200099229812622,-0.3329228331352416,13.768886012679125,"[-1.0, -0.443116694688797]",0.8785406355498374,True
51,34,71.56377410888672,0.6915766596794128,-0.37853732312806443,13.023995126101484,"[-1.0, -0.44266337156295776]",0.804389654284595,True
51,35,72.73196411132812,0.15075603127479553,-0.4263562447132001,12.276819599648693,"[-1.0, -0.4468657672405243]",0.7406479023793267,True
51,36,73.80325317382812,-0.4172784090042114,-0.47645416640117055,11.528500834385422,"[-1.0, -0.44631892442703247]",0.6850424465698359,True
51,37,74.77618408203125,-1.0071481466293335,-0.529029094219025,10.782138055791586,"[-1.0, -0.4422343075275421]",0.6359066521466537,True
51,38,75.64964294433594,-1.6130503416061401,-0.5844091296130589,10.032568875015686,"[-1.0, -0.4460497796535492]",0.5917630165409516,True
51,39,76.4225845336914,-2.2284858226776123,-0.6428581918473011,9.280485915612324,"[-1.0, -0.44906145334243774]",0.5511759760564362,True
51,40,77.09442138671875,-2.8465709686279297,-0.7047107739546643,8.532599705981697,"[-1.0, -0.4434352517127991]",0.5131860778247751,True
51,41,77.66517639160156,-3.4599595069885254,-0.7703361232202877,7.774829515441645,"[-1.0, -0.45576950907707214]",0.4768235129676951,True
51,42,78.13502502441406,-4.060217380523682,-0.8400635395129594,7.024760307847945,"[-1.0, -0.44442838430404663]",0.44090746478192416,True
51,43,78.50546264648438,-4.639018535614014,-0.9144866414396606,6.273727522632565,"[-1.0, -0.4434668719768524]",-5.0,False
52,0,6.7778472900390625,6.996255874633789,-0.0020530308843422773,22.278225503255918,"[-0.3312658965587616, 1.0]",1.8780993048037142,True
52,1,8.996740341186523,6.957458019256592,-0.020559204141248344,21.887702988297644,"[-0.8442150354385376, 0.671184241771698]",2.3173877145948003,True
52,2,11.17471694946289,6.8462982177734375,-0.05822029669660367,21.495385754548995,"[-0.91883784532547, 0.5227354168891907]",2.2747058441718377,True
52,3,13.312228202819824,6.651675701141357,-0.10726826712481152,21.32391439531193,"[-0.7020538449287415, 0.9474765062332153]",2.2334688681358372,True
52,4,15.425616264343262,6.380978584289551,-0.1575897611862942,21.22736126570173,"[-0.5262292623519897, 1.0]",2.2089111872190954,True
52,5,17.51821517944336,6.032968521118164,-0.2044458168793124,21.15327336418732,"[-0.406524658203125, 1.0]",2.187788645238941,True
52,6,19.58909797668457,5.603516101837158,-0.24830035686575513,21.128983855061094,"[-0.25020790100097656, 1.0]",2.1659632245889857,True
52,7,21.641281127929688,5.088557243347168,-0.2906115950004988,21.250945043128034,"[-0.041078537702560425, 1.0]",2.1478124039391933,True
52,8,23.686349868774414,4.507636070251465,-0.3196685467060263,21.319055632125934,"[0.14806857705116272, 1.0]",2.1410044911892934,True
52,9,25.739158630371094,3.929163694381714,-0.2993148054428776,21.389198961025844,"[0.27272140979766846, 1.0]",2.149060156921296,True
52,10,27.810028076171875,3.3906683921813965,-0.2485534903273674,21.42573522960048,"[0.335632860660553, 1.0]",2.1672852543339833,True
52,11,29.901826858520508,2.9311439990997314,-0.1951082414652765,21.384628801432328,"[0.4128640592098236, 1.0]",2.1880296119550784,True
52,12,32.0057258605957,2.5574162006378174,-0.14298751577133562,21.306067269408334,"[0.424908310174942, 1.0]",2.199776304787533,True
52,13,34.11478042602539,2.268906354904175,-0.09196467823677956,21.21221652040156,"[0.40765514969825745, 1.0]",2.2045095397714944,True
52,14,36.224334716796875,2.066542387008667,-0.04202095357592395,21.114803880575018,"[0.3746655285358429, 1.0]",2.204570908234072,True
52,15,38.33077621459961,1.9510526657104492,0.006985072065114117,21.02263652173704,"[0.3292868137359619, 1.0]",2.201043362150551,True
52,16,40.43123245239258,1.9228272438049316,0.055269247892686835,20.943301084569814,"[0.27318888902664185, 1.0]",2.194701092673533,True
52,17,42.523529052734375,1.9820494651794434,0.10296792775460517,20.884243237878106,"[0.20649534463882446, 1.0]",2.1862756949122484,True
52,18,44.60625457763672,2.1288275718688965,0.1501347743468351,20.856112621424995,"[0.1257234513759613, 1.0]",2.176578031698756,True
52,19,46.67961120605469,2.3634796142578125,0.19677724452042877,20.895517149479918,"[0.018607141450047493, 1.0]",2.1673864555906284,True
52,20,48.74962615966797,2.6637637615203857,0.23046476757133139,21.016713480149342,"[-0.13692030310630798, 1.0]",2.164590164273953,True
52,21,50.8275260925293,2.9717416763305664,0.21869612555621742,21.01376269426244,"[-0.3059673011302948, 1.0]",2.2832568989312056,True
52,22,52.897220611572266,3.26538348197937,0.15835342262887409,20.573094511514903,"[-1.0, -0.11577075719833374]",2.135396827874418,True
52,23,54.93045425415039,3.4943037033081055,0.0904024679413391,20.048793481977366,"[-1.0, -0.33306050300598145]",1.9164446148237229,True
52,24,56.91888427734375,3.646296739578247,0.02442558141182527,19.527558230536165,"[-1.0, -0.375344842672348]",2.1098590557902033,True
52,25,58.85987854003906,3.7228102684020996,-0.03951212267101489,19.023971316820646,"[-1.0, -0.39396336674690247]",1.8545228245750431,True
52,26,60.75215148925781,3.7278242111206055,-0.09963897639200603,18.522325697949945,"[-1.0, -0.4078484773635864]",1.6326987962695652,True
52,27,62.59296798706055,3.664271354675293,-0.15490209901418606,18.010116098406222,"[-1.0, -0.4172971248626709]",1.4441778471862088,True
52,28,64.37871551513672,3.5345396995544434,-0.20494036589373898,17.487064599933632,"[-1.0, -0.43186482787132263]",1.285883922780923,True
52,29,66.10601043701172,3.341665744781494,-0.2501316795893489,16.95785222173757,"[-1.0, -0.4329157769680023]",1.1535186415382572,True
52,30,67.7718734741211,3.0885214805603027,-0.29072904040457104,16.42276348920017,"[-1.0, -0.4356619715690613]",1.0430942286852434,True
52,31,69.37338256835938,2.777783155441284,-0.32678970630284354,15.883059838980317,"[-1.0, -0.4376486837863922]",0.9508177744782181,True
52,32,70.90773010253906,2.4121780395507812,-0.3583712015637115,15.338000107875125,"[-1.0, -0.44311851263046265]",0.8733573312698434,True
52,33,72.37200927734375,1.9945814609527588,-0.38556766893171,14.784836838879235,"[-1.0, -0.4449101984500885]",0.8078394304212136,True
52,34,73.76290893554688,1.5281270742416382,-0.40858337286244684,14.212624838671223,"[-1.0, -0.4465850293636322]",0.7517733863867598,True
52,35,75.07588195800781,1.0168014764785767,-0.4278625286257487,13.591222449229067,"[-1.0, -0.4469347894191742]",0.702559459431997,True
52,36,76.30326843261719,0.46743446588516235,-0.4446484329765177,12.854233401427775,"[-1.0, -0.4506882429122925]",0.6564664440407313,True
52,37,77.43560028076172,-0.10608500242233276,-0.46544665582560096,12.047599652991266,"[-1.0, -0.4484409689903259]",0.6089630421553188,True
52,38,78.46922302246094,-0.6925328969955444,-0.4991537531105159,11.240743981271024,"[-1.0, -0.4450884163379669]",0.5627919052251726,True
52,39,79.40289306640625,-1.2897872924804688,-0.5454449523363278,10.468616017670078,"[-1.0, -0.4439772963523865]",0.5227132240402994,True
52,40,80.23725891113281,-1.8963786363601685,-0.5999578624794317,9.714619359718872,"[-1.0, -0.4503197968006134]",-5.0,False
53,0,6.583421230316162,3.5037291049957275,0.0020747356472261558,19.98514727149545,"[0.03267344832420349, 1.0]",1.6733543930378916,True
53,1,8.584792137145996,3.511392831802368,0.0042942140996977685,20.1759114090722,"[-0.10884696245193481, 1.0]",2.092162508170659,True
53,2,10.604881286621094,3.458632707595825,-0.02879210033511903,20.344678004427042,"[-0.14503738284111023, 1.0]",2.111640200495019,True
53,3,12.641515731811523,3.334534168243408,-0.07122810756693188,20.619488466611095,"[-0.033385515213012695, 1.0]",2.1294221432901796,True
53,4,14.700239181518555,3.1727099418640137,-0.0896117754136947,20.813552172113194,"[0.08135125041007996, 1.0]",2.1523844344815406,True
53,5,16.77979850769043,3.026669502258301,-0.07197272740771865,20.99204356972698,"[0.11991029977798462, 1.0]",2.1740235222356463,True
53,6,18.880496978759766,2.93292236328125,-0.037589453522032024,21.17181479485014,"[0.1191675066947937, 1.0]",2.1959716376461618,True
53,7,21.00125503540039,2.914273262023926,0.0028969866337877903,21.351505492672366,"[0.10056975483894348, 1.0]",2.2168398313576505,True
53,8,23.141250610351562,2.9728777408599854,0.04264000537131274,21.618861767549745,"[0.04199063777923584, 1.0]",2.2372804529051455,True
53,9,25.303966522216797,3.0835464000701904,0.0635002798737947,21.851032184982806,"[-0.058881938457489014, 1.0]",2.261045556697657,True
53,10,27.489229202270508,3.1803390979766846,0.045431797142043706,21.995891186221865,"[-0.1604386866092682, 1.0]",2.2842441903917092,True
53,11,29.691116333007812,3.2202506065368652,0.009881259750575744,22.12593532102343,"[-0.16726559400558472, 1.0]",2.30145383968191,True
53,12,31.90697479248047,3.180851936340332,-0.03184900979236627,22.294266946476277,"[-0.09639915823936462, 1.0]",2.3161826607317995,True
53,13,34.13245391845703,3.075201988220215,-0.06500416694136213,22.259397409546562,"[0.011282535269856453, 1.0]",2.325646414319522,True
53,14,36.353797912597656,2.9527032375335693,-0.06439603410644246,22.20286392210037,"[0.09138211607933044, 1.0]",2.3212568817900765,True
53,15,38.57857131958008,2.871290922164917,-0.031829701874463545,22.43993558980337,"[0.08745795488357544, 1.0]",2.325753117136537,True
53,16,40.820343017578125,2.8648834228515625,0.010284462339614109,22.38996606791203,"[0.07869294285774231, 1.0]",2.342526545303651,True
53,17,43.05694580078125,2.942556142807007,0.052870405540797805,22.342381603746144,"[0.0626714825630188, 1.0]",2.3371435004199825,True
53,18,45.286048889160156,3.084855794906616,0.08544019988219453,22.308262453347645,"[-0.01792391948401928, 1.0]",2.3294902694189705,True
53,19,47.509403228759766,3.243617296218872,0.08420502576861644,22.228660915225774,"[-0.17252841591835022, 1.0]",2.3233833137181255,True
53,20,49.7266960144043,3.3629062175750732,0.04965370641814637,22.120014904488794,"[-0.26410141587257385, 1.0]",2.3168328527147306,True
53,21,51.94009780883789,3.405647039413452,0.004599678676730612,22.179710847236155,"[-0.23714801669120789, 1.0]",2.3132104932461566,True
53,22,54.160484313964844,3.360664129257202,-0.04229312863933021,22.30595583388427,"[-0.10440406203269958, 1.0]",2.3207633063794324,True
53,23,56.38691329956055,3.250697135925293,-0.07518876074009828,22.262251688069128,"[0.0743248462677002, 1.0]",2.3266091181920143,True
53,24,58.60939407348633,3.1486704349517822,-0.06064297434024901,22.196131663002202,"[0.1340545415878296, 1.0]",2.322363366409291,True
53,25,60.834312438964844,3.0960617065429688,-0.01616472202650865,22.413158514221102,"[0.09598314762115479, 1.0]",2.325777578792511,True
53,26,63.07362747192383,3.122805118560791,0.03112662734668259,22.369305298009603,"[0.05296251177787781, 1.0]",2.3399769068000276,True
53,27,65.30819702148438,3.207087516784668,0.06092580204801479,22.328026251130883,"[-0.05766904354095459, 1.0]",2.3350456676906357,True
53,28,67.5384521484375,3.293358087539673,0.051315518938355176,22.285287246382484,"[-0.04954102635383606, 1.0]",2.330538919561846,True
53,29,69.76469421386719,3.3550398349761963,0.023077222951918053,22.222436892460596,"[-0.12358266115188599, 1.0]",2.32624303144576,True
53,30,71.98519897460938,3.3445627689361572,-0.01642784234220862,22.14516257641089,"[-0.17416462302207947, 1.0]",2.3201579923360365,True
53,31,74.20042419433594,3.249959945678711,-0.06063605012141515,22.248514443092336,"[-0.14914661645889282, 1.0]",2.315343534720478,True
53,32,76.41597747802734,3.067533016204834,-0.10453253489502679,22.194772137414354,"[-0.09423258900642395, 1.0]",2.315429758309771,True
53,33,78.6233901977539,2.8225457668304443,-0.13475754905466353,22.256285774412067,"[0.1833922564983368, 1.0]",2.3075660057114167,True
53,34,80.83356475830078,2.5872139930725098,-0.11815273965801953,22.14734589789393,"[0.2689410448074341, 1.0]",2.3098376170873975,True
53,35,83.04216766357422,2.403796434402466,-0.0751044716915974,22.181569435440615,"[0.3382665514945984, 1.0]",2.3084199677329202,True
53,36,85.25958251953125,2.3025619983673096,-0.026795128991722983,22.248476405290475,"[0.20384332537651062, 1.0]",2.3175329997808385,True
53,37,87.48181915283203,2.2886404991149902,0.020260131150832805,22.15399181053923,"[0.22523832321166992, 1.0]",2.3219295964482076,True
53,38,89.69664001464844,2.3604824542999268,0.06633841064749202,22.164233293735176,"[0.213349848985672, 1.0]",2.3145599116382147,True
53,39,91.91031646728516,2.519789934158325,0.11271696155705868,22.28693348874654,"[0.050948381423950195, 1.0]",2.313967653336078,True
53,40,94.1259536743164,2.7474615573883057,0.14742767109876986,22.247454132458692,"[-0.053789228200912476, 1.0]",2.315750750627314,True
53,41,96.33586120605469,2.993619203567505,0.14480019636729757,22.18993808167433,"[-0.09677299857139587, 1.0]",2.309762253105816,True
53,42,98.546630859375,3.2183921337127686,0.10242544184055635,22.30644027406074,"[-0.21015474200248718, 1.0]",2.311148634553586,True
53,43,100.76971435546875,3.370058298110962,0.05065372340747043,22.225757552192487,"[-0.19217410683631897, 1.0]",2.323099405078616,True
53,44,102.99005889892578,3.432906150817871,0.00011145329161976747,22.160857680882163,"[-0.12191316485404968, 1.0]",2.320068403021001,True
53,45,105.21001434326172,3.4084248542785645,-0.05095439429454096,22.30577654522603,"[-0.04512372612953186, 1.0]",2.3203314387894545,True
53,46,107.43730163574219,3.3165676593780518,-0.09099981497384402,22.266301149473048,"[0.0519673228263855, 1.0]",2.3274856476530976,True
53,47,109.65982055664062,3.20367693901062,-0.09502984349340604,22.203235742777593,"[0.13292914628982544, 1.0]",2.3224334817409367,True
53,48,111.88410949707031,3.109866142272949,-0.051210989865570156,22.422750890867096,"[0.12397158145904541, 1.0]",2.3251913194385896,True
53,49,114.12406921386719,3.084031581878662,0.005667872589961043,22.36548809723711,"[0.1228647232055664, 1.0]",2.340604413234442,True
53,50,116.35914611816406,3.140167474746704,0.05710483167402458,22.321775754783335,"[0.034247368574142456, 1.0]",2.3355248951934,True
53,51,118.58773803710938,3.2499279975891113,0.09177692537992943,22.27543336155099,"[-0.09649279713630676, 1.0]",10.0,True
54,0,6.607023239135742,3.503737449645996,0.0020777982824800034,20.275433323110867,"[0.03267344832420349, 1.0]",1.698262689089741,True
54,1,8.637266159057617,3.5116283893585205,0.004365320500803627,20.456617175257644,"[-0.11114400625228882, 1.0]",2.1222976972105343,True
54,2,10.685225486755371,3.4589552879333496,-0.028719795511523927,20.614170872173325,"[-0.14821627736091614, 1.0]",2.140723096622534,True
54,3,12.748632431030273,3.333763599395752,-0.07163477226538717,20.87913149226029,"[-0.03561049699783325, 1.0]",2.1573630359900737,True
54,4,14.832923889160156,3.1683270931243896,-0.09144642708865014,21.065290750311494,"[0.0817619264125824, 1.0]",2.1790852665062848,True
54,5,16.937162399291992,3.0169942378997803,-0.07400884721913847,21.23470097866597,"[0.12418711185455322, 1.0]",2.199794664535833,True
54,6,19.06169319152832,2.9175853729248047,-0.03950666319078078,21.40381244017406,"[0.1232738196849823, 1.0]",2.2208479482171115,True
54,7,21.205265045166016,2.8935914039611816,0.0010124006883938108,21.56796769432192,"[0.10587376356124878, 1.0]",2.240627708262144,True
54,8,23.366744995117188,2.949441432952881,0.04188659709893017,21.818033317583506,"[0.0487552285194397, 1.0]",2.2596610998802977,True
54,9,25.54930877685547,3.0618443489074707,0.0659543828183029,22.052185524465443,"[-0.05183911323547363, 1.0]",2.2817986165983757,True
54,10,27.75426483154297,3.165614128112793,0.04967820750017449,22.19222388060982,"[-0.1607763171195984, 1.0]",2.304821062150244,True
54,11,29.97538185119629,3.2154414653778076,0.014410497816473189,22.313130820739712,"[-0.1757151186466217, 1.0]",2.321526108346649,True
54,12,32.20462417602539,3.186643362045288,-0.0268502564262878,22.257099048021544,"[-0.10828280448913574, 1.0]",2.3293992705451987,True
54,13,34.427677154541016,3.0897505283355713,-0.06177055674578824,22.223625677072892,"[-0.0013310294598340988, 1.0]",2.323059294062453,True
54,14,36.6455078125,2.9679362773895264,-0.06708702522991317,22.167933286263242,"[0.08571082353591919, 1.0]",2.317586357747169,True
54,15,38.86595153808594,2.8804001808166504,-0.036458409007075865,22.382442216984707,"[0.09603938460350037, 1.0]",2.321164715562369,True
54,16,41.10194778442383,2.8643577098846436,0.005049087110680972,22.33078866449314,"[0.09126269817352295, 1.0]",2.3364847953281096,True
54,17,43.33346176147461,2.9252333641052246,0.044216463578585774,22.291692578445428,"[0.0362609326839447, 1.0]",2.3318265936537856,True
54,18,45.5590934753418,3.0328497886657715,0.06409136847773844,22.242250546492482,"[-0.06876933574676514, 1.0]",2.325721841326404,True
54,19,47.77998352050781,3.119849920272827,0.04150003926670465,22.166745102040533,"[-0.16501948237419128, 1.0]",2.320640398125198,True
54,20,49.99988555908203,3.1425211429595947,-0.0003637878049049803,22.289123107295076,"[-0.15361759066581726, 1.0]",2.3202030925570467,True
54,21,52.2263069152832,3.0815963745117188,-0.045535527266501674,22.24221283637911,"[-0.06337401270866394, 1.0]",2.326511313964878,True
54,22,54.44635009765625,2.959580421447754,-0.07641661116067944,22.197513670508048,"[0.07235881686210632, 1.0]",2.319931993890333,True
54,23,56.667171478271484,2.8495936393737793,-0.06081128612114206,22.354479414520362,"[0.1434749960899353, 1.0]",2.321416537980576,True
54,24,58.89965057373047,2.789914131164551,-0.019087141848706857,22.29474935640626,"[0.12700816988945007, 1.0]",2.3328054675628125,True
54,25,61.127784729003906,2.8115224838256836,0.027257054282797455,22.238269946217724,"[0.10616174340248108, 1.0]",2.3282063700314173,True
54,26,63.34786605834961,2.919987201690674,0.0750396237190536,22.18780376217398,"[0.06404784321784973, 1.0]",2.319926446275486,True
54,27,65.56232452392578,3.0907645225524902,0.11154916541905902,22.29172857804529,"[-0.10361328721046448, 1.0]",2.3147712441773756,True
54,28,67.7823257446289,3.2549893856048584,0.09911260260255261,22.183990929696076,"[-0.2714897096157074, 1.0]",2.3198291798867574,True
54,29,69.99866485595703,3.379906177520752,0.05205894035665093,22.216442207245755,"[-0.3576302230358124, 1.0]",2.316313101260731,True
54,30,72.2203369140625,3.4249560832977295,-5.8855860090467615e-05,22.233185450059,"[-0.28881600499153137, 1.0]",2.3217213926307343,True
54,31,74.44110870361328,3.382205009460449,-0.05080059674158832,22.147965861893255,"[-0.18568173050880432, 1.0]",2.320437635929301,True
54,32,76.65485382080078,3.2528188228607178,-0.10118866983032326,22.242702445126618,"[-0.0634211003780365, 1.0]",2.3138372781905696,True
54,33,78.86924743652344,3.0589261054992676,-0.13930529609013753,22.1957551154357,"[0.10149478912353516, 1.0]",2.314274513742117,True
54,34,81.08106994628906,2.869826316833496,-0.12932217042786576,22.23282437109267,"[0.27258333563804626, 1.0]",2.311870219435542,True
54,35,83.29611206054688,2.7082157135009766,-0.0752316376336486,22.15295281293967,"[0.20940744876861572, 1.0]",2.314730401916041,True
54,36,85.51055145263672,2.624551296234131,-0.013484117231289616,22.15947787794935,"[0.26214995980262756, 1.0]",2.3141570425406157,True
54,37,87.72845458984375,2.6290600299835205,0.04870002843178867,22.227589659892896,"[0.08351239562034607, 1.0]",2.317927290676549,True
54,38,89.94734191894531,2.7217328548431396,0.10938108597562568,22.155802063817212,"[0.06491070985794067, 1.0]",2.31858843838874,True
54,39,92.16088104248047,2.8821401596069336,0.15923492894969105,22.30199789263549,"[-0.08766114711761475, 1.0]",2.313898114052016,True
54,40,94.38054656982422,3.072593927383423,0.1763927437466899,22.226701803271236,"[-0.20457151532173157, 1.0]",2.3196856854584706,True
54,41,96.59320068359375,3.254298686981201,0.14078627997233006,22.10290905596143,"[-0.32964134216308594, 1.0]",2.312117204521358,True
54,42,98.79998779296875,3.4011175632476807,0.06488232732149157,22.11129082518025,"[-0.38242605328559875, 1.0]",2.3062879180883114,True
54,43,101.00985717773438,3.466486930847168,-0.014374545141757622,22.080316823663615,"[-0.25523465871810913, 1.0]",2.309230810472111,True
54,44,103.2193603515625,3.442120313644409,-0.09218199218173062,22.118779604579345,"[-0.04660141468048096, 1.0]",2.309037682048732,True
54,45,105.4320068359375,3.348545789718628,-0.1579699274319033,22.240397464238576,"[0.11764517426490784, 1.0]",2.3127282729640735,True
54,46,107.65010833740234,3.2245311737060547,-0.19056155969423827,22.15719410071428,"[0.23930636048316956, 1.0]",2.317808874918058,True
54,47,109.86396789550781,3.108842372894287,-0.17087400817777354,22.194169523841477,"[0.26830676198005676, 1.0]",2.3137333209627555,True
54,48,112.084716796875,3.0040836334228516,-0.09827663633637673,22.36685807478894,"[0.20654070377349854, 1.0]",2.321399762703738,True
54,49,114.31824493408203,2.9471993446350098,-0.00400659270196968,22.286596315287632,"[0.23060494661331177, 1.0]",2.3338178206258258,True
54,50,116.54502868652344,2.9756546020507812,0.08757978350196449,22.192866485455312,"[0.12095135450363159, 1.0]",2.326651651625955,True
54,51,118.76507568359375,3.0847277641296387,0.1744711398621428,22.278085650119028,"[-0.06017881631851196, 1.0]",10.0,True
55,0,6.594979286193848,0.0038102956023067236,0.002104030419216585,20.041621490790252,"[0.15123966336250305, 1.0]",1.6851665829024038,True
55,1,8.598395347595215,0.04450637102127075,0.022253906700919757,20.041538209744306,"[0.4026890695095062, 1.0]",2.0936029833452166,True
55,2,10.597431182861328,0.1652975082397461,0.06618727625563015,19.980663390001364,"[0.4660504460334778, 1.0]",2.0889488205211193,True
55,3,12.582853317260742,0.37712565064430237,0.12207198067623448,19.91646866956728,"[0.4912300705909729, 1.0]",2.075046243412467,True
55,4,14.552370071411133,0.6677016615867615,0.1787067644178597,19.869340124478406,"[0.3808562457561493, 1.0]",2.0589287847105435,True
55,5,16.504417419433594,1.0380018949508667,0.23332473626596784,19.857172843639614,"[0.2298998236656189, 1.0]",2.0414046258188394,True
55,6,18.43929672241211,1.4923911094665527,0.28648529320753013,19.9289238685106,"[0.06860959529876709, 1.0]",2.024559460386813,True
55,7,20.364295959472656,2.0110552310943604,0.3263560105193246,19.983231295714713,"[-0.16826748847961426, 1.0]",2.014923777891263,True
55,8,22.293556213378906,2.5263116359710693,0.316332937440702,19.96406617367484,"[-0.4020712077617645, 1.0]",2.0190985516877866,True
55,9,24.228261947631836,3.019562244415283,0.26013171632454224,19.97336763494504,"[-0.4788368046283722, 1.0]",2.0245858886101824,True
55,10,26.17923927307129,3.442650318145752,0.19608215947591834,19.917119530165913,"[-0.49483174085617065, 1.0]",2.0406043633252,True
55,11,28.140100479125977,3.7810773849487305,0.13418856468776852,19.821985077541207,"[-0.4628819525241852, 1.0]",2.050060138903623,True
55,12,30.104137420654297,4.033150672912598,0.07380631381823832,19.717982929767924,"[-0.40698933601379395, 1.0]",2.052767864712276,True
55,13,32.06711196899414,4.198792457580566,0.014291720831855592,19.623016952980024,"[-0.32615622878074646, 1.0]",2.051278124628254,True
55,14,34.02655029296875,4.2772536277771,-0.044606749836336945,19.553740594270142,"[-0.21836864948272705, 1.0]",2.047430156648825,True
55,15,35.981719970703125,4.2679033279418945,-0.10314356322849605,19.534978128387987,"[-0.08164027333259583, 1.0]",2.043077079312121,True
55,16,37.935890197753906,4.17310094833374,-0.1592250752536577,19.644176465325977,"[0.054821521043777466, 1.0]",2.042569021144748,True
55,17,39.896053314208984,4.015430450439453,-0.19879671957503575,19.766234166321112,"[0.16681599617004395, 1.0]",2.049111170203523,True
55,18,41.86593246459961,3.842618703842163,-0.1947822705478508,19.837720709597956,"[0.23227348923683167, 1.0]",2.059148893583816,True
55,19,43.84640884399414,3.6749308109283447,-0.13609978224406305,20.021722745835454,"[0.20734241604804993, 1.0]",2.070574131750791,True
55,20,45.846343994140625,3.5527212619781494,-0.05138422849447899,20.084094386853863,"[0.2534058690071106, 1.0]",2.0903135748873267,True
55,21,47.854801177978516,3.5149106979370117,0.031364314473972144,20.090077817361248,"[0.18064334988594055, 1.0]",2.0988625340160163,True
55,22,49.866092681884766,3.5654537677764893,0.11199497858553809,20.176870155688036,"[0.020919980481266975, 1.0]",2.102087419606846,True
55,23,51.880558013916016,3.6806304454803467,0.17888612831727624,20.209302365441427,"[-0.2155684232711792, 1.0]",2.116110617175659,True
55,24,53.89104461669922,3.812786340713501,0.20864628770863902,19.974731255490845,"[0.45283666253089905, 1.0]",2.1065175952437087,True
55,25,55.87096405029297,4.023771286010742,0.23406935610675372,19.67681011851837,"[0.6630091667175293, 1.0]",2.062340321661725,True
55,26,57.810367584228516,4.3124918937683105,0.2570528357883006,19.354917165180076,"[0.7845117449760437, 1.0]",2.003347246446331,True
55,27,59.70512390136719,4.673065662384033,0.2774421302520018,19.036494856254564,"[0.8910723924636841, 1.0]",1.9362611636846108,True
55,28,61.55351257324219,5.100813388824463,0.2936025912207665,18.73449232948001,"[0.9554389715194702, 1.0]",1.8651273618118103,True
55,29,63.35509490966797,5.594183444976807,0.3045603006839519,18.48741689578596,"[1.0, 0.9813581705093384]",1.7940097291922361,True
55,30,65.11514282226562,6.14806604385376,0.31340878656379534,18.312798450727648,"[1.0, 0.9690612554550171]",1.9666996104254197,True
55,31,66.84235382080078,6.746236801147461,0.3315658194017921,18.143331292919065,"[1.0, 0.9624953269958496]",1.8889944731254271,True
55,32,68.5361328125,7.386693477630615,0.36082357345351124,17.973518199403095,"[1.0, 0.9586289525032043]",1.8100841045369014,True
55,33,70.1927490234375,8.075024604797363,0.39561803941150586,17.806229783395445,"[1.0, 0.9537274837493896]",1.7345734417376455,True
55,34,71.80874633789062,8.814491271972656,0.4318866981909135,17.6368138502716,"[1.0, 0.9524815678596497]",1.663321703078975,True
55,35,73.38129425048828,9.60524845123291,0.46843798494100497,17.46661588824973,"[1.0, 0.9503729343414307]",1.209645929630159,True
55,36,74.908447265625,10.445813179016113,0.5052041222120396,17.29835547784866,"[1.0, 0.9518647193908691]",1.1619494340109051,True
55,37,76.38865661621094,11.334268569946289,0.5422921690798379,17.13036485179083,"[1.0, 0.9501501321792603]",1.117103976024516,True
55,38,77.8202133178711,12.268776893615723,0.5797521263938652,16.962490378359494,"[1.0, 0.9501129388809204]",1.0751229356723635,True
55,39,79.2013931274414,13.247492790222168,0.6176027028607791,16.794712502592695,"[1.0, 0.9492946863174438]",1.0359824537040954,True
55,40,80.530517578125,14.268495559692383,0.6558453632191812,16.62720034944874,"[1.0, 0.9489969611167908]",0.9995955957076291,True
55,41,81.8060073852539,15.329781532287598,0.6944791753626882,16.460249527799885,"[1.0, 0.9501890540122986]",0.9658484612244065,True
55,42,83.0263442993164,16.429262161254883,0.7335034069220008,16.29348613963175,"[1.0, 0.9484823942184448]",0.9345874461252034,True
55,43,84.19007873535156,17.56475067138672,0.772919456056691,16.12708749378074,"[1.0, 0.9480863809585571]",-5.0,False
56,0,6.705412864685059,3.5037591457366943,0.0020831246046597585,21.494562879131156,"[0.03267344832420349, 1.0]",1.8021383976411487,True
56,1,8.8571195602417,3.5126383304595947,0.004675445609743534,21.64870084100365,"[-0.1211158037185669, 1.0]",2.2491258493411572,True
56,2,11.023719787597656,3.4607083797454834,-0.028247483892197778,21.773060973199094,"[-0.16221684217453003, 1.0]",2.264579001735353,True
56,3,13.2025146484375,3.330911636352539,-0.07317687569459785,22.00772398575393,"[-0.04624062776565552, 1.0]",2.2778296187757365,True
56,4,15.398075103759766,3.150338649749756,-0.10016974439725956,22.16086312487696,"[0.08270621299743652, 1.0]",2.295284339384212,True
56,5,17.609912872314453,2.9764227867126465,-0.08432566696599686,22.303731809530134,"[0.14571541547775269, 1.0]",2.3122045616975733,True
56,6,19.83457374572754,2.8509650230407715,-0.048376853833507205,22.239026813192446,"[0.1427585780620575, 1.0]",2.324736494072452,True
56,7,22.05655288696289,2.8034300804138184,-0.0058730691519519596,22.17361353991,"[0.1311643421649933, 1.0]",2.3217604021649465,True
56,8,24.277456283569336,2.844071388244629,0.04098817970519164,22.32019091402154,"[0.07824072241783142, 1.0]",2.3213442557195423,True
56,9,26.505428314208984,2.9545199871063232,0.07897071580411996,22.285579564874894,"[-0.021963385865092278, 1.0]",2.3282571386815856,True
56,10,28.728469848632812,3.087340831756592,0.08215306014870993,22.213442954915713,"[-0.1575915813446045, 1.0]",2.323002027720949,True
56,11,30.949974060058594,3.191310405731201,0.045711429056501274,22.307540793988867,"[-0.22762653231620789, 1.0]",2.321888144998731,True
56,12,33.178199768066406,3.222334623336792,-0.0009013468709371253,22.228348240224076,"[-0.18516764044761658, 1.0]",2.3282532750888207,True
56,13,35.39927291870117,3.1660618782043457,-0.048043026590866234,22.177004149859478,"[-0.07545360922813416, 1.0]",2.320869669309133,True
56,14,37.61769104003906,3.04595947265625,-0.0842203389448839,22.357925534731,"[0.04817643761634827, 1.0]",2.3190287862441803,True
56,15,39.847389221191406,2.9174325466156006,-0.07821011699679303,22.294099999012552,"[0.13009732961654663, 1.0]",2.3300216311479,True
56,16,42.0736198425293,2.8243064880371094,-0.03777707322082868,22.235857179796653,"[0.11957219243049622, 1.0]",2.3262919786469753,True
56,17,44.29585266113281,2.80911922454834,0.01114692705863618,22.176704975327066,"[0.11185592412948608, 1.0]",2.3220279909924875,True
56,18,46.51736068725586,2.879098892211914,0.060044295727198715,22.361398069677143,"[0.04326251149177551, 1.0]",2.322134317436594,True
56,19,48.748008728027344,3.009660005569458,0.09331343617085075,22.31630693854249,"[-0.0835733711719513, 1.0]",2.331071421994926,True
56,20,50.974185943603516,3.1350858211517334,0.07797176407923079,22.22728541030987,"[-0.21312901377677917, 1.0]",2.3261999999225664,True
56,21,53.193450927734375,3.216270923614502,0.03027667948478374,22.133590674879308,"[-0.23000293970108032, 1.0]",2.318866142167816,True
56,22,55.409278869628906,3.214160680770874,-0.0239378234581773,22.213601605628174,"[-0.13802513480186462, 1.0]",2.315789149119858,True
56,23,57.633758544921875,3.138336181640625,-0.07025671955932555,22.40643034217318,"[0.011315198615193367, 1.0]",2.325308611832748,True
56,24,59.8695182800293,3.0260403156280518,-0.08545950780009726,22.349850281125804,"[0.11861994862556458, 1.0]",2.336334061372488,True
56,25,62.1009407043457,2.9252676963806152,-0.053526208959230104,22.287926519755967,"[0.13046777248382568, 1.0]",2.331718093655308,True
56,26,64.32809448242188,2.88753604888916,-0.002886733463591362,22.225943191750527,"[0.1262563169002533, 1.0]",2.327170522439049,True
56,27,66.5488052368164,2.9384024143218994,0.05094773639181582,22.166364730821293,"[0.09855309128761292, 1.0]",2.320459395683227,True
56,28,68.76634979248047,3.0567219257354736,0.09446525334230937,22.338511398943606,"[-0.04512777924537659, 1.0]",2.318067856959309,True
56,29,70.99329376220703,3.192988634109497,0.099620334264376,22.25214333297963,"[-0.21708521246910095, 1.0]",2.3270786147249707,True
56,30,73.21281433105469,3.3121416568756104,0.0591271030477758,22.134654093921167,"[-0.3132089376449585, 1.0]",2.3191265122703015,True
56,31,75.42659759521484,3.362243175506592,0.005428188091853414,22.144829053974377,"[-0.2946758568286896, 1.0]",2.313434994903041,True
56,32,77.64116668701172,3.3239586353302,-0.04982947505009072,22.1590683151353,"[-0.20343703031539917, 1.0]",2.314284899214984,True
56,33,79.85565948486328,3.1957569122314453,-0.10406009011764716,22.24722766992919,"[-0.05787783861160278, 1.0]",2.3146053223662437,True
56,34,82.07067108154297,3.002990245819092,-0.14473707944946312,22.2016839851865,"[0.1000286340713501, 1.0]",2.314919174613027,True
56,35,84.28313446044922,2.811495304107666,-0.13956309008365686,22.24105182266076,"[0.23039975762367249, 1.0]",2.3125481121082236,True
56,36,86.49819946289062,2.6412296295166016,-0.08592196572339006,22.156494982927263,"[0.22436770796775818, 1.0]",2.314769229864579,True
56,37,88.71248626708984,2.5438833236694336,-0.020758808064949896,22.16252192375312,"[0.25745469331741333, 1.0]",2.3140181528561077,True
56,38,90.92791748046875,2.5342414379119873,0.044632049866692114,22.121606953383445,"[0.2486324906349182, 1.0]",2.3149784446691317,True
56,39,93.14004516601562,2.6129367351531982,0.1089053122468826,22.159728658077704,"[0.046448588371276855, 1.0]",2.311846464508225,True
56,40,95.35273742675781,2.7761428356170654,0.17015175889014333,22.257182390333615,"[-0.037120312452316284, 1.0]",2.3128495814986887,True
56,41,97.56465911865234,3.001002311706543,0.21531018254628975,22.17038218223184,"[-0.2750331461429596, 1.0]",2.3116884117145746,True
56,42,99.76961517333984,3.2180020809173584,0.21114353386280627,22.09792349392379,"[-0.39204317331314087, 1.0]",2.304396710410157,True
56,43,101.9688491821289,3.419060468673706,0.15192002438357033,22.07327471541866,"[-0.43358752131462097, 1.0]",2.2985637450084466,True
56,44,104.17046356201172,3.5768380165100098,0.06032033237418588,22.04443533223714,"[-0.409131795167923, 1.0]",2.3008143388778795,True
56,45,106.37265014648438,3.651489496231079,-0.03012607772513931,21.976425061812314,"[-0.266405314207077, 1.0]",2.301080497250812,True
56,46,108.57022857666016,3.637580156326294,-0.11892998322215931,21.94650024079058,"[-0.06025218963623047, 1.0]",2.296337681259339,True
56,47,110.76583862304688,3.547271728515625,-0.20040686677009756,22.024583370168344,"[0.1282229721546173, 1.0]",2.294720671552476,True
56,48,112.9648208618164,3.4033000469207764,-0.26102214423500936,22.095025642174644,"[0.24694013595581055, 1.0]",2.298409854159317,True
56,49,115.1676254272461,3.2357685565948486,-0.2824175809585432,22.122296798151464,"[0.33488330245018005, 1.0]",2.3023549010213693,True
56,50,117.37507629394531,3.072831392288208,-0.25138962373024754,22.17057135346031,"[0.3352801501750946, 1.0]",2.30721843778979,True
56,51,119.5864028930664,2.9191746711730957,-0.16691095815962598,22.18595392096149,"[0.3517616391181946, 1.0]",10.0,True
57,0,6.615287780761719,0.0038121992256492376,0.0021046962094892763,20.2910851489239,"[0.15123966336250305, 1.0]",1.7065976639318763,True
57,1,8.643495559692383,0.04458565264940262,0.022237261944106912,20.282832646423746,"[0.40630510449409485, 1.0]",2.119480525839571,True
57,2,10.666495323181152,0.16569416224956512,0.06606077610385164,20.21303147758609,"[0.46984341740608215, 1.0]",2.113958405137907,True
57,3,12.675081253051758,0.3780229687690735,0.1217943461325941,20.141762551358074,"[0.4941273033618927, 1.0]",2.099223861351717,True
57,4,14.667181015014648,0.6690313220024109,0.1783007655096771,20.088427442724672,"[0.3830677568912506, 1.0]",2.082497685455152,True
57,5,16.641326904296875,1.0396462678909302,0.23280288985036712,20.06949540242798,"[0.23153549432754517, 1.0]",2.0644586185931524,True
57,6,18.597734451293945,1.4941893815994263,0.28586530930575904,20.13049688992798,"[0.06920799612998962, 1.0]",2.0469947830017463,True
57,7,20.543582916259766,2.0127336978912354,0.3256828965538068,20.181215641199643,"[-0.16860806941986084, 1.0]",2.0366639353512186,True
57,8,22.49332046508789,2.5275018215179443,0.31564504293113416,20.15383513098434,"[-0.4033180773258209, 1.0]",2.0404298069175546,True
57,9,24.447450637817383,3.020850658416748,0.2586740351018868,20.15706813925171,"[-0.4802517592906952, 1.0]",2.0448369793561247,True
57,10,26.417020797729492,3.4442410469055176,0.1934706637109862,20.093854611595795,"[-0.4949935972690582, 1.0]",2.0599925056642903,True
57,11,28.395639419555664,3.782850980758667,0.13043044491550315,19.991414736344158,"[-0.46116283535957336, 1.0]",2.0685799881397204,True
57,12,30.376628875732422,4.034912109375,0.06886441894143225,19.880517147079708,"[-0.4024222791194916, 1.0]",2.0704517833386165,True
57,13,32.35580062866211,4.200462341308594,0.008088686020842673,19.779053510597933,"[-0.3179984986782074, 1.0]",2.068177493727378,True
57,14,34.33076095581055,4.278817176818848,-0.05213923466351744,19.704207586807687,"[-0.20456767082214355, 1.0]",2.0636292612890723,True
57,15,36.3009033203125,4.2693681716918945,-0.11206448708998984,19.680456629823286,"[-0.06392988562583923, 1.0]",2.058704419336158,True
57,16,38.269493103027344,4.175172805786133,-0.16913403187956977,19.78026275561275,"[0.07189938426017761, 1.0]",2.057600965115101,True
57,17,40.24320602416992,4.019189834594727,-0.20902605448008416,19.890059583369364,"[0.18292775750160217, 1.0]",2.06321818926774,True
57,18,42.22550582885742,3.8483355045318604,-0.20541134593251975,19.950828061467664,"[0.247006356716156, 1.0]",2.0720785309641045,True
57,19,44.21699142456055,3.6807236671447754,-0.14776203097362917,20.122976523570525,"[0.2137090265750885, 1.0]",2.0820389900591922,True
57,20,46.226932525634766,3.5499987602233887,-0.059545485655027264,20.195452441507882,"[0.24861550331115723, 1.0]",2.100820637061004,True
57,21,48.2462158203125,3.502453088760376,0.027013907675273785,20.19601666604204,"[0.18507111072540283, 1.0]",2.1101653696749234,True
57,22,50.26728820800781,3.544947385787964,0.1122557020562569,20.24533110711055,"[0.03742337226867676, 1.0]",2.1097334178014884,True
57,23,52.282169342041016,3.6753745079040527,0.1962672491716786,20.012802983519933,"[0.521867573261261, 1.0]",2.1142543688877904,True
57,24,54.266326904296875,3.8849925994873047,0.2776883394947802,19.711052470322407,"[0.5929064154624939, 1.0]",2.0863350466143777,True
57,25,56.20978927612305,4.1697587966918945,0.3574874315559686,19.36580936525631,"[0.5976059436798096, 1.0]",2.0408426600149894,True
57,26,58.105403900146484,4.526767730712891,0.4361456254061675,18.98568424464925,"[0.6037819981575012, 1.0]",1.9825538730821084,True
57,27,59.94733810424805,4.951712608337402,0.5133386146036321,18.57520031848307,"[0.622264564037323, 1.0]",1.914584974468893,True
57,28,61.73044967651367,5.439216136932373,0.5884021401934696,18.12915263801549,"[0.6530761122703552, 1.0]",1.8392151133995824,True
57,29,63.449520111083984,5.98355770111084,0.6609618283054415,17.646110965079597,"[0.6948733925819397, 1.0]",1.7581336332502973,True
57,30,65.0997543334961,6.578399181365967,0.7307262625372664,17.12736272679939,"[0.7440456748008728, 1.0]",1.9059364050346612,True
57,31,66.67700958251953,7.2169599533081055,0.7973834535672406,16.575059744369742,"[0.7967693209648132, 1.0]",1.8065006093432243,True
57,32,68.17788696289062,7.892290115356445,0.8605871238746285,15.994001853566084,"[0.8470815420150757, 1.0]",1.7064473608460993,True
57,33,69.59983825683594,8.59759521484375,0.9199583056363094,15.39099458185539,"[0.8876703977584839, 1.0]",1.6074580888780834,True
57,34,70.94116973876953,9.326543807983398,0.9751041825914983,14.770601558111407,"[0.9253363609313965, 1.0]",1.5110203127559283,True
57,35,72.20079040527344,10.073291778564453,1.0256444220470184,14.137790128132323,"[0.9522050619125366, 1.0]",1.418128140608665,True
57,36,73.37798309326172,10.83267593383789,1.071310344338393,13.49651811178932,"[0.9753898978233337, 1.0]",1.3295240065462288,True
57,37,74.47236633300781,11.600104331970215,1.1118800082782787,12.851279489042062,"[0.9931628108024597, 0.9939137697219849]",1.2456710404779625,True
57,38,75.48382568359375,12.371671676635742,1.147205941321312,12.207753172717286,"[1.0, 0.9870251417160034]",0.8838917979233086,True
57,39,76.41232299804688,13.144318580627441,1.1772431693345844,11.57180524834397,"[1.0, 0.9849217534065247]",0.8285499612454054,True
57,40,77.25789642333984,13.915685653686523,1.201979108881944,10.948769992734789,"[1.0, 0.9857572317123413]",0.7774171816296661,True
57,41,78.0206527709961,14.683919906616211,1.2213953841518714,10.344602761782,"[1.0, 0.9826462268829346]",0.7304880476048584,True
57,42,78.70071411132812,15.447674751281738,1.2354697244597492,9.767025413586211,"[1.0, 0.9789875149726868]",0.6877434008829725,True
57,43,79.29822540283203,16.20614242553711,1.2441866168922289,9.225927123403933,"[1.0, 0.9727983474731445]",0.6492054983991817,True
57,44,79.81334686279297,16.959150314331055,1.2475367403854936,8.734899753789833,"[1.0, 0.9708281755447388]",0.6149898432466493,True
57,45,80.24638366699219,17.707399368286133,1.2455086100573443,8.31566677829293,"[1.0, 0.9679766297340393]",0.5854503890876902,True
57,46,80.5980453491211,18.453399658203125,1.2381297230460344,8.024793661827871,"[1.0, 0.9629009366035461]",0.561752588355122,True
57,47,80.8791732788086,19.20098876953125,1.231188859455015,7.84861026243692,"[1.0, 0.9607720971107483]",-5.0,False
58,0,6.664412498474121,3.5037355422973633,0.0020740698569534644,21.000627462130627,"[0.03267344832420349, 1.0]",1.758915322053709,True
58,1,8.76717758178711,3.512263536453247,0.004576775491355711,21.181533727990963,"[-0.11699181795120239, 1.0]",2.1980819850889475,True
58,2,10.88759994506836,3.4605417251586914,-0.028160797998715736,21.33381930758219,"[-0.15663570165634155, 1.0]",2.2164245501653697,True
58,3,13.023163795471191,3.333141326904297,-0.07202865379061052,21.603278815379365,"[-0.042805254459381104, 1.0]",2.2327786050720393,True
58,4,15.179156303405762,3.15791654586792,-0.09608272423036901,21.788920768719084,"[0.08101695775985718, 1.0]",2.254042651393806,True
58,5,17.354785919189453,2.9917502403259277,-0.07980242101255186,21.956389871924053,"[0.13592004776000977, 1.0]",2.27443337020735,True
58,6,19.550661087036133,2.8753676414489746,-0.045176000519340676,22.12012401809228,"[0.13438385725021362, 1.0]",2.2954157259280947,True
58,7,21.7652587890625,2.8346521854400635,-0.004852545822233267,22.267447986831055,"[0.12104099988937378, 1.0]",2.314801217967107,True
58,8,23.98971176147461,2.878458023071289,0.037432992807990395,22.218471383587072,"[0.06837025284767151, 1.0]",2.3244360936382513,True
58,9,26.21457290649414,2.986776351928711,0.06886801420890443,22.46661083671269,"[-0.026082662865519524, 1.0]",2.3259608937847385,True
58,10,28.455167770385742,3.107867956161499,0.0637813765268529,22.399133435478618,"[-0.14479610323905945, 1.0]",2.3413909643512554,True
58,11,30.6918888092041,3.1868977546691895,0.030003971789160033,22.31583260874325,"[-0.19234025478363037, 1.0]",2.337142285557704,True
58,12,32.92205810546875,3.188995361328125,-0.013865748215497575,22.247783334808844,"[-0.14163053035736084, 1.0]",2.330284321271288,True
58,13,35.144859313964844,3.111745595932007,-0.057030662637664875,22.208674423477827,"[-0.03299903869628906, 1.0]",2.322740243401744,True
58,14,37.365867614746094,2.9859800338745117,-0.08147794881237491,22.396625499223333,"[0.0762656033039093, 1.0]",2.321793115527755,True
58,15,39.599971771240234,2.8698384761810303,-0.060318068687259085,22.336495378874357,"[0.1271304488182068, 1.0]",2.334618385699075,True
58,16,41.83150863647461,2.808377504348755,-0.01805396850381058,22.277741872621622,"[0.11826518177986145, 1.0]",2.331786703661172,True
58,17,44.057987213134766,2.830237627029419,0.029495574337063957,22.22416861051312,"[0.08529254794120789, 1.0]",2.326487335407465,True
58,18,46.27786636352539,2.924584150314331,0.07108296528752334,22.190330822890193,"[-0.001699088141322136, 1.0]",2.319735639093631,True
58,19,48.495914459228516,3.050366163253784,0.08504125835090104,22.32089636956524,"[-0.12961137294769287, 1.0]",2.3184921293661684,True
58,20,50.722450256347656,3.159987688064575,0.05433128255676145,22.233709897240967,"[-0.2227689027786255, 1.0]",2.326587491656725,True
58,21,52.94371032714844,3.206153392791748,0.008408797983870286,22.15397468863292,"[-0.18675369024276733, 1.0]",2.3209529568996294,True
58,22,55.16339874267578,3.166349411010742,-0.04114850200281417,22.32261053284204,"[-0.07808324694633484, 1.0]",2.320140162925133,True
58,23,57.391624450683594,3.060011625289917,-0.07918123868829063,22.282517183133457,"[0.06356936693191528, 1.0]",2.328497035331913,True
58,24,59.6159782409668,2.954524517059326,-0.07113236692574354,22.216129793052055,"[0.13690471649169922, 1.0]",2.3243263743519376,True
58,25,61.841880798339844,2.8867180347442627,-0.026665033572473185,22.411185213551306,"[0.11779177188873291, 1.0]",2.326752890834028,True
58,26,64.08086395263672,2.898158073425293,0.023954867689154113,22.35511042613159,"[0.1098196804523468, 1.0]",2.339581151214467,True
58,27,66.31367492675781,2.9915294647216797,0.0694296748828016,22.31361467588308,"[0.03152909874916077, 1.0]",2.3332222401625677,True
58,28,68.53944396972656,3.135974168777466,0.09737848525874782,22.265930566588334,"[-0.09149760007858276, 1.0]",2.3259657305183974,True
58,29,70.76013946533203,3.2676544189453125,0.07730118011674847,22.17460822640233,"[-0.2158777117729187, 1.0]",2.3204812326242794,True
58,30,72.97866821289062,3.348330020904541,0.028279308667224612,22.253977393755328,"[-0.24845777451992035, 1.0]",2.318671645830493,True
58,31,75.20166778564453,3.3444929122924805,-0.023759391665142182,22.16899786490589,"[-0.20068180561065674, 1.0]",2.322760063145983,True
58,32,77.42056274414062,3.252396821975708,-0.07444680406040227,22.308018864083547,"[-0.06461742520332336, 1.0]",2.3192810433844695,True
58,33,79.64410400390625,3.095726490020752,-0.11244651754836177,22.255332558585877,"[0.13225755095481873, 1.0]",2.3236902562792614,True
58,34,81.86151885986328,2.946258306503296,-0.1016829525286429,22.111296711342018,"[0.36993175745010376, 1.0]",2.31691569115807,True
58,35,84.07307434082031,2.8318662643432617,-0.05057169804589634,22.21452626336335,"[0.2281094491481781, 1.0]",2.311520849142166,True
58,36,86.296630859375,2.797912359237671,0.007542737997376925,22.31369236355454,"[0.13678595423698425, 1.0]",2.323968134190683,True
58,37,88.52600860595703,2.8301045894622803,0.051506733904623125,22.25449031132392,"[-0.15417098999023438, 1.0]",2.329522952982989,True
58,38,90.75035858154297,2.863070487976074,0.05002828002546522,22.20594533443976,"[-0.0774136483669281, 1.0]",2.3242767295909164,True
58,39,92.97367858886719,2.9140524864196777,0.027848142886740312,22.346099856814835,"[0.1361682116985321, 1.0]",2.3238774566798854,True
58,40,95.20409393310547,3.00298810005188,0.03701088177521328,22.272492053907218,"[0.1668994426727295, 1.0]",2.3306415584808637,True
58,41,97.42737579345703,3.1218514442443848,0.055622249895177056,22.22759007497983,"[-0.0393693745136261, 1.0]",2.3233060156889715,True
58,42,99.64649200439453,3.213247060775757,0.04180923226926314,22.148473406135317,"[-0.17101642489433289, 1.0]",2.318784341265109,True
58,43,101.8664321899414,3.244196653366089,0.0069829415362416825,22.35322789799505,"[-0.101910799741745, 1.0]",2.3205297110878527,True
58,44,104.09903717041016,3.195993661880493,-0.03446663082780521,22.297922064559664,"[-0.11405313014984131, 1.0]",2.3329456297592683,True
58,45,106.32540130615234,3.083080291748047,-0.06678275907537223,22.26342964682765,"[0.006719114258885384, 1.0]",2.326549569152912,True
58,46,108.54672241210938,2.952718734741211,-0.06727224808372867,22.2079539048426,"[0.08507254719734192, 1.0]",2.321256898528823,True
58,47,110.77235412597656,2.8626708984375,-0.035967987892338016,22.47284885705802,"[0.07807040214538574, 1.0]",2.3267595337239486,True
58,48,113.01725769042969,2.844714879989624,0.004139883914527687,22.42401475303235,"[0.07377839088439941, 1.0]",2.3458116308417707,True
58,49,115.25826263427734,2.901010274887085,0.040749693629575034,22.386607255842012,"[0.02965840883553028, 1.0]",2.341744676498945,True
58,50,117.49382781982422,3.0015056133270264,0.057307897707142175,22.345185594498908,"[-0.03312620520591736, 1.0]",2.33611852072212,True
58,51,119.72512817382812,3.094374895095825,0.04235171818331196,22.286207599271798,"[-0.10448822379112244, 1.0]",10.0,True
59,0,6.615110397338867,3.503730297088623,0.002073404066681661,20.383688812014253,"[0.03267344832420349, 1.0]",1.7068369969929313,True
59,1,8.65629768371582,3.5117363929748535,0.0044075316040812496,20.571772373520268,"[-0.11199724674224854, 1.0]",2.1337602620577942,True
59,2,10.71590518951416,3.459423065185547,-0.02851859369116827,20.734992072046705,"[-0.14953458309173584, 1.0]",2.15291497012255,True
59,3,12.791629791259766,3.3341150283813477,-0.07146952311974797,21.009961337008125,"[-0.03707402944564819, 1.0]",2.170269427762142,True
59,4,14.889025688171387,3.167025566101074,-0.0919455034769312,21.20360728912611,"[0.08109864592552185, 1.0]",2.1928121297126886,True
59,5,17.00705337524414,3.013134002685547,-0.07483429399900832,21.378847082973103,"[0.12563356757164001, 1.0]",2.214232498946133,True
59,6,19.145986557006836,2.910684823989868,-0.04051972966944639,21.553416077271457,"[0.12474411725997925, 1.0]",2.2359235541104168,True
59,7,21.304542541503906,2.883517265319824,-0.00023462449203570657,21.720629329111013,"[0.10821592807769775, 1.0]",2.2562988164780697,True
59,8,23.4814453125,2.937206506729126,0.040974597583632644,21.973149092720764,"[0.052237868309020996, 1.0]",2.2757819419133374,True
59,9,25.6798152923584,3.0494959354400635,0.06646544343148886,22.219982922626425,"[-0.04754531383514404, 1.0]",2.2983599030102173,True
59,10,27.901521682739258,3.156888246536255,0.05164002511718202,22.367427591260046,"[-0.15952426195144653, 1.0]",2.3223598145415294,True
59,11,30.135053634643555,3.212254762649536,0.016972991417347316,22.289722500859547,"[-0.1784648299217224, 1.0]",2.3338357031581647,True
59,12,32.362667083740234,3.1887621879577637,-0.02530668825847826,22.230060279641663,"[-0.11428174376487732, 1.0]",2.327648720355067,True
59,13,34.58316421508789,3.0944740772247314,-0.06341172976754983,22.196881875019756,"[-0.0053572338074445724, 1.0]",2.320383099785245,True
59,14,36.80358123779297,2.970032215118408,-0.07369339578801881,22.396190055901766,"[0.08936986327171326, 1.0]",2.3211998779566363,True
59,15,39.03861999511719,2.8685410022735596,-0.045022069808334564,22.3412129592308,"[0.10826712846755981, 1.0]",2.3355742156407575,True
59,16,41.27126693725586,2.833566427230835,-0.0038414767143848394,22.285917331213334,"[0.10286003351211548, 1.0]",2.332933570129132,True
59,17,43.49842071533203,2.880124092102051,0.04018949769427671,22.24007165952721,"[0.05541062355041504, 1.0]",2.3272341005440444,True
59,18,45.71924591064453,2.985069751739502,0.07133210400749945,22.20254895200683,"[-0.041255056858062744, 1.0]",2.320736665596531,True
59,19,47.94035720825195,3.0939886569976807,0.06269840206957156,22.351245682323338,"[-0.15774467587471008, 1.0]",2.321691903177877,True
59,20,50.171875,3.1615729331970215,0.024764335502483803,22.271826389731576,"[-0.1951541006565094, 1.0]",2.331741010501839,True
59,21,52.397891998291016,3.1524240970611572,-0.019481023373929318,22.215024963052063,"[-0.10772472620010376, 1.0]",2.32598461062475,True
59,22,54.62397766113281,3.0750744342803955,-0.05648165197894528,22.4598680865875,"[0.0070037562400102615, 1.0]",2.3271550692314404,True
59,23,56.865169525146484,2.9708213806152344,-0.0609709426284919,22.40531962623274,"[0.0942370593547821, 1.0]",2.3420158023317192,True
59,24,59.10330581665039,2.8962676525115967,-0.03056802930803837,22.350195589814867,"[0.09787991642951965, 1.0]",2.338712171658073,True
59,25,61.33713912963867,2.8934574127197266,0.012333631640375486,22.296364751111618,"[0.08755800127983093, 1.0]",2.3341669543682837,True
59,26,63.56496810913086,2.966519594192505,0.0536572364848622,22.260301807063268,"[0.023927541449666023, 1.0]",2.328000337623972,True
59,27,65.78701782226562,3.081038236618042,0.07235941839799764,22.208110241120107,"[-0.0905492901802063, 1.0]",2.3219862092198063,True
59,28,68.00912475585938,3.1769208908081055,0.04722423771372064,22.340574211137632,"[-0.19139981269836426, 1.0]",2.322639517543869,True
59,29,70.24047088623047,3.2118446826934814,0.005147224596850464,22.264594964204907,"[-0.1798272728919983, 1.0]",2.331536807710016,True
59,30,72.46532440185547,3.1636855602264404,-0.03963835650668468,22.212132308327703,"[-0.0863862931728363, 1.0]",2.3248081110124748,True
59,31,74.68881225585938,3.051013708114624,-0.07439527189330875,22.437555158956275,"[0.03218606114387512, 1.0]",2.3244568522192095,True
59,32,76.92660522460938,2.925981044769287,-0.07013474678140064,22.378596867870826,"[0.11267685890197754, 1.0]",2.338496654655419,True
59,33,79.16155242919922,2.838547706604004,-0.03446649766975085,22.32231891077777,"[0.10654062032699585, 1.0]",2.3353976396883436,True
59,34,81.39252471923828,2.827544689178467,0.010870624095540293,22.26644106931507,"[0.09882491827011108, 1.0]",2.3311712748509805,True
59,35,83.6173324584961,2.8977596759796143,0.05546618865529851,22.225569819495924,"[0.03587585687637329, 1.0]",2.324822803445544,True
59,36,85.83572387695312,3.018915891647339,0.08246531578652139,22.179851875360658,"[-0.07670712471008301, 1.0]",2.3182007518961543,True
59,37,88.05415344238281,3.1291985511779785,0.06295712816947319,22.31082910168358,"[-0.1923915147781372, 1.0]",2.3188282963872635,True
59,38,90.28204345703125,3.1892635822296143,0.01867621609250758,22.237117236349125,"[-0.17791932821273804, 1.0]",2.3279570422120086,True
59,39,92.50456237792969,3.1673388481140137,-0.02882978406454395,22.184866698671893,"[-0.0837564468383789, 1.0]",2.322350821042461,True
59,40,94.72640991210938,3.0800697803497314,-0.06635372382376037,22.40311193121709,"[0.030284347012639046, 1.0]",2.3226615378701645,True
59,41,96.96192169189453,2.9763379096984863,-0.0654128290106355,22.344245523023865,"[0.11040717363357544, 1.0]",2.336060884638764,True
59,42,99.19402313232422,2.9043455123901367,-0.02911780493643601,22.289338450745063,"[0.1009734570980072, 1.0]",2.33240346345804,True
59,43,101.42173767089844,2.9073102474212646,0.017396167714561095,22.234105652046185,"[0.0955139696598053, 1.0]",2.3277680140084267,True
59,44,103.64286041259766,2.9909071922302246,0.06244766545294134,22.193910069459985,"[0.032810062170028687, 1.0]",2.3209953370117886,True
59,45,105.8616714477539,3.124695062637329,0.08923666917415751,22.369403002932785,"[-0.07821488380432129, 1.0]",2.3194733486694474,True
59,46,108.09210205078125,3.2511401176452637,0.06922447832081069,22.289750556968517,"[-0.1937878131866455, 1.0]",2.3307344805337022,True
59,47,110.31793975830078,3.32694411277771,0.02531707458672905,22.202338747068733,"[-0.21230730414390564, 1.0]",2.3257482318813407,True
59,48,112.54084777832031,3.3198258876800537,-0.024038091473218337,22.29510106008668,"[-0.14592036604881287, 1.0]",2.323235974789921,True
59,49,114.76702117919922,3.2271804809570312,-0.07255196494481098,22.250092154476008,"[-0.03755533695220947, 1.0]",2.3262988155740483,True
59,50,116.9862289428711,3.0780184268951416,-0.10482934419851642,22.208013250048005,"[0.07409080862998962, 1.0]",2.319143823297091,True
59,51,119.20561981201172,2.9312009811401367,-0.09201381355889193,22.372249420449972,"[0.1398424506187439, 1.0]",10.0,True
60,0,6.5956292152404785,3.5037484169006348,0.00208379039493245,20.121520994994512,"[0.03267344832420349, 1.0]",1.6861760597179538,True
60,1,8.610284805297852,3.511470317840576,0.004302603057132259,20.291246297240118,"[-0.10993775725364685, 1.0]",2.1059661983949534,True
60,2,10.641488075256348,3.458237409591675,-0.02903484746847962,20.439247228717907,"[-0.14633440971374512, 1.0]",2.123179882487727,True
60,3,12.687019348144531,3.3331587314605713,-0.07192678787891449,20.68798270511102,"[-0.033453285694122314, 1.0]",2.1386271950611833,True
60,4,14.752134323120117,3.1700704097747803,-0.09080274105317798,20.861943353410645,"[0.08282020688056946, 1.0]",2.1589937200659337,True
60,5,16.836063385009766,3.0223708152770996,-0.07286661742760359,21.021593631449875,"[0.12225887179374695, 1.0]",2.178526233231173,True
60,6,18.939268112182617,2.9273111820220947,-0.03805271039365188,21.18145439539783,"[0.12128371000289917, 1.0]",2.1985212719521416,True
60,7,21.060543060302734,2.907888889312744,0.002847185521403617,21.33993086850757,"[0.10260665416717529, 1.0]",2.217304637028401,True
60,8,23.198856353759766,2.9666895866394043,0.04323189292358354,21.581400062766356,"[0.04376634955406189, 1.0]",2.2354295937394797,True
60,9,25.357398986816406,3.078817367553711,0.06510523390473111,21.79463405116078,"[-0.057922959327697754, 1.0]",2.256618486286864,True
60,10,27.53659439086914,3.178032159805298,0.04719574189005726,21.923128519980157,"[-0.1619601845741272, 1.0]",2.277849482392645,True
60,11,29.730804443359375,3.2206733226776123,0.011275291423177514,22.036358661945826,"[-0.17026111483573914, 1.0]",2.2933736664689905,True
60,12,31.93731689453125,3.183795928955078,-0.030895997596282143,22.184682235602345,"[-0.09937435388565063, 1.0]",2.3063435212320855,True
60,13,34.158164978027344,3.0796360969543457,-0.06489324628196069,22.422477493487484,"[0.009474130347371101, 1.0]",2.3217492322167876,True
60,14,36.39451217651367,2.9535839557647705,-0.06554305758794055,22.368746283622627,"[0.09285035729408264, 1.0]",2.33700655676263,True
60,15,38.628440856933594,2.864560127258301,-0.035604066929378675,22.313310815220927,"[0.09295323491096497, 1.0]",2.334338579088416,True
60,16,40.85851287841797,2.8499152660369873,0.007003847350799397,22.258885285927008,"[0.08930853009223938, 1.0]",2.3302370052710466,True
60,17,43.082801818847656,2.91412091255188,0.049752909168751636,22.220466776196467,"[0.03296545147895813, 1.0]",2.3242810409225716,True
60,18,45.305450439453125,3.025759220123291,0.07315610303809539,22.39356232680986,"[-0.07412627339363098, 1.0]",2.323419651076113,True
60,19,47.539737701416016,3.1263368129730225,0.051753742095727695,22.318554717119017,"[-0.1808963119983673, 1.0]",2.3347207581899263,True
60,20,49.76947784423828,3.1709353923797607,0.010459165707122686,22.23956372408716,"[-0.18306517601013184, 1.0]",2.329818179580658,True
60,21,51.99192810058594,3.1325666904449463,-0.03619861764273846,22.182723681955743,"[-0.10107073187828064, 1.0]",2.322272512916457,True
60,22,54.21183776855469,3.029815196990967,-0.07295609964022987,22.36505570211989,"[0.04438292980194092, 1.0]",2.3205524186282895,True
60,23,56.443241119384766,2.9201395511627197,-0.0673899598039096,22.301738335605233,"[0.12949353456497192, 1.0]",2.331761173340302,True
60,24,58.67099380493164,2.846740245819092,-0.02872112709206842,22.244104545014647,"[0.11702868342399597, 1.0]",2.327851155999441,True
60,25,60.8941650390625,2.850318193435669,0.018557971740108314,22.18768973820432,"[0.10197779536247253, 1.0]",2.323015837952779,True
60,26,63.116607666015625,2.9334208965301514,0.06336126286489296,22.393469633809723,"[0.026178302243351936, 1.0]",2.323213240305269,True
60,27,65.34990692138672,3.0679705142974854,0.08707964184924766,22.341701358680204,"[-0.10266363620758057, 1.0]",2.3338369114851547,True
60,28,67.57862854003906,3.192397356033325,0.06411933166918349,22.25033329316778,"[-0.22189271450042725, 1.0]",2.3288481184715986,True
60,29,69.80067443847656,3.2587594985961914,0.019319768969925377,22.155002851218363,"[-0.22578305006027222, 1.0]",2.3217434112679824,True
60,30,72.01850891113281,3.2393293380737305,-0.030919433413874486,22.23607566451459,"[-0.13770586252212524, 1.0]",2.317896813146566,True
60,31,74.23892211914062,3.142413854598999,-0.07549422531713024,22.199580039645987,"[-0.005768297240138054, 1.0]",2.3203113181862194,True
60,32,76.45722961425781,3.005396604537964,-0.09504435772134734,22.327743573290928,"[0.10392394661903381, 1.0]",2.3187823411969966,True
60,33,78.68412780761719,2.87923264503479,-0.06733629710794542,22.26418078266218,"[0.13884544372558594, 1.0]",2.3270870068813547,True
60,34,80.90816497802734,2.810945749282837,-0.019130418216420253,22.201669724234193,"[0.13340890407562256, 1.0]",2.32394468416921,True
60,35,83.13147735595703,2.8290750980377197,0.032988176948648196,22.31672031220316,"[0.09443038702011108, 1.0]",2.3237376193346018,True
60,36,85.35993957519531,2.92401123046875,0.07891132731181116,22.279621927434622,"[-0.001346079632639885, 1.0]",2.328720517911737,True
60,37,87.58264923095703,3.057610273361206,0.09902538407685224,22.22010399007567,"[-0.14103469252586365, 1.0]",2.3227001237170595,True
60,38,89.80337524414062,3.1781015396118164,0.07050585827930256,22.302790554297577,"[-0.24993187189102173, 1.0]",2.321088570677933,True
60,39,92.03022766113281,3.2439382076263428,0.018890733718313513,22.21824314681409,"[-0.21267357468605042, 1.0]",2.326834511152851,True
60,40,94.2550048828125,3.2239131927490234,-0.03420670630541345,22.321797567937516,"[-0.10233697295188904, 1.0]",2.3252253107354064,True
60,41,96.48423767089844,3.1338183879852295,-0.07726416217759713,22.28678996499064,"[0.027180375531315804, 1.0]",2.3295233429283955,True
60,42,98.7088851928711,3.0211474895477295,-0.08662357551257127,22.227586206860344,"[0.12002551555633545, 1.0]",2.3246716599035278,True
60,43,100.92841339111328,2.9282634258270264,-0.04930496547340013,22.166520227458395,"[0.12608852982521057, 1.0]",2.3192775392657503,True
60,44,103.14834594726562,2.903573989868164,0.004669187181181478,22.288831217766795,"[0.12232589721679688, 1.0]",2.320232296632294,True
60,45,105.37461853027344,2.9672598838806152,0.058725365197337176,22.238283805330013,"[0.06330481171607971, 1.0]",2.3263448601317975,True
60,46,107.59407043457031,3.095698833465576,0.09890980288554285,22.20103565388237,"[-0.054095059633255005, 1.0]",2.3193565647393455,True
60,47,109.81103515625,3.2334742546081543,0.09991061882319485,22.26955400272435,"[-0.19567686319351196, 1.0]",2.317177714691947,True
60,48,112.0321044921875,3.348728656768799,0.056104681526644384,22.171103698599776,"[-0.2607603073120117, 1.0]",2.320839302581199,True
60,49,114.25038146972656,3.392005205154419,0.0014474280524581218,22.21365953793234,"[-0.222237229347229, 1.0]",2.318238445459758,True
60,50,116.47281646728516,3.346853494644165,-0.053834336697352825,22.27601244870769,"[-0.11766359210014343, 1.0]",2.3226770535777783,True
60,51,118.69597625732422,3.22458815574646,-0.1016432714284008,22.235322420006074,"[0.009916843846440315, 1.0]",10.0,True
61,0,6.583464622497559,0.0038119617383927107,0.0021061609480890198,19.891520063303382,"[0.15123966336250305, 1.0]",1.6729764627824237,True
61,1,8.571718215942383,0.04455496370792389,0.022318488357354838,19.883830170085,"[0.4004991352558136, 1.0]",2.0777308292102066,True
61,2,10.554800033569336,0.16549555957317352,0.06650792085087609,19.816559726003934,"[0.46361133456230164, 1.0]",2.0722563363939708,True
61,3,12.523602485656738,0.3775516748428345,0.12282006262643819,19.748384289981324,"[0.4890696704387665, 1.0]",2.0576701813923184,True
61,4,14.476034164428711,0.6683405041694641,0.17992356271991738,19.69841277671075,"[0.3786435127258301, 1.0]",2.041074536267171,True
61,5,16.410600662231445,1.0387811660766602,0.23501610987427668,19.68366562655296,"[0.2274877429008484, 1.0]",2.0231429931222227,True
61,6,18.32762336730957,1.4932183027267456,0.2886638921372686,19.754095354046164,"[0.06573551893234253, 1.0]",2.0059161341713327,True
61,7,20.234352111816406,2.0118069648742676,0.32902170161243927,19.799756192508262,"[-0.17282843589782715, 1.0]",1.9958276473731231,True
61,8,22.144634246826172,2.5266053676605225,0.319520741265527,19.77225426135069,"[-0.40538549423217773, 1.0]",1.9992572791858438,True
61,9,24.059446334838867,3.019444704055786,0.26346306453212165,19.772993294980363,"[-0.48175284266471863, 1.0]",2.003790557840107,True
61,10,25.98980712890625,3.442483425140381,0.19901949300022093,19.711682072378466,"[-0.49797341227531433, 1.0]",2.019063363393086,True
61,11,27.929737091064453,3.7809104919433594,0.13665691554410841,19.613075761134077,"[-0.4657735526561737, 1.0]",2.0281888030833066,True
61,12,29.872655868530273,4.03292989730835,0.07583883836218597,19.506285991707102,"[-0.4096278250217438, 1.0]",2.0306970644285025,True
61,13,31.814342498779297,4.198516845703125,0.015897340653064695,19.40914886363367,"[-0.3279196321964264, 1.0]",2.029027800135375,True
61,14,33.7523307800293,4.276942729949951,-0.043437089485573566,19.338013030813254,"[-0.21954131126403809, 1.0]",2.0250093398886597,True
61,15,35.6859016418457,4.267577171325684,-0.10242730605331918,19.31767409477523,"[-0.08190423250198364, 1.0]",2.0205003952428946,True
61,16,37.618247985839844,4.173336505889893,-0.15867087143081182,19.423217533261454,"[0.05523550510406494, 1.0]",2.0197508228938172,True
61,17,39.55623245239258,4.017383575439453,-0.19777779414197205,19.537760258458572,"[0.16634142398834229, 1.0]",2.025904387715798,True
61,18,41.50343322753906,3.8469924926757812,-0.19315587807013923,19.609903022902895,"[0.2286558747291565, 1.0]",2.0354453387495473,True
61,19,43.46129608154297,3.6809704303741455,-0.1345627388209243,19.79603396327436,"[0.1994783580303192, 1.0]",2.046945006838641,True
61,20,45.43891906738281,3.5606658458709717,-0.05132377473773442,19.866979169581274,"[0.2298601269721985, 1.0]",2.0670243921029594,True
61,21,47.4259033203125,3.52489972114563,0.029913956944314535,19.88376907109342,"[0.16453519463539124, 1.0]",2.076461213749608,True
61,22,49.416500091552734,3.577207565307617,0.10868773198582371,19.973778037091826,"[0.022463353350758553, 1.0]",2.0804787724071474,True
61,23,51.410831451416016,3.693760395050049,0.17344182810082742,20.027325061210373,"[-0.1910521686077118, 1.0]",2.096042676279254,True
61,24,53.40337371826172,3.828557014465332,0.20126786675051989,19.820323835859774,"[0.40191277861595154, 1.0]",2.095665229330902,True
61,25,55.36831283569336,4.043805122375488,0.2249339146194549,19.571818064698085,"[0.557796061038971, 1.0]",2.060720725801166,True
61,26,57.29690933227539,4.33958101272583,0.2468535946035706,19.295417167243055,"[0.6985976696014404, 1.0]",2.0122135904503176,True
61,27,59.18442916870117,4.710015296936035,0.2667490058431161,19.016263750622553,"[0.8306218385696411, 1.0]",1.9546318996347758,True
61,28,61.02855682373047,5.149885654449463,0.28283023776945093,18.75347886299787,"[0.9304991960525513, 1.0]",1.8915346630746779,True
61,29,62.82952880859375,5.656219959259033,0.2944746433197132,18.550180585695184,"[0.9971176385879517, 0.992160439491272]",1.8273619562028023,True
61,30,64.59418487548828,6.216406345367432,0.3088940627258383,18.374341492895756,"[1.0, 0.9739089012145996]",2.0080383426724837,True
61,31,66.32591247558594,6.819615840911865,0.3339215185440212,18.194720578679576,"[1.0, 0.9665755033493042]",1.9299736669985252,True
61,32,68.02165222167969,7.469101428985596,0.36686402227997483,18.018961930352408,"[1.0, 0.9593737125396729]",1.8514500631515909,True
61,33,69.67805480957031,8.169200897216797,0.40258673303591586,17.84250440098739,"[1.0, 0.9552209377288818]",1.775793607527343,True
61,34,71.29206848144531,8.921170234680176,0.43888535237758663,17.66418762641093,"[1.0, 0.9526829719543457]",1.7032019763850919,True
61,35,72.86134338378906,9.724080085754395,0.47536726378128247,17.48637299083038,"[1.0, 0.9508013725280762]",1.6337817140111681,True
61,36,74.38420104980469,10.57609748840332,0.5121404584292062,17.309487546788656,"[1.0, 0.949863076210022]",1.1885960137663067,True
61,37,75.85897827148438,11.475341796875,0.5492876274732037,17.132789554673977,"[1.0, 0.949439287185669]",1.142032305161475,True
61,38,77.28395080566406,12.419987678527832,0.5868367341047209,16.956321688694775,"[1.0, 0.9496059417724609]",1.0983546495049583,True
61,39,78.65741729736328,13.408154487609863,0.624792771750803,16.780124536692853,"[1.0, 0.9492263793945312]",1.0575656753267988,True
61,40,79.97774505615234,14.43786907196045,0.6631531438293861,16.604218828676316,"[1.0, 0.9487723112106323]",1.019598519347395,True
61,41,81.24337768554688,15.507071495056152,0.701919048762961,16.428772321070074,"[1.0, 0.9490059614181519]",0.9843447921633995,True
61,42,82.45281982421875,16.613622665405273,0.7410928833965089,16.25375103626083,"[1.0, 0.9487642645835876]",0.9516650381369354,True
61,43,83.60466766357422,17.755290985107422,0.7806792416829094,16.07921787495195,"[1.0, 0.9489338397979736]",-5.0,False
62,0,6.706284523010254,3.503753423690796,0.0020803282855155203,21.511383217008405,"[0.03267344832420349, 1.0]",1.8030857474867918,True
62,1,8.859783172607422,3.5126681327819824,0.0046911582601740776,21.671986269120872,"[-0.12125134468078613, 1.0]",2.2510225878082117,True
62,2,11.028839111328125,3.460967540740967,-0.02812431269178184,21.802252101800114,"[-0.1625024676322937, 1.0]",2.2671660731788035,True
62,3,13.210741996765137,3.331296443939209,-0.07299924284988979,22.044741151964057,"[-0.046827852725982666, 1.0]",2.28110422062085,True
62,4,15.410094261169434,3.1503448486328125,-0.10013072908729015,22.204146396178498,"[0.08217346668243408, 1.0]",2.2992709231871,True
62,5,17.626331329345703,2.9757864475250244,-0.08443219340959995,22.352751497809386,"[0.14581701159477234, 1.0]",2.3168244499164117,True
62,6,19.8558292388916,2.8494811058044434,-0.04861960096686779,22.288031359388857,"[0.14281624555587769, 1.0]",2.3297940506631485,True
62,7,22.082687377929688,2.801022529602051,-0.006235924850474639,22.222450027844484,"[0.13156819343566895, 1.0]",2.3268591641633862,True
62,8,24.303434371948242,2.8405356407165527,0.04011479602569956,22.169716933500357,"[0.07906588912010193, 1.0]",2.3205107202193065,True
62,9,26.522804260253906,2.949167251586914,0.07881452140618617,22.37813372338115,"[-0.019281117245554924, 1.0]",2.3200714900608794,True
62,10,28.753942489624023,3.085028648376465,0.08354655918909337,22.30846521157246,"[-0.15517669916152954, 1.0]",2.331526322822193,True
62,11,30.980030059814453,3.196504831314087,0.049055427279260044,22.216109892765203,"[-0.22963747382164001, 1.0]",2.3260600647078733,True
62,12,33.20343017578125,3.2361059188842773,0.002426938701389325,22.288920134768848,"[-0.19471469521522522, 1.0]",2.3237002565732565,True
62,13,35.430091857910156,3.1870994567871094,-0.04664832912799177,22.23494217638907,"[-0.0880064070224762, 1.0]",2.326718921922657,True
62,14,37.64999771118164,3.072514057159424,-0.08355348340792812,22.19910773023183,"[0.0410037636756897, 1.0]",2.319801838057528,True
62,15,39.869529724121094,2.947035789489746,-0.081971166246257,22.354723778693717,"[0.12505105137825012, 1.0]",2.320128269943575,True
62,16,42.10076904296875,2.8503897190093994,-0.041757966418279224,22.299242024711354,"[0.11552685499191284, 1.0]",2.3315859079588575,True
62,17,44.32933044433594,2.828061819076538,0.006595717913745247,22.24177235876382,"[0.11121180653572083, 1.0]",2.3286493769816246,True
62,18,46.55178451538086,2.889359712600708,0.05432196149294555,22.196650787876063,"[0.04507565498352051, 1.0]",2.322338999590364,True
62,19,48.77158737182617,3.007457971572876,0.08779882850162313,22.358739327217382,"[-0.07190912961959839, 1.0]",2.3204171834177907,True
62,20,51.00149917602539,3.124946117401123,0.07480859449448918,22.274362703694884,"[-0.20342978835105896, 1.0]",2.3301464363658457,True
62,21,53.22572326660156,3.2028729915618896,0.02961981080191567,22.186460088102127,"[-0.21902629733085632, 1.0]",2.3240631609726314,True
62,22,55.447200775146484,3.2001264095306396,-0.022216089813441364,22.282726291644256,"[-0.13243398070335388, 1.0]",2.321749776857321,True
62,23,57.67301559448242,3.1224913597106934,-0.06748343675817203,22.24702771245048,"[0.0009037572890520096, 1.0]",2.3259264440419645,True
62,24,59.89375686645508,3.009108781814575,-0.08505843573993133,22.19322530018749,"[0.10781028866767883, 1.0]",2.3206107858235,True
62,25,62.11543655395508,2.9107067584991455,-0.055153533543323086,22.371720053074107,"[0.13424944877624512, 1.0]",2.3223524277388337,True
62,26,64.35009765625,2.871013879776001,-0.0059036955044877715,22.31418738640704,"[0.12301826477050781, 1.0]",2.3350749455337536,True
62,27,66.5799789428711,2.9162790775299072,0.04349434744901082,22.26357807592903,"[0.06848770380020142, 1.0]",2.3300673879627745,True
62,28,68.80300903320312,3.025435209274292,0.08147581828350248,22.227404278483654,"[-0.04564589262008667, 1.0]",2.323053409585208,True
62,29,71.02088928222656,3.141531229019165,0.07977898519495863,22.143486139605553,"[-0.1938413381576538, 1.0]",2.3175259366516623,True
62,30,73.236083984375,3.2264862060546875,0.037882800716104725,22.22871880145037,"[-0.25664055347442627, 1.0]",2.3152239367549643,True
62,31,75.4565200805664,3.23652982711792,-0.012041482868793807,22.142694167065898,"[-0.21038174629211426, 1.0]",2.320078219943203,True
62,32,77.67283630371094,3.1587412357330322,-0.06120649922690902,22.264510661669792,"[-0.0876549780368805, 1.0]",2.3165065211220455,True
62,33,79.89321899414062,3.0158066749572754,-0.09800020021522649,22.219425999371463,"[0.0901721715927124, 1.0]",2.320370107426859,True
62,34,82.11345672607422,2.880479335784912,-0.08596217945584961,22.3389907422022,"[0.17305412888526917, 1.0]",2.3207631902735035,True
62,35,84.34297180175781,2.7840638160705566,-0.03876950020104619,22.2706414542709,"[0.16403841972351074, 1.0]",2.329732962227813,True
62,36,86.56842803955078,2.768373966217041,0.013508485155263372,22.198213074513447,"[0.15826228260993958, 1.0]",2.3253481966282794,True
62,37,88.78961181640625,2.8409156799316406,0.06724295331173735,22.28526889136091,"[0.09037163853645325, 1.0]",2.321467486866593,True
62,38,91.01237487792969,2.984437942504883,0.11253173870324318,22.246853442053265,"[-0.03053518943488598, 1.0]",2.3228739020126774,True
62,39,93.228759765625,3.158233165740967,0.1275772672816462,22.176632612080056,"[-0.178212970495224, 1.0]",2.3161797344496726,True
62,40,95.44234466552734,3.318499803543091,0.0924754725338568,22.251547364065125,"[-0.28309470415115356, 1.0]",2.3137168630406366,True
62,41,97.66200256347656,3.423226833343506,0.03504799889376997,22.141312426381948,"[-0.2956431806087494, 1.0]",2.3192938038679376,True
62,42,99.87712097167969,3.4416284561157227,-0.022187327673668378,22.161112754261648,"[-0.2019391655921936, 1.0]",2.3148434155973026,True
62,43,102.09518432617188,3.394648790359497,-0.06740101192243397,22.297283083633662,"[0.0814940333366394, 1.0]",2.318401128368539,True
62,44,104.3217544555664,3.346798896789551,-0.0657852720890828,22.211987146656714,"[0.2104111909866333, 1.0]",2.3265240715544864,True
62,45,106.54840087890625,3.3196520805358887,-0.01769817018217612,22.41151670311052,"[0.1253763735294342, 1.0]",2.327498248503841,True
62,46,108.7878646850586,3.342069387435913,0.02747716454689275,22.370850809478018,"[-0.051995038986206055, 1.0]",2.340132634794995,True
62,47,111.02342987060547,3.3821330070495605,0.036046417986440815,22.321369691034143,"[0.03192943334579468, 1.0]",2.3360113491565286,True
62,48,113.25111389160156,3.487105369567871,0.05279290755307642,22.236076648035397,"[0.18290072679519653, 1.0]",2.327746365912253,True
62,49,115.4679946899414,3.636288642883301,0.07097004725730383,22.15434956102735,"[-0.17176109552383423, 1.0]",2.316575371364467,True
62,50,117.68116760253906,3.755619525909424,0.05350583577689072,22.18360726737631,"[-0.3855297863483429, 1.0]",10.0,True
63,0,6.58956241607666,0.003812937531620264,0.0021066935803073505,19.965074722986383,"[0.15123966336250305, 1.0]",1.6794052523300989,True
63,1,8.585088729858398,0.04459322988986969,0.022321151518444715,19.953005935259167,"[0.40157631039619446, 1.0]",2.0853148404904047,True
63,2,10.574996948242188,0.16567987203598022,0.06650672242838507,19.881259348651685,"[0.4647291600704193, 1.0]",2.0793738854527217,True
63,3,12.550209999084473,0.37796470522880554,0.12282605473889063,19.809705363672613,"[0.48988810181617737, 1.0]",2.0643567249788117,True
63,4,14.508753776550293,0.6689523458480835,0.1799525911757982,19.75686785052982,"[0.379181832075119, 1.0]",2.0474496827932045,True
63,5,16.449182510375977,1.0395338535308838,0.2350728352054956,19.73906813753695,"[0.2277582585811615, 1.0]",2.0292545404446,True
63,6,18.371782302856445,1.494032621383667,0.2887585675140212,19.80488506025948,"[0.06552648544311523, 1.0]",2.0117217752516363,True
63,7,20.283750534057617,2.012551784515381,0.3291727028462468,19.84782331281807,"[-0.17365849018096924, 1.0]",2.0012834361088534,True
63,8,22.199012756347656,2.527073860168457,0.3197501725934373,19.815896523522976,"[-0.4063737392425537, 1.0]",2.0044337566458923,True
63,9,24.11825942993164,3.019881010055542,0.2634121981553017,19.812949083148695,"[-0.48275312781333923, 1.0]",2.0084049444581535,True
63,10,26.052623748779297,3.4430246353149414,0.19845516916523298,19.748222781471803,"[-0.4985138177871704, 1.0]",2.023231321364279,True
63,11,27.99618911743164,3.781514883041382,0.135573541612664,19.646243115141857,"[-0.465553879737854, 1.0]",2.031973462670482,True
63,12,29.94239616394043,4.033511161804199,0.07422735958657967,19.536315850408272,"[-0.4082961976528168, 1.0]",2.0341204678356264,True
63,13,31.887046813964844,4.199041843414307,0.013728195945194699,19.43627041265839,"[-0.32507407665252686, 1.0]",2.0321138668813767,True
63,14,33.82771301269531,4.277408123016357,-0.04619173015909794,19.362628624603683,"[-0.2143908143043518, 1.0]",2.0277980275411855,True
63,15,35.763710021972656,4.267990589141846,-0.10579380798728888,19.340082198665964,"[-0.07499969005584717, 1.0]",2.0230273791713405,True
63,16,37.69823455810547,4.1740922927856445,-0.16244483701156298,19.44123743792179,"[0.06199946999549866, 1.0]",2.0220101046034604,True
63,17,39.63798904418945,4.019097328186035,-0.20159769925152737,19.5497975551003,"[0.1725531816482544, 1.0]",2.0277285750819356,True
63,18,41.586421966552734,3.8498613834381104,-0.19702744850484244,19.617208853215896,"[0.23403769731521606, 1.0]",2.036710362202753,True
63,19,43.54482650756836,3.6845359802246094,-0.13859170207605054,19.794955571283992,"[0.2035420835018158, 1.0]",2.047481841086403,True
63,20,45.52220153808594,3.562082529067993,-0.05380877035088716,19.863595722396404,"[0.234967440366745, 1.0]",2.066761211268362,True
63,21,47.50868225097656,3.5237772464752197,0.029120867571689857,19.874276635386156,"[0.17022013664245605, 1.0]",2.0759149577498626,True
63,22,49.49825668334961,3.573676824569702,0.10962290100260486,19.95714275930439,"[0.02277928777039051, 1.0]",2.0793815747899167,True
63,23,51.490867614746094,3.687937021255493,0.17621018405396516,19.99820513256164,"[-0.20204490423202515, 1.0]",2.093881992039756,True
63,24,53.480525970458984,3.819387912750244,0.20564663621482904,19.779748050031305,"[0.41239896416664124, 1.0]",2.0907258388002794,True
63,25,55.441307067871094,4.030564308166504,0.23087835648862054,19.50616705941705,"[0.60187828540802, 1.0]",2.053099595688558,True
63,26,57.36345672607422,4.320846080780029,0.2539804799967307,19.19806757188975,"[0.7554608583450317, 1.0]",2.0009146070731303,True
63,27,59.24185562133789,4.683770179748535,0.2745922815695083,18.884452219869498,"[0.8887136578559875, 1.0]",1.9393240349334266,True
63,28,61.07396697998047,5.113820552825928,0.2909032111398622,18.57840276723165,"[0.9857149124145508, 0.9954979419708252]",1.8721782763627202,True
63,29,62.85911560058594,5.608852863311768,0.3018963406455457,18.338588276172857,"[1.0, 0.9759963154792786]",1.8040536669038165,True
63,30,64.60359954833984,6.161961555480957,0.31245284489051084,18.154195806829502,"[1.0, 0.9607555866241455]",1.9809094152569036,True
63,31,66.31443786621094,6.758083343505859,0.33325612774566515,17.970849759829346,"[1.0, 0.956024706363678]",1.9043368101471003,True
63,32,67.98990631103516,7.3975300788879395,0.3642599833660949,17.789263669927646,"[1.0, 0.9518266916275024]",1.8266780068704476,True
63,33,69.62640380859375,8.085564613342285,0.3998529981769492,17.609629260847345,"[1.0, 0.9505006074905396]",1.7521111324975192,True
63,34,71.22064208984375,8.824715614318848,0.4366247280862732,17.42834521999085,"[1.0, 0.9511353373527527]",1.6812440744932853,True
63,35,72.76996612548828,9.614700317382812,0.47367342674896484,17.247092964471715,"[1.0, 0.950556218624115]",1.6138076337921254,True
63,36,74.27254486083984,10.453841209411621,0.5109940341589541,17.067061113454752,"[1.0, 0.9483592510223389]",1.174933369003201,True
63,37,75.72672271728516,11.3401517868042,0.5486854867507365,16.886483725617268,"[1.0, 0.9423750638961792]",1.1297955087205853,True
63,38,77.13072204589844,12.271708488464355,0.5867949224756064,16.705811289779327,"[1.0, 0.9409815073013306]",1.0874258842202331,True
63,39,78.48277282714844,13.246566772460938,0.6253395187225959,16.524689798741964,"[1.0, 0.9360678195953369]",1.0478319956211404,True
63,40,79.78118896484375,14.262686729431152,0.6643208068093314,16.343984057023278,"[1.0, 0.9369579553604126]",1.0109537808683584,True
63,41,81.02438354492188,15.31796932220459,0.7037417162130106,16.163719803182026,"[1.0, 0.9369397163391113]",0.976706437001127,True
63,42,82.21089172363281,16.410261154174805,0.7435988514032461,15.986689179705968,"[1.0, 0.953988254070282]",0.9449924870013542,True
63,43,83.33955383300781,17.537473678588867,0.7838777647311224,15.815274680277925,"[1.0, 0.9853624105453491]",-5.0,False
64,0,6.602179050445557,6.996262550354004,-0.0020587566806860025,20.091741802219037,"[-0.3312658965587616, 1.0]",1.6925918885555422,True
64,1,8.606040954589844,6.957634925842285,-0.02094389776071015,19.86231269152619,"[-0.8057525157928467, 0.7403190732002258]",2.093242311256155,True
64,2,10.582114219665527,6.847411155700684,-0.05999476093092326,19.535346218878267,"[-0.8707855939865112, 0.6168985366821289]",2.063982323060636,True
64,3,12.524091720581055,6.654726982116699,-0.11038762770962052,19.41852877201538,"[-0.6519809365272522, 1.0]",2.0293608803895964,True
64,4,14.446168899536133,6.385409355163574,-0.16210768081755944,19.361830553079248,"[-0.4927222430706024, 1.0]",2.0092054164439346,True
64,5,16.3503475189209,6.037679672241211,-0.21062528271467684,19.333081724853074,"[-0.3729434013366699, 1.0]",1.9911774871466044,True
64,6,18.236011505126953,5.607494354248047,-0.25650568934234474,19.3682004013559,"[-0.21006295084953308, 1.0]",1.9728208880121563,True
64,7,20.111112594604492,5.101353645324707,-0.2946879625230281,19.605404848869572,"[-0.003746895119547844, 1.0]",1.963325411297452,True
64,8,21.994497299194336,4.54931116104126,-0.30494233114232383,19.750357977713566,"[0.15450352430343628, 1.0]",1.9722613154895547,True
64,9,23.897605895996094,4.012505054473877,-0.2767570320615791,19.876266107676283,"[0.2154272198677063, 1.0]",1.9925517942863011,True
64,10,25.828163146972656,3.5342438220977783,-0.23495578927558647,19.945212030601958,"[0.28874948620796204, 1.0]",2.0203107051142712,True
64,11,27.782272338867188,3.1331965923309326,-0.18886459344764006,19.971239555298105,"[0.3389756977558136, 1.0]",2.043979769893373,True
64,12,29.753995895385742,2.8148016929626465,-0.14221506589715815,19.984359131293946,"[0.3507572412490845, 1.0]",2.0616531726093776,True
64,13,31.738845825195312,2.5810606479644775,-0.096790858764221,19.9964655314832,"[0.33591362833976746, 1.0]",2.0748340247012447,True
64,14,33.73340606689453,2.4332938194274902,-0.05273844590878518,20.021087610966113,"[0.3036392331123352, 1.0]",2.0846551359485663,True
64,15,35.73545837402344,2.3723878860473633,-0.009922139273307984,20.069732126325697,"[0.25975748896598816, 1.0]",2.092366101697372,True
64,16,37.74378967285156,2.3987369537353516,0.031923178828725085,20.149550260339716,"[0.20623794198036194, 1.0]",2.0990042749996536,True
64,17,39.758056640625,2.511680841445923,0.07349019659684508,20.273165777522564,"[0.14169684052467346, 1.0]",2.1054962137722892,True
64,18,41.781166076660156,2.708982229232788,0.11392550405973623,20.521890636818284,"[0.057423800230026245, 1.0]",2.1154579439008385,True
64,19,43.820594787597656,2.9666786193847656,0.13931581557644357,20.742195935900238,"[-0.06469887495040894, 1.0]",2.132768592649051,True
64,20,45.881778717041016,3.2152533531188965,0.12329117582327243,20.86851088484297,"[-0.2030027210712433, 1.0]",2.155092228425153,True
64,21,47.96100616455078,3.4108266830444336,0.08753251239261495,20.950450605846274,"[-0.27454423904418945, 1.0]",2.173504475236074,True
64,22,50.05384063720703,3.52980899810791,0.04495429235859216,21.012259236631827,"[-0.26427069306373596, 1.0]",2.1852286398437375,True
64,23,52.147621154785156,3.568344831466675,0.002184591042191819,20.722734505320535,"[-1.0, 0.2737175226211548]",2.1587529962227614,True
64,24,54.20684051513672,3.5336151123046875,-0.033860761679812335,20.140072113003015,"[-1.0, -0.2207885980606079]",2.03997469065878,True
64,25,56.204063415527344,3.4317712783813477,-0.06697117772249506,19.44603030146545,"[-1.0, -0.3185172975063324]",1.8604089987530448,True
64,26,58.12644958496094,3.2656924724578857,-0.10189986699942999,18.707449087725596,"[-1.0, -0.367801696062088]",2.071910556267019,True
64,27,59.96835708618164,3.0381650924682617,-0.13990770312871348,17.982280305926412,"[-1.0, -0.39651334285736084]",1.8340131922439922,True
64,28,61.72941970825195,2.7540454864501953,-0.17937148942594305,17.270616807818282,"[-1.0, -0.41243404150009155]",1.6217130331069762,True
64,29,63.408592224121094,2.4171242713928223,-0.2191038555191085,16.554167961909226,"[-1.0, -0.4204164445400238]",1.4378457820574568,True
64,30,65.00318908691406,2.0305685997009277,-0.2589296985665346,15.828593384419433,"[-1.0, -0.428002268075943]",1.2807396432547764,True
64,31,66.510498046875,1.5982587337493896,-0.29921640164059937,15.094084719232088,"[-1.0, -0.43540850281715393]",1.147280259459476,True
64,32,67.92788696289062,1.124522089958191,-0.34042162897463246,14.350377290341099,"[-1.0, -0.43597695231437683]",1.0339061918299262,True
64,33,69.25274658203125,0.6138361692428589,-0.38294685210296286,13.597268222823336,"[-1.0, -0.4367094039916992]",0.9372820211650209,True
64,34,70.48274993896484,0.07110950350761414,-0.42715133145664286,12.836516924759776,"[-1.0, -0.43658050894737244]",0.8543373375658844,True
64,35,71.61585235595703,-0.4983234703540802,-0.47334639056710337,12.066881098274841,"[-1.0, -0.44091081619262695]",0.7823939781897709,True
64,36,72.6502914428711,-1.0887585878372192,-0.5218626608836763,11.29187052476937,"[-1.0, -0.43891438841819763]",0.719237001115944,True
64,37,73.5846176147461,-1.6943551301956177,-0.5730032101384133,10.510004862742763,"[-1.0, -0.4406889081001282]",0.6631429006773228,True
64,38,74.41766357421875,-2.3088226318359375,-0.627072970276128,9.724105148541382,"[-1.0, -0.4379098415374756]",0.6124870261760635,True
64,39,75.14871215820312,-2.9255263805389404,-0.6843357274027948,8.933014556187555,"[-1.0, -0.4376823902130127]",0.5659650794299218,True
64,40,75.77749633789062,-3.537127733230591,-0.7450789697580849,8.135364351193122,"[-1.0, -0.4405091106891632]",0.5222146564032341,True
64,41,76.30429077148438,-4.135581970214844,-0.80966222408916,7.331762378734942,"[-1.0, -0.4402918517589569]",0.48002585490119704,True
64,42,76.73004150390625,-4.7121686935424805,-0.8784788392890253,6.520128965096752,"[-1.0, -0.4414497911930084]",0.4382919008378212,True
64,43,77.05664825439453,-5.257220268249512,-0.9519703674664166,5.700268493534643,"[-1.0, -0.43753185868263245]",0.39581234733501586,True
64,44,77.28734588623047,-5.759918689727783,-1.0305725017756693,4.8636212734274515,"[-1.0, -0.4345315098762512]",0.3512472759486709,True
64,45,77.42766571044922,-6.207123279571533,-1.1146836511158593,3.9806437425327013,"[-1.0, -0.43351316452026367]",0.30246834750552287,True
64,46,77.4892578125,-6.581262588500977,-1.2036803694758005,3.083607575396413,"[-1.0, -0.4310702681541443]",0.24650451224784853,True
64,47,77.49835968017578,-6.872422218322754,-1.288308971015793,2.2251801644565323,"[-1.0, -0.4211046099662781]",0.188186555593306,True
64,48,77.4798583984375,-7.075962543487549,-1.3565599308001266,1.3007549648513663,"[-1.0, -0.4124259352684021]",0.12897651202756727,True
64,49,77.45851135253906,-7.185680866241455,-1.4011516337763048,0.38614048949704394,"[-1.0, -0.40311509370803833]",0.06754169567999567,True
64,50,77.4554214477539,-7.208716869354248,-1.4206403803173941,0.1083031066783384,"[-1.0, -0.39322569966316223]",0.014409755035227421,True
64,51,77.462646484375,-7.201373100280762,-1.421157299884979,0.08885898105715868,"[-1.0, -0.3810908794403076]",-0.0036494439134060613,True
64,52,77.46701049804688,-7.194753646850586,-1.4212632936963647,0.04398453556738001,"[-1.0, -0.37212640047073364]",-0.0035843947503051586,True
64,53,77.46822357177734,-7.191370487213135,-1.4208968427303699,0.005183762147773249,"[-1.0, -0.37141579389572144]",-0.001972975954319689,True
64,54,77.46826171875,-7.1915459632873535,-1.420630260305252,0.015380916231837268,"[-1.0, -0.36641010642051697]",0.00017908101056694737,True
64,55,77.46802520751953,-7.192317962646484,-1.4205703391807258,0.046190468866452956,"[-1.0, -0.3606283962726593]",0.0006658955426671869,True
64,56,77.46853637695312,-7.190394401550293,-1.419953551072263,0.010922857863998062,"[-1.0, -0.35760506987571716]",-0.0010969995655828342,True
64,57,77.46906280517578,-7.189697742462158,-1.4197040128781229,0.0028823116394157203,"[-1.0, -0.3589078485965729]",-0.00038073293456584783,True
64,58,77.46904754638672,-7.189440727233887,-1.4197189265802272,0.0028324097868960923,"[-1.0, -0.36510637402534485]",-0.00014562366369259204,True
64,59,77.46891784667969,-7.189420223236084,-1.419725051850735,0.0033371051532192883,"[-1.0, -0.36260077357292175]",-5.668889177544607e-06,True
64,60,77.46887969970703,-7.18932580947876,-1.419700550768706,0.0035549395849483476,"[-1.0, -0.3650543987751007]",-4.421891879870165e-05,True
64,61,77.46886444091797,-7.189384937286377,-1.4197002844525972,0.0034015013171060796,"[-1.0, -0.3683418929576874]",5.056451907159118e-05,True
64,62,77.4688949584961,-7.1893134117126465,-1.419681908641076,0.0035532983914509804,"[-1.0, -0.3710213601589203]",-2.5904916690292116e-05,True
64,63,77.46888732910156,-7.189373970031738,-1.4196883002276914,0.0033570088729216415,"[-1.0, -0.37631431221961975]",5.171854219360441e-05,True
64,64,77.46890258789062,-7.189295291900635,-1.4196747181061316,0.003580791447247365,"[-1.0, -0.3735376298427582]",-3.1118136783843986e-05,True
64,65,77.46888732910156,-7.189352512359619,-1.4196837728538387,0.0033576723807906355,"[-1.0, -0.3709665536880493]",4.9199049351261536e-05,True
64,66,77.46890258789062,-7.189273834228516,-1.4196701907322788,0.0035660095101754225,"[-1.0, -0.37989696860313416]",-3.118464073558967e-05,True
64,67,77.46888732910156,-7.189332962036133,-1.4196781802155494,0.003370160044365596,"[-1.0, -0.3772375285625458]",5.0423424188023535e-05,True
64,68,77.46890258789062,-7.18925666809082,-1.419664065461772,0.003560337760086209,"[-1.0, -0.3798423111438751]",-2.9749910476580132e-05,True
64,69,77.46888732910156,-7.189316272735596,-1.4196723212611513,0.0033723669937205073,"[-1.0, -0.37630605697631836]",5.0725393377524924e-05,True
64,70,77.46890258789062,-7.189239978790283,-1.4196587391395914,0.0035578274997737093,"[-1.0, -0.3776833713054657]",-2.976119533969874e-05,True
64,71,77.46888732910156,-7.189299583435059,-1.4196672612550802,0.003376146580545477,"[-1.0, -0.3783945143222809]",5.074239146405758e-05,True
64,72,77.46890258789062,-7.189223289489746,-1.4196536791335213,0.0035534002674788624,"[-1.0, -0.3676876723766327]",-2.978110657673791e-05,True
64,73,77.46888732910156,-7.1892828941345215,-1.4196622012490092,0.0033804729805312827,"[-1.0, -0.3720451593399048]",5.076185020626127e-05,True
64,74,77.46890258789062,-7.189206600189209,-1.4196486191274493,0.0035494623569022484,"[-1.0, -0.3636304438114166]",-2.9798815848281465e-05,True
64,75,77.46888732910156,-7.189266204833984,-1.4196571412429382,0.0033841498991480957,"[-1.0, -0.3670717179775238]",5.0778386285857224e-05,True
64,76,77.46890258789062,-7.189189910888672,-1.419643825437488,0.0035458843926707492,"[-1.0, -0.3671641945838928]",-2.9814905379035574e-05,True
64,77,77.46888732910156,-7.189249515533447,-1.4196526138690846,0.0033876830911672407,"[-1.0, -0.3686539828777313]",5.079427559221095e-05,True
64,78,77.46890258789062,-7.189173221588135,-1.419639564379743,0.003542362971068113,"[-1.0, -0.3701545298099518]",-2.9830740467959796e-05,True
64,79,77.46888732910156,-7.18923282623291,-1.4196483528113397,0.003391141830208177,"[-1.0, -0.37053751945495605]",5.0809829877926314e-05,True
64,80,77.46890258789062,-7.189157962799072,-1.4196350370058894,0.0035390014418987727,"[-1.0, -0.373834490776062]",-2.8969712882910208e-05,True
64,81,77.46888732910156,-7.189219951629639,-1.4196440917535966,0.003394405741965236,"[-1.0, -0.3740663528442383]",5.228474835749288e-05,True
64,82,77.46890258789062,-7.189146041870117,-1.419631042264255,0.0035357906960176862,"[-1.0, -0.37681344151496887]",-2.840005718180906e-05,True
64,83,77.46888732910156,-7.189208030700684,-1.4196400970119614,0.0033975906945470694,"[-1.0, -0.3768135607242584]",5.22990733361791e-05,True
64,84,77.46890258789062,-7.189134120941162,-1.419627047522619,0.003532669617972885,"[-1.0, -0.37637197971343994]",-2.8414094092695596e-05,True
64,85,77.46888732910156,-7.1891961097717285,-1.419636102270326,0.003400614195752466,"[-1.0, -0.37634432315826416]",5.2312671783671344e-05,True
64,86,77.46890258789062,-7.189122200012207,-1.4196233190970933,0.003529704427967411,"[-1.0, -0.37500354647636414]",-2.8427429500299727e-05,True
64,87,77.46888732910156,-7.189184188842773,-1.4196326401609092,0.0034035282464713198,"[-1.0, -0.37435656785964966]",5.2325777700421434e-05,True
64,88,77.46890258789062,-7.189110279083252,-1.4196198569876763,0.0035268452125521077,"[-1.0, -0.3731261193752289]",-2.8440288015142665e-05,True
64,89,77.46888732910156,-7.189172267913818,-1.4196291780514922,0.0034063110347700644,"[-1.0, -0.37343326210975647]",5.233829294338646e-05,True
64,90,77.46890258789062,-7.189098358154297,-1.4196163948782594,0.0035241534883507872,"[-1.0, -0.37346431612968445]",-2.8452392815969966e-05,True
64,91,77.46888732910156,-7.189160346984863,-1.419625982258184,0.003408968504527757,"[-1.0, -0.3727811276912689]",5.235024424936404e-05,True
64,92,77.46890258789062,-7.189086437225342,-1.4196131990849512,0.003521522904445439,"[-1.0, -0.3732353150844574]",-2.846422250322896e-05,True
64,93,77.46888732910156,-7.189148426055908,-1.419622520148767,0.003411511780879613,"[-1.0, -0.37341898679733276]",5.236168168501536e-05,True
64,94,77.46890258789062,-7.189074516296387,-1.4196102696077517,0.0035190559930547136,"[-1.0, -0.37516114115715027]",-2.84753156499613e-05,True
64,95,77.46888732910156,-7.189136505126953,-1.4196198569876763,0.0034139197375359577,"[-1.0, -0.37536635994911194]",5.2372510167826014e-05,True
64,96,77.46890258789062,-7.189062595367432,-1.4196073401305531,0.0035167069783104163,"[-1.0, -0.37561675906181335]",-2.8485878254679284e-05,True
64,97,77.46888732910156,-7.189124584197998,-1.4196169275104769,0.0034162072021514714,"[-1.0, -0.3764505982398987]",5.2382796447111076e-05,True
64,98,77.46890258789062,-7.189052104949951,-1.4196044106533545,0.0035144327358768183,"[-1.0, -0.3766115605831146]",-2.7619961911648883e-05,True
64,99,77.46888732910156,-7.189116477966309,-1.4196139980332783,0.0034184900304206453,"[-1.0, -0.376895546913147]",5.3853301713652164e-05,True
64,100,77.46890258789062,-7.189044952392578,-1.4196017474922638,0.003512240043507532,"[-1.0, -0.3767152428627014]",-2.7045728717857564e-05,True
64,101,77.46888732910156,-7.1891093254089355,-1.4196113348721884,0.0034205860160479258,"[-1.0, -0.37653717398643494]",5.386272917966112e-05,True
64,102,77.46890258789062,-7.189037799835205,-1.4195993506472826,0.0035101874157784465,"[-1.0, -0.37649255990982056]",-2.7054960856609104e-05,True
64,103,77.46888732910156,-7.1891021728515625,-1.4196089380272072,0.003422622207887082,"[-1.0, -0.3764958083629608]",5.3871887587834366e-05,True
64,104,77.46890258789062,-7.189030647277832,-1.4195969538023014,0.003508157530319999,"[-1.0, -0.3764931261539459]",-2.7064090633826494e-05,True
64,105,77.46888732910156,-7.1890950202941895,-1.419606541182226,0.0034246029054426225,"[-1.0, -0.3764963448047638]",5.388079626107321e-05,True
64,106,77.46890258789062,-7.189023494720459,-1.4195945569573212,0.003506244572587704,"[-1.0, -0.3764937222003937]",-2.7072694264697907e-05,True
64,107,77.46888732910156,-7.189087867736816,-1.4196044106533545,0.003426463989379292,"[-1.0, -0.37649691104888916]",5.388916668368527e-05,True
64,108,77.46890258789062,-7.189016342163086,-1.4195924264284487,0.0035044774639963927,"[-1.0, -0.37649422883987427]",-2.7080641556671325e-05,True
64,109,77.46888732910156,-7.189080715179443,-1.4196020138083725,0.003428184146252614,"[-1.0, -0.376497358083725]",5.389690292030141e-05,True
64,110,77.46890258789062,-7.189009189605713,-1.4195902958995763,0.0035027071677106378,"[-1.0, -0.37649473547935486]",-2.708860319326974e-05,True
64,111,77.46888732910156,-7.18907356262207,-1.4196001495956097,0.003429920014133697,"[-1.0, -0.37649789452552795]",5.390470987066333e-05,True
64,112,77.46890258789062,-7.18900203704834,-1.4195881653707048,0.0035010507202688844,"[-1.0, -0.3764951825141907]",-2.7096052510070147e-05,True
64,113,77.46888732910156,-7.189066410064697,-1.4195982853828468,0.0034315238011978287,"[-1.0, -0.37649834156036377]",5.3911922443138115e-05,True
64,114,77.46890258789062,-7.188994884490967,-1.4195860348418332,0.0034994931245983752,"[-1.0, -0.37649568915367126]",-2.7103056997452667e-05,True
64,115,77.46888732910156,-7.189059257507324,-1.419596421170084,0.0034330648621827362,"[-1.0, -0.37649890780448914]",5.391885274825639e-05,True
64,116,77.46890258789062,-7.188987731933594,-1.4195841706290695,0.0034979765750546327,"[-1.0, -0.37649616599082947]",-2.710987677015931e-05,True
64,117,77.46888732910156,-7.189052104949951,-1.4195945569573212,0.0034345423645480095,"[-1.0, -0.3764992952346802]",5.392549705024445e-05,True
64,118,77.46890258789062,-7.188980579376221,-1.4195825727324154,0.0034965167158356293,"[-1.0, -0.3764965832233429]",-2.71164414541682e-05,True
64,119,77.46888732910156,-7.189044952392578,-1.4195926927445583,0.003435965364867676,"[-1.0, -0.37649956345558167]",5.393189610013271e-05,True
64,120,77.46890258789062,-7.188973426818848,-1.4195809748357613,0.0034951117974342883,"[-1.0, -0.37649697065353394]",-2.7122758893839462e-05,True
64,121,77.46888732910156,-7.189037799835205,-1.4195910948479034,0.0034373312789459398,"[-1.0, -0.3764999508857727]",5.393803824417109e-05,True
64,122,77.46890258789062,-7.188966274261475,-1.4195791106229976,0.0034938100051039116,"[-1.0, -0.3764973282814026]",-2.712861226619139e-05,True
64,123,77.46888732910156,-7.189030647277832,-1.4195894969512501,0.003438628251855998,"[-1.0, -0.37650036811828613]",5.394387015295255e-05,True
64,124,77.46890258789062,-7.188959121704102,-1.419577779042454,0.003492523019690252,"[-1.0, -0.3764978051185608]",-2.713439900031266e-05,True
64,125,77.46888732910156,-7.189023494720459,-1.4195881653707048,0.0034398646967500816,"[-1.0, -0.37650057673454285]",5.394942969987297e-05,True
64,126,77.46890258789062,-7.1889519691467285,-1.4195764474619086,0.0034913415547542176,"[-1.0, -0.3764980733394623]",-2.7139710899390044e-05,True
64,127,77.46888732910156,-7.189016342163086,-1.4195865674740507,0.0034410106300692984,"[-1.0, -0.3765008747577667]",5.3954581934048345e-05,True
64,128,77.46890258789062,-7.188946723937988,-1.4195748495652545,0.003490187281390762,"[-1.0, -0.37649834156036377]",-2.5976711374462212e-05,True
64,129,77.46888732910156,-7.189013481140137,-1.4195852358935053,0.003442157009734717,"[-1.0, -0.3765012323856354]",5.541997523534104e-05,True
64,130,77.46890258789062,-7.188944339752197,-1.419573517984709,0.003489080878773938,"[-1.0, -0.3764987587928772]",-2.568964106357469e-05,True
64,131,77.46888732910156,-7.189011096954346,-1.4195839043129608,0.0034432379227765956,"[-1.0, -0.37650159001350403]",5.542483781636262e-05,True
64,132,77.46890258789062,-7.188941955566406,-1.4195721864041637,0.003488017963736499,"[-1.0, -0.37649908661842346]",-2.5694422639365428e-05,True
64,133,77.46888732910156,-7.189008712768555,-1.4195825727324154,0.003444287809193712,"[-1.0, -0.37650197744369507]",5.542956079533633e-05,True
64,134,77.46890258789062,-7.188939571380615,-1.419571121139728,0.0034869941900319925,"[-1.0, -0.37649935483932495]",-2.569902809692154e-05,True
64,135,77.46888732910156,-7.189006328582764,-1.4195815074679796,0.0034453066740055788,"[-1.0, -0.3765021860599518]",5.543414417708642e-05,True
64,136,77.46890258789062,-7.188937187194824,-1.4195700558752922,0.003485976915180271,"[-1.0, -0.37649965286254883]",-2.5703604274112977e-05,True
64,137,77.46888732910156,-7.189003944396973,-1.419580442203543,0.003446295601300795,"[-1.0, -0.3765023946762085]",5.5438592822248004e-05,True
64,138,77.46890258789062,-7.188934803009033,-1.4195687242947468,0.003485026030872589,"[-1.0, -0.37649989128112793]",-2.5707881715172526e-05,True
64,139,77.46888732910156,-7.189001560211182,-1.4195791106229976,0.003447172736671793,"[-1.0, -0.37650275230407715]",5.544253842151419e-05,True
64,140,77.46890258789062,-7.188932418823242,-1.419567659030311,0.0034841850510347805,"[-1.0, -0.3765002489089966]",-2.571166458611764e-05,True
64,141,77.46888732910156,-7.188999176025391,-1.4195783116746714,0.0034480198708864403,"[-1.0, -0.3765029311180115]",5.54463490191295e-05,True
64,142,77.46890258789062,-7.188930034637451,-1.4195665937658752,0.003483344501277675,"[-1.0, -0.3765004873275757]",-2.571544553591045e-05,True
64,143,77.46888732910156,-7.1889967918396,-1.419576980094126,0.003448834908955655,"[-1.0, -0.3765032887458801]",5.545001518053765e-05,True
64,144,77.46890258789062,-7.18892765045166,-1.4195655285014386,0.0034825324407204337,"[-1.0, -0.3765007555484772]",-2.571909825232944e-05,True
64,145,77.46888732910156,-7.188994407653809,-1.4195761811457999,0.003449677715208936,"[-1.0, -0.3765034079551697]",5.5453806284563243e-05,True
64,146,77.46890258789062,-7.188925266265869,-1.4195644632370028,0.003481691592715214,"[-1.0, -0.3765009939670563]",-2.5722880544238763e-05,True
64,147,77.46888732910156,-7.188992023468018,-1.4195751158813632,0.0034504732074258503,"[-1.0, -0.37650373578071594]",5.54573845038469e-05,True
64,148,77.46890258789062,-7.188922882080078,-1.4195636642886758,0.00348093537661997,"[-1.0, -0.3765011727809906]",-2.572628197478962e-05,True
64,149,77.46888732910156,-7.188989639282227,-1.4195743169330362,0.003451217301013801,"[-1.0, -0.3765038847923279]",5.54607313973258e-05,True
64,150,77.46890258789062,-7.188920497894287,-1.4195628653403487,0.0034802061760123614,"[-1.0, -0.3765014111995697]",-2.572956183919884e-05,True
64,151,77.46888732910156,-7.1889872550964355,-1.419573517984709,0.0034519155092938374,"[-1.0, -0.3765040338039398]",5.546387184244622e-05,True
64,152,77.46890258789062,-7.188918113708496,-1.4195620663920216,0.0034795621166132467,"[-1.0, -0.37650156021118164]",-2.5732458578827977e-05,True
64,153,77.46888732910156,-7.1889848709106445,-1.4195724527202733,0.0034525177360202014,"[-1.0, -0.37650421261787415]",5.5466580335047976e-05,True
64,154,77.46890258789062,-7.188915729522705,-1.4195610011275859,0.003478952750914528,"[-1.0, -0.37650182843208313]",-2.5735199171936332e-05,True
64,155,77.46888732910156,-7.1889824867248535,-1.419571920088055,0.003453150885710707,"[-1.0, -0.37650448083877563]",5.546942800230465e-05,True
64,156,77.46890258789062,-7.188913345336914,-1.4195604684953675,0.00347830400316243,"[-1.0, -0.37650203704833984]",-2.5738116994943034e-05,True
64,157,77.46888732910156,-7.1889801025390625,-1.419571121139728,0.003453773628452555,"[-1.0, -0.37650468945503235]",5.547222881697608e-05,True
64,158,77.46890258789062,-7.188910961151123,-1.4195596695470405,0.0034776908134042175,"[-1.0, -0.3765021860599518]",-2.574087481052997e-05,True
64,159,77.46888732910156,-7.1889777183532715,-1.419570322191401,0.003454386269785971,"[-1.0, -0.3765047490596771]",5.547498419307314e-05,True
64,160,77.46890258789062,-7.188908576965332,-1.4195591369148222,0.0034771059262800404,"[-1.0, -0.3765023946762085]",-2.574350526071103e-05,True
64,161,77.46888732910156,-7.1889753341674805,-1.4195700558752922,0.0034549350274254605,"[-1.0, -0.3765048682689667]",5.547745209254753e-05,True
64,162,77.46890258789062,-7.188906192779541,-1.4195586042826047,0.003476571643358096,"[-1.0, -0.37650245428085327]",-2.574590800974561e-05,True
64,163,77.46888732910156,-7.1889729499816895,-1.4195692569269651,0.0034554887021915753,"[-1.0, -0.3765050172805786]",5.547994211909174e-05,True
64,164,77.46890258789062,-7.18890380859375,-1.4195578053342777,0.0034760089780585574,"[-1.0, -0.3765026032924652]",-2.57484384617158e-05,True
64,165,77.46888732910156,-7.188970565795898,-1.419568457978638,0.003456046193133791,"[-1.0, -0.3765052258968353]",5.548244931842839e-05,True
64,166,77.46890258789062,-7.188901424407959,-1.4195572727020593,0.003475446302050442,"[-1.0, -0.37650275230407715]",-2.5750968965427293e-05,True
64,167,77.46888732910156,-7.188968181610107,-1.4195679253464206,0.003456605475022608,"[-1.0, -0.3765052855014801]",5.548496457702475e-05,True
64,168,77.46890258789062,-7.188899040222168,-1.419556740069842,0.0034749429939102054,"[-1.0, -0.3765028715133667]",-2.5753232310180623e-05,True
64,169,77.46888732910156,-7.188965797424316,-1.419567659030311,0.003457060061846035,"[-1.0, -0.37650537490844727]",5.548700869361601e-05,True
64,170,77.46890258789062,-7.188896656036377,-1.4195562074376245,0.0034744943353918166,"[-1.0, -0.37650299072265625]",-2.575524973518835e-05,True
64,171,77.46888732910156,-7.188963413238525,-1.4195671263980927,0.0034575027652793905,"[-1.0, -0.3765055537223816]",5.54889993491628e-05,True
64,172,77.46890258789062,-7.188894271850586,-1.4195559411215148,0.003474055702630394,"[-1.0, -0.3765031397342682]",-2.5757222040737014e-05,True
64,173,77.46888732910156,-7.188961029052734,-1.4195665937658752,0.003457934965248696,"[-1.0, -0.376505583524704]",5.5490942735568645e-05,True
64,174,77.46890258789062,-7.188891887664795,-1.4195554084892965,0.0034736291264447173,"[-1.0, -0.3765031695365906]",-2.5759140095247535e-05,True
64,175,77.46888732910156,-7.188958644866943,-1.419566061133657,0.003458356664718399,"[-1.0, -0.37650570273399353]",5.5492838876831704e-05,True
64,176,77.46890258789062,-7.188889503479004,-1.419554875857079,0.00347322582035516,"[-1.0, -0.37650325894355774]",-2.576095343077281e-05,True
64,177,77.46888732910156,-7.188956260681152,-1.4195655285014386,0.0034587450938895524,"[-1.0, -0.3765058219432831]",5.549458528398773e-05,True
64,178,77.46890258789062,-7.188887119293213,-1.4195543432248607,0.00347282470363857,"[-1.0, -0.3765033781528473]",-2.576275691767244e-05,True
64,179,77.46888732910156,-7.188953876495361,-1.4195652621853299,0.0034591399067336465,"[-1.0, -0.37650591135025024]",5.5496360428330125e-05,True
64,180,77.46890258789062,-7.188884735107422,-1.4195540769087511,0.0034724506029883712,"[-1.0, -0.37650352716445923]",-2.5764438828720597e-05,True
64,181,77.46888732910156,-7.18895149230957,-1.4195649958692211,0.0034595048667444167,"[-1.0, -0.37650594115257263]",5.5498001224264427e-05,True
64,182,77.46890258789062,-7.188882350921631,-1.4195540769087511,0.0034720947468640903,"[-1.0, -0.3765035569667816]",-2.576603864295484e-05,True
64,183,77.46888732910156,-7.188949108123779,-1.4195647295531124,0.003459850293586027,"[-1.0, -0.37650594115257263]",5.549955415291192e-05,True
64,184,77.46890258789062,-7.18887996673584,-1.4195535442765337,0.0034717552108496654,"[-1.0, -0.3765036165714264]",-2.576756502735287e-05,True
64,185,77.46888732910156,-7.188946723937988,-1.4195644632370028,0.003460185103988941,"[-1.0, -0.3765060603618622]",5.5501059286269005e-05,True
64,186,77.46890258789062,-7.188877582550049,-1.4195530116443154,0.0034714362164207225,"[-1.0, -0.37650370597839355]",-2.576899896395809e-05,True
64,187,77.46888732910156,-7.188944339752197,-1.4195639306047845,0.00346049938110017,"[-1.0, -0.3765062391757965]",5.550247202691894e-05,True
64,188,77.46890258789062,-7.188875198364258,-1.4195527453282066,0.0034711073502983183,"[-1.0, -0.3765038251876831]",-2.5770477323183883e-05,True
64,189,77.46888732910156,-7.188941955566406,-1.419563397972567,0.0034608299847797624,"[-1.0, -0.3765062391757965]",5.550395821581022e-05,True
64,190,77.46890258789062,-7.188872814178467,-1.419552479012097,0.003470793567656861,"[-1.0, -0.3765038847923279]",-2.5771887803192708e-05,True
64,191,77.46888732910156,-7.188939571380615,-1.4195631316564583,0.003461127249485044,"[-1.0, -0.3765062391757965]",5.550529440063339e-05,True
64,192,77.46890258789062,-7.188870429992676,-1.4195519463798796,0.003470507016761876,"[-1.0, -0.37650394439697266]",-2.5773175743895116e-05,True
64,193,77.46888732910156,-7.188937187194824,-1.4195631316564583,0.0034613982497957254,"[-1.0, -0.37650638818740845]",5.550651238857543e-05,True
64,194,77.46890258789062,-7.188868045806885,-1.4195516800637709,0.0034702437236752374,"[-1.0, -0.37650400400161743]",-2.5774359020907253e-05,True
64,195,77.46888732910156,-7.188934803009033,-1.4195628653403487,0.0034616549619227214,"[-1.0, -0.3765064775943756]",5.550766606903274e-05,True
64,196,77.46890258789062,-7.188865661621094,-1.4195516800637709,0.0034699880107271226,"[-1.0, -0.3765040934085846]",-2.577550817308518e-05,True
64,197,77.46888732910156,-7.188932418823242,-1.41956259902424,0.0034619094395760223,"[-1.0, -0.37650641798973083]",5.550880970856929e-05,True
64,198,77.46890258789062,-7.188863277435303,-1.4195514137476613,0.0034697653253825942,"[-1.0, -0.3765040636062622]",-2.577650873302139e-05,True
64,199,77.46888732910156,-7.188930034637451,-1.4195623327081304,0.003462105302036747,"[-1.0, -0.3765064477920532]",5.550968957973923e-05,True
64,200,77.46890258789062,-7.188860893249512,-1.4195514137476613,0.0034695682802565173,"[-1.0, -0.3765040934085846]",-2.5777393894210998e-05,True
64,201,77.46888732910156,-7.18892765045166,-1.4195623327081304,0.0034623176530213574,"[-1.0, -0.37650641798973083]",5.55106436315031e-05,True
64,202,77.46890258789062,-7.188858509063721,-1.4195511474315525,0.0034693618087847564,"[-1.0, -0.3765040934085846]",-2.57783214775089e-05,True
64,203,77.46888732910156,-7.188925266265869,-1.4195620663920216,0.0034625067956382182,"[-1.0, -0.3765064775943756]",5.551149328113923e-05,True
64,204,77.46890258789062,-7.18885612487793,-1.4195511474315525,0.0034691759329992244,"[-1.0, -0.3765040934085846]",-2.5779156390876908e-05,True
64,205,77.46888732910156,-7.188922882080078,-1.4195620663920216,0.0034627094600767298,"[-1.0, -0.3765064775943756]",5.5512403757656506e-05,True
64,206,77.46890258789062,-7.188853740692139,-1.4195511474315525,0.003468983092289813,"[-1.0, -0.376504123210907]",-2.578002263574424e-05,True
64,207,77.46888732910156,-7.188920497894287,-1.4195620663920216,0.0034628863270569736,"[-1.0, -0.3765064775943756]",5.551319813850614e-05,True
64,208,77.46890258789062,-7.188851356506348,-1.419550881115443,0.0034688073648542843,"[-1.0, -0.376504123210907]",-2.5780811853115527e-05,True
64,209,77.46888732910156,-7.188918113708496,-1.419561800075913,0.0034630653354419685,"[-1.0, -0.3765065371990204]",5.551400216278259e-05,True
64,210,77.46890258789062,-7.188848972320557,-1.419550881115443,0.003468630824245446,"[-1.0, -0.37650418281555176]",-2.578160476174113e-05,True
64,211,77.46888732910156,-7.188915729522705,-1.419561800075913,0.003463232668790269,"[-1.0, -0.3765064775943756]",5.551475365649935e-05,True
64,212,77.46890258789062,-7.188846588134766,-1.4195506147993342,0.0034684790226809487,"[-1.0, -0.376504123210907]",-2.5782286330456346e-05,True
64,213,77.46888732910156,-7.188913345336914,-1.4195615337598042,0.003463386725344601,"[-1.0, -0.37650659680366516]",5.551544540109053e-05,True
64,214,77.46890258789062,-7.188844203948975,-1.4195506147993342,0.003468322122486215,"[-1.0, -0.37650418281555176]",-2.5782990843007626e-05,True
64,215,77.46888732910156,-7.188910961151123,-1.4195615337598042,0.0034635380114019657,"[-1.0, -0.376506507396698]",5.5516124664234504e-05,True
64,216,77.46890258789062,-7.188841819763184,-1.4195503484832255,0.0034681606159420357,"[-1.0, -0.37650418281555176]",-2.578371606636784e-05,True
64,217,77.46888732910156,-7.188908576965332,-1.4195612674436946,0.003463707687563714,"[-1.0, -0.37650659680366516]",5.5516886697059054e-05,True
64,218,77.46890258789062,-7.188839435577393,-1.4195503484832255,0.0034679885203041543,"[-1.0, -0.37650421261787415]",-2.5784488969071426e-05,True
64,219,77.46888732910156,-7.188906192779541,-1.4195612674436946,0.0034638590715134984,"[-1.0, -0.3765065371990204]",5.55175663971662e-05,True
64,220,77.46890258789062,-7.188837051391602,-1.4195500821671168,0.003467843849271835,"[-1.0, -0.37650421261787415]",-2.578513843262827e-05,True
64,221,77.46888732910156,-7.18890380859375,-1.4195610011275859,0.0034640122230991353,"[-1.0, -0.37650665640830994]",5.551825406939826e-05,True
64,222,77.46890258789062,-7.1888346672058105,-1.4195498158510071,0.003467689473795107,"[-1.0, -0.37650421261787415]",-2.5785831601712095e-05,True
64,223,77.46888732910156,-7.188901424407959,-1.4195610011275859,0.0034641511640893952,"[-1.0, -0.37650665640830994]",5.5518877797503826e-05,True
64,224,77.46890258789062,-7.1888322830200195,-1.4195498158510071,0.0034675490358864014,"[-1.0, -0.3765042722225189]",-2.578646203042353e-05,True
64,225,77.46888732910156,-7.188899040222168,-1.4195610011275859,0.003464287691231673,"[-1.0, -0.37650665640830994]",5.551949065618805e-05,True
64,226,77.46890258789062,-7.1888298988342285,-1.4195495495348984,0.003467411533557093,"[-1.0, -0.3765043020248413]",-2.578707924902768e-05,True
64,227,77.46888732910156,-7.188896656036377,-1.4195607348114763,0.003464428151816973,"[-1.0, -0.3765067160129547]",5.552012121891858e-05,True
64,228,77.46890258789062,-7.1888275146484375,-1.4195495495348984,0.003467281698932944,"[-1.0, -0.3765043616294861]",-2.578766196651133e-05,True
64,229,77.46888732910156,-7.188894271850586,-1.4195607348114763,0.003464548381999832,"[-1.0, -0.3765066862106323]",5.552066074839085e-05,True
64,230,77.46890258789062,-7.1888251304626465,-1.4195495495348984,0.0034671560124120955,"[-1.0, -0.3765043616294861]",-2.578822603174098e-05,True
64,231,77.46888732910156,-7.188891887664795,-1.4195604684953675,0.0034646754356644624,"[-1.0, -0.3765067160129547]",5.552123097642566e-05,True
64,232,77.46890258789062,-7.1888227462768555,-1.4195495495348984,0.0034670380896773827,"[-1.0, -0.3765043020248413]",-2.5788755142169452e-05,True
64,233,77.46888732910156,-7.188889503479004,-1.4195604684953675,0.003464790107781349,"[-1.0, -0.3765066862106323]",5.5521745494601055e-05,True
64,234,77.46890258789062,-7.1888203620910645,-1.4195492832187888,0.0034669189168649046,"[-1.0, -0.3765043020248413]",-2.578928988150058e-05,True
64,235,77.46888732910156,-7.188887119293213,-1.4195602021792588,0.0034648957568064235,"[-1.0, -0.3765067160129547]",5.5522219387547e-05,True
64,236,77.46890258789062,-7.188817977905273,-1.41954901690268,0.00346681622783204,"[-1.0, -0.3765043318271637]",-2.578975042605988e-05,True
64,237,77.46888732910156,-7.188884735107422,-1.4195602021792588,0.003465019788800354,"[-1.0, -0.3765067756175995]",5.5522776007405525e-05,True
64,238,77.46890258789062,-7.188815593719482,-1.41954901690268,0.003466711817511221,"[-1.0, -0.37650439143180847]",-2.5790218730625828e-05,True
64,239,77.46888732910156,-7.188882350921631,-1.4195602021792588,0.0034651056204852834,"[-1.0, -0.3765067458152771]",5.5523160740084387e-05,True
64,240,77.46890258789062,-7.188813209533691,-1.41954901690268,0.003466608872257814,"[-1.0, -0.37650439143180847]",-2.5790680445941138e-05,True
64,241,77.46888732910156,-7.18887996673584,-1.4195602021792588,0.003465218125092538,"[-1.0, -0.3765067160129547]",5.5523665500913726e-05,True
64,242,77.46890258789062,-7.1888108253479,-1.41954901690268,0.003466499026391873,"[-1.0, -0.37650439143180847]",-2.5791173228223704e-05,True
64,243,77.46888732910156,-7.188877582550049,-1.4195602021792588,0.0034653288731029425,"[-1.0, -0.3765067160129547]",5.552416235705723e-05,True
64,244,77.46890258789062,-7.188808441162109,-1.41954901690268,0.0034663923936839795,"[-1.0, -0.3765043616294861]",-2.5791651533531486e-05,True
64,245,77.46888732910156,-7.188875198364258,-1.4195602021792588,0.0034654318494260943,"[-1.0, -0.3765066862106323]",5.55246242406081e-05,True
64,246,77.46890258789062,-7.188806056976318,-1.41954901690268,0.0034662918631638414,"[-1.0, -0.3765043616294861]",-2.5792102382547084e-05,True
64,247,77.46888732910156,-7.188872814178467,-1.4195602021792588,0.0034655440970828354,"[-1.0, -0.37650665640830994]",5.552512784516012e-05,True
64,248,77.46890258789062,-7.188803672790527,-1.41954901690268,0.0034661857827519974,"[-1.0, -0.3765042722225189]",-2.5792578202522648e-05,True
64,249,77.46888732910156,-7.188870429992676,-1.4195602021792588,0.0034656327085884364,"[-1.0, -0.37650665640830994]",5.5525525072821154e-05,True
64,250,77.46890258789062,-7.188801288604736,-1.41954901690268,0.003466095980762531,"[-1.0, -0.3765042722225189]",-2.5792980773150224e-05,True
64,251,77.46888732910156,-7.188868045806885,-1.4195602021792588,0.0034657191488383318,"[-1.0, -0.37650665640830994]",5.552591255825323e-05,True
64,252,77.46890258789062,-7.188798904418945,-1.41954901690268,0.003465999103262677,"[-1.0, -0.3765042722225189]",-2.5793415197785395e-05,True
64,253,77.46888732910156,-7.188866138458252,-1.4195602021792588,0.0034658094824109695,"[-1.0, -0.37650665640830994]",5.581836479980991e-05,True
64,254,77.46890258789062,-7.188797473907471,-1.41954901690268,0.0034659337022434466,"[-1.0, -0.3765042722225189]",-2.5501661314072404e-05,True
64,255,77.46888732910156,-7.188864231109619,-1.4195602021792588,0.00346589177052082,"[-1.0, -0.37650665640830994]",5.552668692576827e-05,True
64,256,77.46890258789062,-7.188797473907471,-1.41954901690268,0.003465849684618829,"[-1.0, -0.3765042722225189]",-2.4333850377639842e-05,True
64,257,77.46888732910156,-7.18886661529541,-1.4195602021792588,0.0034659562684180227,"[-1.0, -0.37650665640830994]",5.698721343243214e-05,True
64,258,77.46890258789062,-7.188799858093262,-1.41954901690268,0.0034657907970876874,"[-1.0, -0.3765042722225189]",-2.433411687788058e-05,True
64,259,77.46888732910156,-7.188868999481201,-1.4195602021792588,0.0034660079391825895,"[-1.0, -0.37650665640830994]",5.698744748919771e-05,True
64,260,77.46890258789062,-7.188802242279053,-1.41954901690268,0.00346572334263948,"[-1.0, -0.3765042722225189]",-2.4334421932800826e-05,True
64,261,77.46888732910156,-7.188871383666992,-1.4195602021792588,0.003466090457669836,"[-1.0, -0.37650665640830994]",5.698782036071534e-05,True
64,262,77.46890258789062,-7.188804626464844,-1.41954901690268,0.003465638441626566,"[-1.0, -0.3765043020248413]",-2.433480551502582e-05,True
64,263,77.46888732910156,-7.188873767852783,-1.4195602021792588,0.0034661704280869324,"[-1.0, -0.37650665640830994]",5.698818177302273e-05,True
64,264,77.46890258789062,-7.188807010650635,-1.41954901690268,0.003465577265521748,"[-1.0, -0.3765043020248413]",-2.4335082317400817e-05,True
64,265,77.46888732910156,-7.188876152038574,-1.4195602021792588,0.00346623426681259,"[-1.0, -0.3765066862106323]",5.6988470585613206e-05,True
64,266,77.46890258789062,-7.188809394836426,-1.41954901690268,0.003465503840947751,"[-1.0, -0.3765043616294861]",-2.433541423788712e-05,True
64,267,77.46888732910156,-7.188878536224365,-1.4195602021792588,0.003466296297035351,"[-1.0, -0.3765066862106323]",5.69887512457298e-05,True
64,268,77.46890258789062,-7.188811779022217,-1.41954901690268,0.0034654507991733717,"[-1.0, -0.37650439143180847]",-2.4335654435775137e-05,True
64,269,77.46888732910156,-7.188880920410156,-1.4195602021792588,0.0034663568848991885,"[-1.0, -0.3765067160129547]",5.698902544720566e-05,True
64,270,77.46890258789062,-7.188814163208008,-1.41954901690268,0.003465387636654013,"[-1.0, -0.37650439143180847]",-2.433594019122642e-05,True
64,271,77.46888732910156,-7.188883304595947,-1.4195602021792588,0.003466418982033179,"[-1.0, -0.3765067160129547]",5.698930642263364e-05,True
64,272,77.46890258789062,-7.188816547393799,-1.41954901690268,0.0034653284815479683,"[-1.0, -0.37650439143180847]",-2.4336207899106935e-05,True
64,273,77.46888732910156,-7.188885688781738,-1.4195602021792588,0.003466477517076668,"[-1.0, -0.3765067458152771]",5.698957135799623e-05,True
64,274,77.46890258789062,-7.18881893157959,-1.41954901690268,0.003465263581404714,"[-1.0, -0.37650442123413086]",-2.4336501445444038e-05,True
64,275,77.46888732910156,-7.188888072967529,-1.4195602021792588,0.0034665320999947152,"[-1.0, -0.3765067756175995]",5.698981851945246e-05,True
64,276,77.46890258789062,-7.188821315765381,-1.41954901690268,0.003465220047863355,"[-1.0, -0.37650442123413086]",-2.433669887049432e-05,True
64,277,77.46888732910156,-7.18889045715332,-1.4195602021792588,0.003466587432692233,"[-1.0, -0.3765067756175995]",5.699006905491631e-05,True
64,278,77.46890258789062,-7.188823699951172,-1.41954901690268,0.0034651643805181536,"[-1.0, -0.37650448083877563]",-2.4336950883451038e-05,True
64,279,77.46888732910156,-7.188892841339111,-1.4195602021792588,0.003466632683108681,"[-1.0, -0.37650683522224426]",5.6990274223668067e-05,True
64,280,77.46890258789062,-7.188826084136963,-1.41954901690268,0.0034651199683805632,"[-1.0, -0.37650448083877563]",-2.4337152262184368e-05,True
64,281,77.46888732910156,-7.188895225524902,-1.4195602021792588,0.0034666859301316437,"[-1.0, -0.37650683522224426]",5.6990515377149135e-05,True
64,282,77.46890258789062,-7.188828468322754,-1.41954901690268,0.003465072172015348,"[-1.0, -0.37650448083877563]",-2.4337368841520292e-05,True
64,283,77.46888732910156,-7.188897609710693,-1.4195602021792588,0.0034667195396734223,"[-1.0, -0.37650686502456665]",5.6990668158412165e-05,True
64,284,77.46890258789062,-7.188830852508545,-1.41954901690268,0.0034650274044608327,"[-1.0, -0.376504510641098]",-2.4337571823182495e-05,True
64,285,77.46888732910156,-7.188899993896484,-1.4195602021792588,0.0034667752006811462,"[-1.0, -0.37650686502456665]",5.699092017482465e-05,True
64,286,77.46890258789062,-7.188833236694336,-1.41954901690268,0.0034649501822063525,"[-1.0, -0.376504510641098]",-2.433792084744182e-05,True
64,287,77.46888732910156,-7.188902378082275,-1.4195602021792588,0.0034668356313301923,"[-1.0, -0.37650686502456665]",5.699119365107038e-05,True
64,288,77.46890258789062,-7.188835620880127,-1.41954901690268,0.003464939581226582,"[-1.0, -0.376504510641098]",-2.433797004399054e-05,True
64,289,77.46888732910156,-7.188904762268066,-1.4195602021792588,0.0034668344921198932,"[-1.0, -0.37650689482688904]",5.699119006650177e-05,True
64,290,77.46890258789062,-7.188838005065918,-1.41954901690268,0.003464933066000598,"[-1.0, -0.3765045404434204]",-2.4338000890174344e-05,True
64,291,77.46888732910156,-7.188907146453857,-1.4195602021792588,0.0034668489768491027,"[-1.0, -0.37650689482688904]",5.699125678610824e-05,True
64,292,77.46890258789062,-7.188840389251709,-1.41954901690268,0.0034648969421644913,"[-1.0, -0.3765045404434204]",-2.4338164953787425e-05,True
64,293,77.46888732910156,-7.188909530639648,-1.4195602021792588,0.0034669021826275836,"[-1.0, -0.3765069246292114]",5.699149773622558e-05,True
64,294,77.46890258789062,-7.1888427734375,-1.41954901690268,0.003464868909271848,"[-1.0, -0.3765045404434204]",-2.4338292611707633e-05,True
64,295,77.46888732910156,-7.1889119148254395,-1.4195602021792588,0.003466912408020308,"[-1.0, -0.3765069246292114]",5.699154530658142e-05,True
64,296,77.46890258789062,-7.188845157623291,-1.41954901690268,0.003464867082311629,"[-1.0, -0.3765045702457428]",-2.4338302346484647e-05,True
64,297,77.46888732910156,-7.1889142990112305,-1.4195602021792588,0.0034669196092433963,"[-1.0, -0.3765069544315338]",5.699157923619949e-05,True
64,298,77.46890258789062,-7.188847541809082,-1.41954901690268,0.003464829593838816,"[-1.0, -0.3765046298503876]",-2.4338472568726473e-05,True
64,299,77.46888732910156,-7.1889166831970215,-1.4195602021792588,0.0034669531954928112,"[-1.0, -0.3765069544315338]",5.699173193396316e-05,True
64,300,77.46890258789062,-7.188849925994873,-1.41954901690268,0.0034648011842813046,"[-1.0, -0.3765045702457428]",-2.4338601921638586e-05,True
64,301,77.46888732910156,-7.1889190673828125,-1.4195602021792588,0.0034669849441612333,"[-1.0, -0.3765069842338562]",5.6991876323532515e-05,True
64,302,77.46890258789062,-7.188852310180664,-1.41954901690268,0.0034647717418052172,"[-1.0, -0.3765046298503876]",-2.4338735922684296e-05,True
64,303,77.46888732910156,-7.1889214515686035,-1.4195602021792588,0.003467017797755644,"[-1.0, -0.3765069842338562]",5.6992025720795955e-05,True
64,304,77.46890258789062,-7.188854694366455,-1.41954901690268,0.003464742685916346,"[-1.0, -0.37650465965270996]",-2.4338868198298383e-05,True
64,305,77.46888732910156,-7.1889238357543945,-1.4195602021792588,0.0034670447045966175,"[-1.0, -0.3765070140361786]",5.699214834345807e-05,True
64,306,77.46890258789062,-7.188857078552246,-1.41954901690268,0.0034647264529003496,"[-1.0, -0.37650471925735474]",-2.433894275677368e-05,True
64,307,77.46888732910156,-7.1889262199401855,-1.4195602021792588,0.0034670533509283856,"[-1.0, -0.3765070140361786]",5.6992188772512486e-05,True
64,308,77.46890258789062,-7.188859462738037,-1.41954901690268,0.0034647132417438232,"[-1.0, -0.37650468945503235]",-2.4339003699117796e-05,True
64,309,77.46888732910156,-7.188928604125977,-1.4195602021792588,0.0034670951711575095,"[-1.0, -0.3765070140361786]",5.699237850542127e-05,True
64,310,77.46890258789062,-7.188861846923828,-1.41954901690268,0.003464697275297186,"[-1.0, -0.37650471925735474]",-2.4339077075794544e-05,True
64,311,77.46888732910156,-7.188930988311768,-1.4195602021792588,0.0034670796331214763,"[-1.0, -0.376507043838501]",5.699231012613687e-05,True
64,312,77.46890258789062,-7.188864231109619,-1.41954901690268,0.0034646769760099494,"[-1.0, -0.37650471925735474]",-2.433916993249042e-05,True
64,313,77.46888732910156,-7.188933372497559,-1.4195602021792588,0.0034671215303794423,"[-1.0, -0.37650710344314575]",5.699250018791188e-05,True
64,314,77.46890258789062,-7.18886661529541,-1.41954901690268,0.003464660510264696,"[-1.0, -0.37650471925735474]",-2.4339245538247376e-05,True
64,315,77.46888732910156,-7.18893575668335,-1.4195602021792588,0.0034671130458958912,"[-1.0, -0.37650713324546814]",5.699246356027178e-05,True
64,316,77.46890258789062,-7.188868999481201,-1.41954901690268,0.0034646674896245504,"[-1.0, -0.3765047788619995]",-2.43392156552422e-05,True
64,317,77.46888732910156,-7.188938140869141,-1.4195602021792588,0.0034671148925288944,"[-1.0, -0.37650713324546814]",5.6992473411998025e-05,True
64,318,77.46890258789062,-7.188871383666992,-1.41954901690268,0.003464645704458522,"[-1.0, -0.3765048086643219]",-2.4339315198392643e-05,True
64,319,77.46888732910156,-7.188940525054932,-1.4195602021792588,0.0034671363631298925,"[-1.0, -0.3765071630477905]",5.699257157158025e-05,True
64,320,77.46890258789062,-7.188873767852783,-1.41954901690268,0.003464637608050197,"[-1.0, -0.3765048086643219]",-2.4339353142133417e-05,True
64,321,77.46888732910156,-7.188942909240723,-1.4195602021792588,0.003467154662304592,"[-1.0, -0.3765071630477905]",5.699265544198057e-05,True
64,322,77.46890258789062,-7.188876152038574,-1.41954901690268,0.003464636200968749,"[-1.0, -0.3765048086643219]",-2.433936098745596e-05,True
64,323,77.46888732910156,-7.188945293426514,-1.4195602021792588,0.0034671416730329015,"[-1.0, -0.3765071630477905]",5.699259854634656e-05,True
64,324,77.46890258789062,-7.188878536224365,-1.41954901690268,0.0034646332958322454,"[-1.0, -0.3765048086643219]",-2.433937558113168e-05,True
64,325,77.46888732910156,-7.188947677612305,-1.4195602021792588,0.0034671509486862884,"[-1.0, -0.3765071928501129]",5.699264182511182e-05,True
64,326,77.46890258789062,-7.188880920410156,-1.41954901690268,0.0034646007359364897,"[-1.0, -0.3765048682689667]",-2.433952361056589e-05,True
64,327,77.46888732910156,-7.188950061798096,-1.4195602021792588,0.003467174870553057,"[-1.0, -0.3765071928501129]",5.6992750997626444e-05,True
64,328,77.46890258789062,-7.188883304595947,-1.41954901690268,0.0034645985107938115,"[-1.0, -0.3765048682689667]",-2.433953513716397e-05,True
64,329,77.46888732910156,-7.188952445983887,-1.4195602021792588,0.003467193519192734,"[-1.0, -0.3765072226524353]",5.6992836476146296e-05,True
64,330,77.46890258789062,-7.188885688781738,-1.41954901690268,0.0034645774111372657,"[-1.0, -0.3765048682689667]",-2.4339631595521745e-05,True
64,331,77.46888732910156,-7.188954830169678,-1.4195602021792588,0.0034672077157264555,"[-1.0, -0.3765072226524353]",5.6992901884662214e-05,True
64,332,77.46890258789062,-7.188888072967529,-1.41954901690268,0.003464554745930409,"[-1.0, -0.37650489807128906]",-2.4339735113066768e-05,True
64,333,77.46888732910156,-7.188957214355469,-1.4195602021792588,0.0034672383484844593,"[-1.0, -0.3765072524547577]",5.699304127039826e-05,True
64,334,77.46890258789062,-7.18889045715332,-1.41954901690268,0.003464525825344364,"[-1.0, -0.37650492787361145]",-2.4339866751396427e-05,True
64,335,77.46888732910156,-7.18895959854126,-1.4195602021792588,0.0034672589004168326,"[-1.0, -0.3765072524547577]",5.699313529597167e-05,True
64,336,77.46890258789062,-7.188892841339111,-1.41954901690268,0.003464503876472782,"[-1.0, -0.37650492787361145]",-2.4339967045432717e-05,True
64,337,77.46888732910156,-7.188961982727051,-1.4195602021792588,0.0034672860177944105,"[-1.0, -0.3765072822570801]",5.69932588624958e-05,True
64,338,77.46890258789062,-7.188895225524902,-1.41954901690268,0.0034644784290231547,"[-1.0, -0.37650492787361145]",-2.434008306885935e-05,True
64,339,77.46888732910156,-7.188964366912842,-1.4195602021792588,0.003467313060261112,"[-1.0, -0.3765072822570801]",5.6993382095473684e-05,True
64,340,77.46890258789062,-7.188897609710693,-1.41954901690268,0.0034644528705410856,"[-1.0, -0.37650492787361145]",-2.4340199591931975e-05,True
64,341,77.46888732910156,-7.188966751098633,-1.4195602021792588,0.003467330846676235,"[-1.0, -0.37650731205940247]",5.699346365845591e-05,True
64,342,77.46890258789062,-7.188899993896484,-1.41954901690268,0.0034644304228725266,"[-1.0, -0.3765049874782562]",-2.4340302116343804e-05,True
64,343,77.46888732910156,-7.188969135284424,-1.4195602021792588,0.003467357916961599,"[-1.0, -0.37650734186172485]",5.699358703082864e-05,True
64,344,77.46890258789062,-7.188902378082275,-1.41954901690268,0.0034644156732276596,"[-1.0, -0.3765049874782562]",-2.4340370013859874e-05,True
64,345,77.46888732910156,-7.188971519470215,-1.4195602021792588,0.0034673733973857226,"[-1.0, -0.37650737166404724]",5.6993658231062214e-05,True
64,346,77.46890258789062,-7.188904762268066,-1.41954901690268,0.0034644159993261763,"[-1.0, -0.3765050172805786]",-2.4340370056319864e-05,True
64,347,77.46888732910156,-7.188973903656006,-1.4195602021792588,0.003467366120262276,"[-1.0, -0.37650737166404724]",5.699362700812088e-05,True
64,348,77.46890258789062,-7.188907146453857,-1.41954901690268,0.003464430738932794,"[-1.0, -0.3765050172805786]",-2.4340305237993397e-05,True
64,349,77.46888732910156,-7.188976287841797,-1.4195602021792588,0.003467348307354254,"[-1.0, -0.37650737166404724]",5.699354840612337e-05,True
64,350,77.46890258789062,-7.188909530639648,-1.41954901690268,0.0034644189758426505,"[-1.0, -0.376505047082901]",-2.4340359681802355e-05,True
64,351,77.46888732910156,-7.188978672027588,-1.4195602021792588,0.003467374637102351,"[-1.0, -0.37650740146636963]",5.6993668414103974e-05,True
64,352,77.46890258789062,-7.1889119148254395,-1.41954901690268,0.0034643822839510448,"[-1.0, -0.3765051066875458]",-2.434052631942875e-05,True
64,353,77.46888732910156,-7.188981056213379,-1.4195602021792588,0.003467383088773652,"[-1.0, -0.376507431268692]",5.699370798850257e-05,True
64,354,77.46890258789062,-7.1889142990112305,-1.41954901690268,0.0034643965628302392,"[-1.0, -0.3765050768852234]",-2.4340463560164834e-05,True
64,355,77.46888732910156,-7.18898344039917,-1.4195602021792588,0.0034673879158931974,"[-1.0, -0.376507431268692]",5.699373124886554e-05,True
64,356,77.46890258789062,-7.1889166831970215,-1.41954901690268,0.003464390392735486,"[-1.0, -0.3765051066875458]",-2.434049284970539e-05,True
64,357,77.46888732910156,-7.188985824584961,-1.4195602021792588,0.0034673803734108573,"[-1.0, -0.37650740146636963]",5.6993698846020035e-05,True
64,358,77.46890258789062,-7.1889190673828125,-1.41954901690268,0.0034643961103940457,"[-1.0, -0.37650513648986816]",-2.4340468630145185e-05,True
64,359,77.46888732910156,-7.188988208770752,-1.4195602021792588,0.0034673873083533474,"[-1.0, -0.376507431268692]",5.699373159869169e-05,True
64,360,77.46890258789062,-7.1889214515686035,-1.41954901690268,0.003464386481885274,"[-1.0, -0.37650513648986816]",-2.4340513471890685e-05,True
64,361,77.46888732910156,-7.188990592956543,-1.4195602021792588,0.00346740803274695,"[-1.0, -0.37650740146636963]",5.6993826382577075e-05,True
64,362,77.46890258789062,-7.1889238357543945,-1.41954901690268,0.0034643650540333647,"[-1.0, -0.37650513648986816]",-2.434061140712759e-05,True
64,363,77.46888732910156,-7.188992977142334,-1.4195602021792588,0.0034674259309337716,"[-1.0, -0.37650740146636963]",5.699390848050636e-05,True
64,364,77.46890258789062,-7.1889262199401855,-1.41954901690268,0.0034643499793165027,"[-1.0, -0.37650519609451294]",-2.4340680767467637e-05,True
64,365,77.46888732910156,-7.188995361328125,-1.4195602021792588,0.003467434070218506,"[-1.0, -0.376507431268692]",5.699394664561269e-05,True
64,366,77.46890258789062,-7.188928604125977,-1.41954901690268,0.0034643366904531965,"[-1.0, -0.3765052258968353]",-2.434074207725583e-05,True
64,367,77.46888732910156,-7.188997745513916,-1.4195602021792588,0.0034674466757382227,"[-1.0, -0.376507431268692]",5.699400489811829e-05,True
64,368,77.46890258789062,-7.188930988311768,-1.41954901690268,0.003464329212310045,"[-1.0, -0.3765052258968353]",-2.4340777238803324e-05,True
64,369,77.46888732910156,-7.189000129699707,-1.4195602021792588,0.003467460690483804,"[-1.0, -0.3765074610710144]",5.6994069517009286e-05,True
64,370,77.46890258789062,-7.188933372497559,-1.41954901690268,0.0034643225990185684,"[-1.0, -0.3765052556991577]",-2.434080852272914e-05,True
64,371,77.46888732910156,-7.189002513885498,-1.4195602021792588,0.003467452871282235,"[-1.0, -0.3765074610710144]",5.6994035868927244e-05,True
64,372,77.46890258789062,-7.18893575668335,-1.41954901690268,0.0034643151214658646,"[-1.0, -0.3765052258968353]",-2.434084368161962e-05,True
64,373,77.46888732910156,-7.189004898071289,-1.4195602021792588,0.003467468762151719,"[-1.0, -0.3765074610710144]",5.699410890550681e-05,True
64,374,77.46890258789062,-7.188938140869141,-1.41954901690268,0.0034642992169125514,"[-1.0, -0.3765052556991577]",-2.4340916744249273e-05,True
64,375,77.46888732910156,-7.18900728225708,-1.4195602021792588,0.0034674798169266156,"[-1.0, -0.3765075206756592]",5.699416018676616e-05,True
64,376,77.46890258789062,-7.188940525054932,-1.41954901690268,0.003464290116915904,"[-1.0, -0.3765052556991577]",-2.4340959218348354e-05,True
64,377,77.46888732910156,-7.189009666442871,-1.4195602021792588,0.0034674927854357533,"[-1.0, -0.37650758028030396]",5.699422008693501e-05,True
64,378,77.46890258789062,-7.188942909240723,-1.41954901690268,0.003464280050024295,"[-1.0, -0.3765052855014801]",-2.4341006032816624e-05,True
64,379,77.46888732910156,-7.189012050628662,-1.4195602021792588,0.003467508192876447,"[-1.0, -0.37650761008262634]",5.6994290962295866e-05,True
64,380,77.46890258789062,-7.188945293426514,-1.41954901690268,0.0034642616331661256,"[-1.0, -0.3765052855014801]",-2.4341090415028986e-05,True
64,381,77.46888732910156,-7.189014434814453,-1.4195602021792588,0.0034675224335347847,"[-1.0, -0.37650758028030396]",5.699435658358341e-05,True
64,382,77.46890258789062,-7.188947677612305,-1.41954901690268,0.0034642404764463246,"[-1.0, -0.3765053153038025]",-2.434118714793497e-05,True
64,383,77.46888732910156,-7.189016819000244,-1.4195602021792588,0.003467540317726365,"[-1.0, -0.37650761008262634]",5.699443860432326e-05,True
64,384,77.46890258789062,-7.188950061798096,-1.41954901690268,0.0034642321440458423,"[-1.0, -0.3765053153038025]",-2.4341226153640455e-05,True
64,385,77.46888732910156,-7.189019203186035,-1.4195602021792588,0.0034675396629697945,"[-1.0, -0.37650761008262634]",5.699443719979643e-05,True
64,386,77.46890258789062,-7.188952445983887,-1.41954901690268,0.0034642429074919026,"[-1.0, -0.3765053451061249]",-2.4341179228036498e-05,True
64,387,77.46888732910156,-7.189021587371826,-1.4195602021792588,0.0034675139914416182,"[-1.0, -0.37650763988494873]",5.69943232020338e-05,True
64,388,77.46890258789062,-7.188954830169678,-1.41954901690268,0.0034642677529766242,"[-1.0, -0.37650537490844727]",-2.4341068933258562e-05,True
64,389,77.46888732910156,-7.189023971557617,-1.4195602021792588,0.003467527717789404,"[-1.0, -0.3765076696872711]",5.699438652313472e-05,True
64,390,77.46890258789062,-7.188957214355469,-1.41954901690268,0.0034642419600285123,"[-1.0, -0.37650540471076965]",-2.4341186525639233e-05,True
64,391,77.46888732910156,-7.189026355743408,-1.4195602021792588,0.0034675480822354164,"[-1.0, -0.3765076994895935]",5.699447970501951e-05,True
64,392,77.46890258789062,-7.18895959854126,-1.41954901690268,0.003464236549528567,"[-1.0, -0.37650540471076965]",-2.4341212386345015e-05,True
64,393,77.46888732910156,-7.189028739929199,-1.4195602021792588,0.0034675390243266192,"[-1.0, -0.3765076994895935]",5.699444048630766e-05,True
64,394,77.46890258789062,-7.188961982727051,-1.41954901690268,0.0034642270801661604,"[-1.0, -0.37650540471076965]",-2.4341256504826446e-05,True
64,395,77.46888732910156,-7.18903112411499,-1.4195602021792588,0.003467548808999032,"[-1.0, -0.3765076696872711]",5.699448604144768e-05,True
64,396,77.46890258789062,-7.188964366912842,-1.41954901690268,0.0034642508128932734,"[-1.0, -0.37650543451309204]",-2.4341151221010465e-05,True
64,397,77.46888732910156,-7.189033508300781,-1.4195602021792588,0.0034675260368180814,"[-1.0, -0.3765076994895935]",5.6994385104958424e-05,True
64,398,77.46890258789062,-7.188966751098633,-1.41954901690268,0.00346424556058932,"[-1.0, -0.37650546431541443]",-2.4341176362728854e-05,True
64,399,77.46888732910156,-7.189035892486572,-1.4195602021792588,0.0034675395393799755,"[-1.0, -0.3765076994895935]",5.699444740836469e-05,True
64,400,77.46890258789062,-7.188969135284424,-1.41954901690268,0.0034642321680723007,"[-1.0, -0.3765054941177368]",-2.4341238138958754e-05,True
64,401,77.46888732910156,-7.189038276672363,-1.4195602021792588,0.0034675470749374456,"[-1.0, -0.3765077292919159]",5.699448285669833e-05,True
64,402,77.46890258789062,-7.188971519470215,-1.41954901690268,0.0034642349052700474,"[-1.0, -0.3765054941177368]",-2.4341227349235774e-05,True
64,403,77.46888732910156,-7.189040660858154,-1.4195602021792588,0.0034675437156914788,"[-1.0, -0.3765077292919159]",5.699446928196922e-05,True
64,404,77.46890258789062,-7.188973903656006,-1.41954901690268,0.0034642396895116934,"[-1.0, -0.3765054941177368]",-2.4341207326498966e-05,True
64,405,77.46888732910156,-7.189043045043945,-1.4195602021792588,0.0034675591127034527,"[-1.0, -0.3765077292919159]",5.6994540106848125e-05,True
64,406,77.46890258789062,-7.188976287841797,-1.41954901690268,0.003464231504750286,"[-1.0, -0.3765055239200592]",-2.4341245667828616e-05,True
64,407,77.46888732910156,-7.189045429229736,-1.4195602021792588,0.0034675222797962636,"[-1.0, -0.3765077590942383]",5.699437588287993e-05,True
64,408,77.46890258789062,-7.188978672027588,-1.41954901690268,0.003464261729864877,"[-1.0, -0.3765055239200592]",-2.434111116471627e-05,True
64,409,77.46888732910156,-7.189047813415527,-1.4195602021792588,0.0034675329517257878,"[-1.0, -0.3765077590942383]",5.699442546265139e-05,True
64,410,77.46890258789062,-7.188981056213379,-1.41954901690268,0.0034642537888784153,"[-1.0, -0.3765055537223816]",-2.4341148426822227e-05,True
64,411,77.46888732910156,-7.189050197601318,-1.4195602021792588,0.0034675367980845796,"[-1.0, -0.37650781869888306]",5.699444431314368e-05,True
64,412,77.46890258789062,-7.18898344039917,-1.41954901690268,0.0034642457857764443,"[-1.0, -0.3765055537223816]",-2.4341185950684412e-05,True
64,413,77.46888732910156,-7.189052581787109,-1.4195602021792588,0.0034675341168611275,"[-1.0, -0.37650787830352783]",5.6994433785963174e-05,True
64,414,77.46890258789062,-7.188985824584961,-1.41954901690268,0.003464241741984214,"[-1.0, -0.376505583524704]",-2.4341205657652762e-05,True
64,415,77.46888732910156,-7.1890549659729,-1.4195602021792588,0.00346753022377685,"[-1.0, -0.37650787830352783]",5.699441779475081e-05,True
64,416,77.46890258789062,-7.188988208770752,-1.41954901690268,0.0034642506829067558,"[-1.0, -0.37650564312934875]",-2.4341166933404636e-05,True
64,417,77.46888732910156,-7.189057350158691,-1.4195602021792588,0.0034675230010939155,"[-1.0, -0.37650787830352783]",5.6994386831002624e-05,True
64,418,77.46890258789062,-7.188990592956543,-1.41954901690268,0.003464251102371363,"[-1.0, -0.37650564312934875]",-2.434116655571722e-05,True
64,419,77.46888732910156,-7.189059734344482,-1.4195602021792588,0.003467523968596885,"[-1.0, -0.3765079081058502]",5.699439272664373e-05,True
64,420,77.46890258789062,-7.188992977142334,-1.41954901690268,0.0034642430171639674,"[-1.0, -0.37650567293167114]",-2.4341204463264668e-05,True
64,421,77.46888732910156,-7.189062118530273,-1.4195602021792588,0.003467528183180798,"[-1.0, -0.3765079379081726]",5.6994413244807206e-05,True
64,422,77.46890258789062,-7.188995361328125,-1.41954901690268,0.0034642383431439886,"[-1.0, -0.37650567293167114]",-2.4341227006257883e-05,True
64,423,77.46888732910156,-7.1890645027160645,-1.4195602021792588,0.0034675447860314113,"[-1.0, -0.3765079379081726]",5.699448948530185e-05,True
64,424,77.46890258789062,-7.188997745513916,-1.41954901690268,0.003464237737757662,"[-1.0, -0.37650567293167114]",-2.4341231240399668e-05,True
64,425,77.46888732910156,-7.1890668869018555,-1.4195602021792588,0.0034675360422154644,"[-1.0, -0.3765079379081726]",5.699445167645511e-05,True
64,426,77.46890258789062,-7.189000129699707,-1.41954901690268,0.0034642328624666656,"[-1.0, -0.37650567293167114]",-2.4341254689112464e-05,True
64,427,77.46888732910156,-7.1890692710876465,-1.4195602021792588,0.0034675372835831974,"[-1.0, -0.376507967710495]",5.699445880093494e-05,True
64,428,77.46890258789062,-7.189002513885498,-1.41954901690268,0.003464238793380867,"[-1.0, -0.3765057325363159]",-2.4341229524112725e-05,True
64,429,77.46888732910156,-7.1890716552734375,-1.4195602021792588,0.0034675306151642792,"[-1.0, -0.376507967710495]",5.699443033492754e-05,True
64,430,77.46890258789062,-7.189004898071289,-1.41954901690268,0.0034642394708172,"[-1.0, -0.3765057325363159]",-2.4341227985552545e-05,True
64,431,77.46888732910156,-7.1890740394592285,-1.4195602021792588,0.003467530707953944,"[-1.0, -0.376507967710495]",5.699443229080606e-05,True
64,432,77.46890258789062,-7.18900728225708,-1.41954901690268,0.003464239386653678,"[-1.0, -0.3765057325363159]",-2.4341229874191706e-05,True
64,433,77.46888732910156,-7.1890764236450195,-1.4195602021792588,0.0034675365588159954,"[-1.0, -0.37650802731513977]",5.699446016156302e-05,True
64,434,77.46890258789062,-7.189009666442871,-1.41954901690268,0.0034642446113830553,"[-1.0, -0.3765057325363159]",-2.434120787281282e-05,True
64,435,77.46888732910156,-7.1890788078308105,-1.4195602021792588,0.0034675250422496165,"[-1.0, -0.37650802731513977]",5.6994409861128486e-05,True
64,436,77.46890258789062,-7.189012050628662,-1.41954901690268,0.003464243245248696,"[-1.0, -0.3765057623386383]",-2.434121553032075e-05,True
64,437,77.46888732910156,-7.189081192016602,-1.4195602021792588,0.0034675372394410943,"[-1.0, -0.37650805711746216]",5.699446628681515e-05,True
64,438,77.46890258789062,-7.189014434814453,-1.41954901690268,0.0034642431962576374,"[-1.0, -0.3765057921409607]",-2.434121726068383e-05,True
64,439,77.46888732910156,-7.189083576202393,-1.4195602021792588,0.0034675300868600416,"[-1.0, -0.37650805711746216]",5.699443564207816e-05,True
64,440,77.46890258789062,-7.189016819000244,-1.41954901690268,0.0034642526221542406,"[-1.0, -0.3765057921409607]",-2.4341176368263282e-05,True
64,441,77.46888732910156,-7.189085960388184,-1.4195602021792588,0.0034675296914529327,"[-1.0, -0.37650808691978455]",5.699443541883476e-05,True
64,442,77.46890258789062,-7.189019203186035,-1.41954901690268,0.0034642496834158625,"[-1.0, -0.3765058219432831]",-2.4341191106042008e-05,True
64,443,77.46888732910156,-7.189088344573975,-1.4195602021792588,0.0034675213108793096,"[-1.0, -0.37650808691978455]",5.699439923392034e-05,True
64,444,77.46890258789062,-7.189021587371826,-1.41954901690268,0.0034642547162277546,"[-1.0, -0.3765058219432831]",-2.434116996829181e-05,True
64,445,77.46888732910156,-7.189090728759766,-1.4195602021792588,0.003467522435146059,"[-1.0, -0.37650811672210693]",5.6994405831445737e-05,True
64,446,77.46890258789062,-7.189023971557617,-1.41954901690268,0.0034642519686141054,"[-1.0, -0.37650588154792786]",-2.4341183842456544e-05,True
64,447,77.46888732910156,-7.189093112945557,-1.4195602021792588,0.0034675183973884934,"[-1.0, -0.3765081465244293]",5.699438920341443e-05,True
64,448,77.46890258789062,-7.189026355743408,-1.41954901690268,0.0034642569684844517,"[-1.0, -0.37650585174560547]",-2.4341162867154153e-05,True
64,449,77.46888732910156,-7.189095497131348,-1.4195602021792588,0.0034675269724493128,"[-1.0, -0.3765081763267517]",5.6994429329513134e-05,True
64,450,77.46890258789062,-7.189028739929199,-1.41954901690268,0.0034642467879212368,"[-1.0, -0.37650588154792786]",-2.4341210189591934e-05,True
64,451,77.46888732910156,-7.189097881317139,-1.4195602021792588,0.003467540581137974,"[-1.0, -0.3765081465244293]",5.6994492106937126e-05,True
64,452,77.46890258789062,-7.18903112411499,-1.41954901690268,0.0034642398394470037,"[-1.0, -0.37650585174560547]",-2.4341242964076585e-05,True
64,453,77.46888732910156,-7.18910026550293,-1.4195602021792588,0.003467535998812926,"[-1.0, -0.3765081465244293]",5.699447302479944e-05,True
64,454,77.46890258789062,-7.189033508300781,-1.41954901690268,0.003464238355819645,"[-1.0, -0.37650588154792786]",-2.434125115030301e-05,True
64,455,77.46888732910156,-7.189102649688721,-1.4195602021792588,0.003467552861872076,"[-1.0, -0.3765082061290741]",5.69945504362325e-05,True
64,456,77.46890258789062,-7.189035892486572,-1.41954901690268,0.0034642367332063132,"[-1.0, -0.37650594115257263]",-2.434125996551903e-05,True
64,457,77.46888732910156,-7.189105033874512,-1.4195602021792588,0.0034675375822577387,"[-1.0, -0.3765082061290741]",5.6994483234056574e-05,True
64,458,77.46890258789062,-7.189038276672363,-1.41954901690268,0.003464239663734751,"[-1.0, -0.37650594115257263]",-2.4341248305807942e-05,True
64,459,77.46888732910156,-7.189107418060303,-1.4195602021792588,0.0034675409484348765,"[-1.0, -0.3765082061290741]",5.6994499909520575e-05,True
64,460,77.46890258789062,-7.189040660858154,-1.41954901690268,0.0034642317291417764,"[-1.0, -0.376505970954895]",-2.434128551782693e-05,True
64,461,77.46888732910156,-7.189109802246094,-1.4195602021792588,0.003467553323304203,"[-1.0, -0.37650826573371887]",5.69945571454157e-05,True
64,462,77.46890258789062,-7.189043045043945,-1.41954901690268,0.0034642219673496314,"[-1.0, -0.376505970954895]",-2.4341330955794894e-05,True
64,463,77.46888732910156,-7.189112186431885,-1.4195602021792588,0.0034675510922316227,"[-1.0, -0.3765082359313965]",5.6994548633255976e-05,True
64,464,77.46890258789062,-7.189045429229736,-1.41954901690268,0.0034642442138084198,"[-1.0, -0.3765060007572174]",-2.434123235663366e-05,True
64,465,77.46888732910156,-7.189114570617676,-1.4195602021792588,0.0034675435605849873,"[-1.0, -0.37650826573371887]",5.699451628272385e-05,True
64,466,77.46890258789062,-7.189047813415527,-1.41954901690268,0.0034642198906491683,"[-1.0, -0.3765060007572174]",-2.4341343320753604e-05,True
64,467,77.46888732910156,-7.189116954803467,-1.4195602021792588,0.003467559533066379,"[-1.0, -0.37650829553604126]",5.6994589697215134e-05,True
64,468,77.46890258789062,-7.189050197601318,-1.41954901690268,0.0034642065463382334,"[-1.0, -0.3765060007572174]",-2.4341404897819692e-05,True
64,469,77.46888732910156,-7.189119338989258,-1.4195602021792588,0.003467577090270619,"[-1.0, -0.37650829553604126]",5.6994670246511954e-05,True
64,470,77.46890258789062,-7.189052581787109,-1.41954901690268,0.0034642036943657323,"[-1.0, -0.3765060603618622]",-2.4341419238046547e-05,True
64,471,77.46888732910156,-7.189121723175049,-1.4195602021792588,0.0034675682926686496,"[-1.0, -0.37650829553604126]",5.699463219562811e-05,True
64,472,77.46890258789062,-7.1890549659729,-1.41954901690268,0.003464201945608014,"[-1.0, -0.3765060603618622]",-2.4341428617359595e-05,True
64,473,77.46888732910156,-7.18912410736084,-1.4195602021792588,0.0034675815899240163,"[-1.0, -0.37650829553604126]",5.699469357160229e-05,True
64,474,77.46890258789062,-7.189057350158691,-1.41954901690268,0.003464183283200652,"[-1.0, -0.37650611996650696]",-2.4341514108096036e-05,True
64,475,77.46888732910156,-7.189126491546631,-1.4195602021792588,0.0034675999776010036,"[-1.0, -0.37650835514068604]",5.69947778402629e-05,True
64,476,77.46890258789062,-7.189059734344482,-1.41954901690268,0.0034641713159878494,"[-1.0, -0.37650611996650696]",-2.4341569470456962e-05,True
64,477,77.46888732910156,-7.189128875732422,-1.4195602021792588,0.0034676131199820343,"[-1.0, -0.37650835514068604]",5.699483854061884e-05,True
64,478,77.46890258789062,-7.189062118530273,-1.41954901690268,0.0034641679269537037,"[-1.0, -0.37650611996650696]",-2.4341586248777503e-05,True
64,479,77.46888732910156,-7.189131259918213,-1.4195602021792588,0.0034676099313995143,"[-1.0, -0.3765083849430084]",5.699482571611167e-05,True
64,480,77.46890258789062,-7.1890645027160645,-1.41954901690268,0.0034641696357688946,"[-1.0, -0.37650611996650696]",-2.4341580069012456e-05,True
64,481,77.46888732910156,-7.189133644104004,-1.4195602021792588,0.003467607133204059,"[-1.0, -0.3765083849430084]",5.699481468032071e-05,True
64,482,77.46890258789062,-7.1890668869018555,-1.41954901690268,0.0034641687111469856,"[-1.0, -0.37650614976882935]",-2.434158573971436e-05,True
64,483,77.46888732910156,-7.189136028289795,-1.4195602021792588,0.003467611793385174,"[-1.0, -0.3765084445476532]",5.6994837175249904e-05,True
64,484,77.46890258789062,-7.1890692710876465,-1.41954901690268,0.0034641642187451895,"[-1.0, -0.37650614976882935]",-2.434160746187304e-05,True
64,485,77.46888732910156,-7.189138412475586,-1.4195602021792588,0.0034676154522449735,"[-1.0, -0.3765084445476532]",5.699485517844402e-05,True
64,486,77.46890258789062,-7.1890716552734375,-1.41954901690268,0.0034641624974358033,"[-1.0, -0.37650614976882935]",-2.4341616717668595e-05,True
64,487,77.46888732910156,-7.189140796661377,-1.4195602021792588,0.003467615960061027,"[-1.0, -0.3765084445476532]",5.6994859001941284e-05,True
64,488,77.46890258789062,-7.1890740394592285,-1.41954901690268,0.00346417073678508,"[-1.0, -0.37650614976882935]",-2.434158116826373e-05,True
64,489,77.46888732910156,-7.189143180847168,-1.4195602021792588,0.0034676049430231023,"[-1.0, -0.3765084445476532]",5.699481097070107e-05,True
64,490,77.46890258789062,-7.1890764236450195,-1.41954901690268,0.0034641897792467803,"[-1.0, -0.37650617957115173]",-2.434149698708939e-05,True
64,491,77.46888732910156,-7.189145565032959,-1.4195602021792588,0.003467585234926117,"[-1.0, -0.3765084743499756]",5.6994723822589665e-05,True
64,492,77.46890258789062,-7.1890788078308105,-1.41954901690268,0.0034642104252882566,"[-1.0, -0.3765062093734741]",-2.434140558980606e-05,True
64,493,77.46888732910156,-7.18914794921875,-1.4195602021792588,0.0034675696146072308,"[-1.0, -0.376508504152298]",5.69946550694797e-05,True
64,494,77.46890258789062,-7.189081192016602,-1.41954901690268,0.0034642057134122097,"[-1.0, -0.3765062093734741]",-2.4341428303151588e-05,True
64,495,77.46888732910156,-7.189150333404541,-1.4195602021792588,0.0034675701689966918,"[-1.0, -0.37650853395462036]",5.699465910611001e-05,True
64,496,77.46890258789062,-7.189083576202393,-1.41954901690268,0.003464207220749649,"[-1.0, -0.3765062689781189]",-2.4341423044247277e-05,True
64,497,77.46888732910156,-7.189152717590332,-1.4195602021792588,0.003467570617617187,"[-1.0, -0.37650853395462036]",5.699466266322726e-05,True
64,498,77.46890258789062,-7.189085960388184,-1.41954901690268,0.0034642067242690033,"[-1.0, -0.3765062689781189]",-2.4341426788313494e-05,True
64,499,77.46888732910156,-7.189155101776123,-1.4195602021792588,0.0034675697321398867,"[-1.0, -0.37650856375694275]",5.699466022045714e-05,True
64,500,77.46890258789062,-7.189088344573975,-1.41954901690268,0.0034642042988169536,"[-1.0, -0.3765062987804413]",-2.434143922696189e-05,True
64,501,77.46888732910156,-7.189157485961914,-1.4195602021792588,0.003467572593706795,"[-1.0, -0.3765086233615875]",5.699467463583326e-05,True
64,502,77.46890258789062,-7.189090728759766,-1.41954901690268,0.00346420398138333,"[-1.0, -0.3765062987804413]",-2.4341442151105652e-05,True
64,503,77.46888732910156,-7.189159870147705,-1.4195602021792588,0.003467571354180844,"[-1.0, -0.37650856375694275]",5.699467058563336e-05,True
64,504,77.46890258789062,-7.189093112945557,-1.41954901690268,0.003464205296488646,"[-1.0, -0.3765062987804413]",-2.4341437743035043e-05,True
64,505,77.46888732910156,-7.189162254333496,-1.4195602021792588,0.003467569902414479,"[-1.0, -0.3765086233615875]",5.6994665591009733e-05,True
64,506,77.46890258789062,-7.189095497131348,-1.41954901690268,0.003464204096849068,"[-1.0, -0.37650632858276367]",-2.4341444651316458e-05,True
64,507,77.46888732910156,-7.189164638519287,-1.4195602021792588,0.0034675745640518167,"[-1.0, -0.3765086531639099]",5.699468810670278e-05,True
64,508,77.46890258789062,-7.189097881317139,-1.41954901690268,0.0034642033374397475,"[-1.0, -0.37650635838508606]",-2.434144959277257e-05,True
64,509,77.46888732910156,-7.189167022705078,-1.4195602021792588,0.0034675728861519785,"[-1.0, -0.3765086829662323]",5.6994682098031245e-05,True
64,510,77.46890258789062,-7.18910026550293,-1.41954901690268,0.003464200214727772,"[-1.0, -0.37650638818740845]",-2.4341465154879773e-05,True
64,511,77.46888732910156,-7.189169406890869,-1.4195602021792588,0.0034675773203765585,"[-1.0, -0.3765086829662323]",5.6994703604577735e-05,True
64,512,77.46890258789062,-7.189102649688721,-1.41954901690268,0.0034642004492282477,"[-1.0, -0.37650638818740845]",-2.43414656237418e-05,True
64,513,77.46888732910156,-7.18917179107666,-1.4195602021792588,0.0034675767254874414,"[-1.0, -0.3765086829662323]",5.699470245524359e-05,True
64,514,77.46890258789062,-7.189105033874512,-1.41954901690268,0.003464201401934167,"[-1.0, -0.37650641798973083]",-2.4341462832257623e-05,True
64,515,77.46888732910156,-7.189174175262451,-1.4195602021792588,0.003467574118629316,"[-1.0, -0.3765087425708771]",5.699469226270705e-05,True
64,516,77.46890258789062,-7.189107418060303,-1.41954901690268,0.0034641996765970274,"[-1.0, -0.37650641798973083]",-2.434147212038892e-05,True
64,517,77.46888732910156,-7.189176559448242,-1.4195602021792588,0.003467577043210224,"[-1.0, -0.3765087127685547]",5.699470696519887e-05,True
64,518,77.46890258789062,-7.189109802246094,-1.41954901690268,0.0034642032314370383,"[-1.0, -0.37650641798973083]",-2.4341457637064897e-05,True
64,519,77.46888732910156,-7.189178943634033,-1.4195602021792588,0.003467565602950197,"[-1.0, -0.3765087425708771]",5.699465702590648e-05,True
64,520,77.46890258789062,-7.189112186431885,-1.41954901690268,0.0034641980266098635,"[-1.0, -0.37650641798973083]",-2.43414825686905e-05,True
64,521,77.46888732910156,-7.189181327819824,-1.4195602021792588,0.003467587251028226,"[-1.0, -0.3765087425708771]",5.699475596637178e-05,True
64,522,77.46890258789062,-7.189114570617676,-1.41954901690268,0.003464182176618181,"[-1.0, -0.3765064477920532]",-2.434155540355638e-05,True
64,523,77.46888732910156,-7.189183712005615,-1.4195602021792588,0.0034675821962566046,"[-1.0, -0.37650880217552185]",5.699473477598808e-05,True
64,524,77.46890258789062,-7.189116954803467,-1.41954901690268,0.0034642267800159034,"[-1.0, -0.3765064775943756]",-2.43413562123808e-05,True
64,525,77.46888732910156,-7.189186096191406,-1.4195602021792588,0.003467545787828219,"[-1.0, -0.37650883197784424]",5.6994572476385365e-05,True
64,526,77.46890258789062,-7.189119338989258,-1.41954901690268,0.0034642188775858935,"[-1.0, -0.3765064775943756]",-2.434139328321916e-05,True
64,527,77.46888732910156,-7.189188480377197,-1.4195602021792588,0.00346755958628756,"[-1.0, -0.37650883197784424]",5.6994636097119276e-05,True
64,528,77.46890258789062,-7.189121723175049,-1.41954901690268,0.0034642135148150108,"[-1.0, -0.3765065371990204]",-2.4341418925591445e-05,True
64,529,77.46888732910156,-7.189190864562988,-1.4195602021792588,0.0034675651065424313,"[-1.0, -0.3765088617801666]",5.6994662490802075e-05,True
64,530,77.46890258789062,-7.18912410736084,-1.41954901690268,0.0034642106817345244,"[-1.0, -0.3765065371990204]",-2.43414331985678e-05,True
64,531,77.46888732910156,-7.189193248748779,-1.4195602021792588,0.003467553327542399,"[-1.0, -0.3765088617801666]",5.699461102362696e-05,True
64,532,77.46890258789062,-7.189126491546631,-1.41954901690268,0.0034642168513632616,"[-1.0, -0.3765065670013428]",-2.4341406945141796e-05,True
64,533,77.46888732910156,-7.18919563293457,-1.4195602021792588,0.003467565193764703,"[-1.0, -0.3765088617801666]",5.699466594929421e-05,True
64,534,77.46890258789062,-7.189128875732422,-1.41954901690268,0.003464215065742388,"[-1.0, -0.3765065371990204]",-2.434141647257547e-05,True
64,535,77.46888732910156,-7.189198017120361,-1.4195602021792588,0.0034675520655224543,"[-1.0, -0.3765088617801666]",5.6994608410529114e-05,True
64,536,77.46890258789062,-7.189131259918213,-1.41954901690268,0.0034642248934500085,"[-1.0, -0.3765065670013428]",-2.434137377555806e-05,True
64,537,77.46888732910156,-7.189200401306152,-1.4195602021792588,0.0034675568579198442,"[-1.0, -0.3765088617801666]",5.69946315181951e-05,True
64,538,77.46890258789062,-7.189133644104004,-1.41954901690268,0.0034642241510096355,"[-1.0, -0.3765065670013428]",-2.4341378629995768e-05,True
64,539,77.46888732910156,-7.189202785491943,-1.4195602021792588,0.0034675497494559547,"[-1.0, -0.3765089213848114]",5.699460107198533e-05,True
64,540,77.46890258789062,-7.189136028289795,-1.41954901690268,0.003464234754730915,"[-1.0, -0.37650659680366516]",-2.4341332419600608e-05,True
64,541,77.46888732910156,-7.189205169677734,-1.4195602021792588,0.0034675440760856225,"[-1.0, -0.3765089213848114]",5.699457707659115e-05,True
64,542,77.46890258789062,-7.189138412475586,-1.41954901690268,0.0034642330662932232,"[-1.0, -0.37650662660598755]",-2.4341341541684392e-05,True
64,543,77.46888732910156,-7.189207553863525,-1.4195602021792588,0.00346754022297017,"[-1.0, -0.3765089213848114]",5.6994561279449354e-05,True
64,544,77.46890258789062,-7.189140796661377,-1.41954901690268,0.0034642196979834676,"[-1.0, -0.37650662660598755]",-2.4341403208981604e-05,True
64,545,77.46888732910156,-7.189209938049316,-1.4195602021792588,0.0034675447789854355,"[-1.0, -0.3765089809894562]",5.699458332339578e-05,True
64,546,77.46890258789062,-7.189143180847168,-1.41954901690268,0.0034642285116454935,"[-1.0, -0.37650665640830994]",-2.4341365057405803e-05,True
64,547,77.46888732910156,-7.189212322235107,-1.4195602021792588,0.003467553550350872,"[-1.0, -0.3765089809894562]",5.6994624318654415e-05,True
64,548,77.46890258789062,-7.189145565032959,-1.41954901690268,0.003464218508413423,"[-1.0, -0.3765066862106323]",-2.434141158185343e-05,True
64,549,77.46888732910156,-7.189214706420898,-1.4195602021792588,0.0034675638984389264,"[-1.0, -0.3765089809894562]",5.699467243758653e-05,True
64,550,77.46890258789062,-7.18914794921875,-1.41954901690268,0.0034642038802326124,"[-1.0, -0.3765066862106323]",-2.4341478932781247e-05,True
64,551,77.46888732910156,-7.1892170906066895,-1.4195602021792588,0.0034675687802533622,"[-1.0, -0.37650901079177856]",5.6994695947629234e-05,True
64,552,77.46890258789062,-7.189150333404541,-1.41954901690268,0.003464213764520213,"[-1.0, -0.3765066862106323]",-2.4341435966943074e-05,True
64,553,77.46888732910156,-7.1892194747924805,-1.4195602021792588,0.0034675717851291817,"[-1.0, -0.37650901079177856]",5.699471101144816e-05,True
64,554,77.46890258789062,-7.189152717590332,-1.41954901690268,0.0034641851483419124,"[-1.0, -0.3765067160129547]",-2.4341566246096025e-05,True
64,555,77.46888732910156,-7.1892218589782715,-1.4195602021792588,0.003467586970596499,"[-1.0, -0.37650904059410095]",5.699478087016526e-05,True
64,556,77.46890258789062,-7.189155101776123,-1.41954901690268,0.003464186756150907,"[-1.0, -0.3765067458152771]",-2.4341560524411577e-05,True
64,557,77.46888732910156,-7.1892242431640625,-1.4195602021792588,0.0034675870601223796,"[-1.0, -0.37650907039642334]",5.6994782814909456e-05,True
64,558,77.46890258789062,-7.189157485961914,-1.41954901690268,0.0034641821734256646,"[-1.0, -0.3765067160129547]",-2.4341582656578482e-05,True
64,559,77.46888732910156,-7.1892266273498535,-1.4195602021792588,0.0034675956460526007,"[-1.0, -0.3765091001987457]",5.699482298992047e-05,True
64,560,77.46890258789062,-7.189159870147705,-1.41954901690268,0.0034641731115408487,"[-1.0, -0.3765067756175995]",-2.434162494141075e-05,True
64,561,77.46888732910156,-7.1892290115356445,-1.4195602021792588,0.0034676010498949886,"[-1.0, -0.3765091001987457]",5.6994848845536236e-05,True
64,562,77.46890258789062,-7.189162254333496,-1.41954901690268,0.003464177536398599,"[-1.0, -0.3765067756175995]",-2.434160655721776e-05,True
64,563,77.46888732910156,-7.1892313957214355,-1.4195602021792588,0.0034676063729252938,"[-1.0, -0.3765091001987457]",5.699487434105035e-05,True
64,564,77.46890258789062,-7.189164638519287,-1.41954901690268,0.0034641685660783787,"[-1.0, -0.3765068054199219]",-2.4341648430009346e-05,True
64,565,77.46888732910156,-7.189233779907227,-1.4195602021792588,0.0034676175102656627,"[-1.0, -0.3765091001987457]",5.699492599740704e-05,True
64,566,77.46890258789062,-7.189167022705078,-1.41954901690268,0.003464157092939718,"[-1.0, -0.37650683522224426]",-2.4341701569036636e-05,True
64,567,77.46888732910156,-7.189236164093018,-1.4195602021792588,0.003467623171629328,"[-1.0, -0.3765091300010681]",5.699495301186855e-05,True
64,568,77.46890258789062,-7.189169406890869,-1.41954901690268,0.0034641459498028653,"[-1.0, -0.37650683522224426]",-2.434175323726664e-05,True
64,569,77.46888732910156,-7.189238548278809,-1.4195602021792588,0.003467639777720788,"[-1.0, -0.3765091598033905]",5.6995029281157854e-05,True
64,570,77.46890258789062,-7.18917179107666,-1.41954901690268,0.0034641408830890976,"[-1.0, -0.37650689482688904]",-2.4341777550934625e-05,True
64,571,77.46888732910156,-7.1892409324646,-1.4195602021792588,0.0034676402093034775,"[-1.0, -0.3765091598033905]",5.69950327651577e-05,True
64,572,77.46890258789062,-7.189174175262451,-1.41954901690268,0.003464146508758135,"[-1.0, -0.37650689482688904]",-2.4341753745327268e-05,True
64,573,77.46888732910156,-7.189243316650391,-1.4195602021792588,0.003467621379571568,"[-1.0, -0.3765091896057129]",5.699494956968913e-05,True
64,574,77.46890258789062,-7.189176559448242,-1.41954901690268,0.0034641552993712934,"[-1.0, -0.37650689482688904]",-2.434171569747137e-05,True
64,575,77.46888732910156,-7.189245700836182,-1.4195602021792588,0.003467621722703821,"[-1.0, -0.3765091896057129]",5.699495264145115e-05,True
64,576,77.46890258789062,-7.189178943634033,-1.41954901690268,0.003464162381619845,"[-1.0, -0.37650689482688904]",-2.43416853372562e-05,True
64,577,77.46888732910156,-7.189248085021973,-1.4195602021792588,0.0034676152061480212,"[-1.0, -0.3765091896057129]",5.699492485527507e-05,True
64,578,77.46890258789062,-7.189181327819824,-1.41954901690268,0.0034641759210843927,"[-1.0, -0.37650686502456665]",-2.4341625919569047e-05,True
64,579,77.46888732910156,-7.189250469207764,-1.4195602021792588,0.0034676005202031366,"[-1.0, -0.3765092194080353]",5.699486031040083e-05,True
64,580,77.46890258789062,-7.189183712005615,-1.41954901690268,0.003464180048787064,"[-1.0, -0.3765069246292114]",-2.434160885481034e-05,True
64,581,77.46888732910156,-7.189252853393555,-1.4195602021792588,0.0034675910594890945,"[-1.0, -0.3765092194080353]",5.699481927551266e-05,True
64,582,77.46890258789062,-7.189186096191406,-1.41954901690268,0.003464184671045454,"[-1.0, -0.3765069544315338]",-2.4341589578761754e-05,True
64,583,77.46888732910156,-7.189255237579346,-1.4195602021792588,0.003467605119867846,"[-1.0, -0.37650924921035767]",5.699488408909478e-05,True
64,584,77.46890258789062,-7.189188480377197,-1.41954901690268,0.0034641826396815136,"[-1.0, -0.3765069246292114]",-2.43416002298028e-05,True
64,585,77.46888732910156,-7.189257621765137,-1.4195602021792588,0.003467604295669683,"[-1.0, -0.37650927901268005]",5.6994881918528064e-05,True
64,586,77.46890258789062,-7.189190864562988,-1.41954901690268,0.0034641729071993674,"[-1.0, -0.3765069544315338]",-2.434164553587577e-05,True
64,587,77.46888732910156,-7.189260005950928,-1.4195602021792588,0.003467605587334281,"[-1.0, -0.37650924921035767]",5.6994889272896494e-05,True
64,588,77.46890258789062,-7.189193248748779,-1.41954901690268,0.0034641607119090096,"[-1.0, -0.3765069544315338]",-2.4341701942349264e-05,True
64,589,77.46888732910156,-7.189262390136719,-1.4195602021792588,0.003467618900517553,"[-1.0, -0.37650927901268005]",5.699495072054624e-05,True
64,590,77.46890258789062,-7.18919563293457,-1.41954901690268,0.0034641627101496416,"[-1.0, -0.3765070140361786]",-2.4341694442406163e-05,True
64,591,77.46888732910156,-7.18926477432251,-1.4195602021792588,0.00346761534991686,"[-1.0, -0.37650930881500244]",5.6994936270510005e-05,True
64,592,77.46890258789062,-7.189198017120361,-1.41954901690268,0.0034641644084348814,"[-1.0, -0.376507043838501]",-2.4341688327789467e-05,True
64,593,77.46888732910156,-7.189267158508301,-1.4195602021792588,0.0034676079639116564,"[-1.0, -0.37650930881500244]",5.6994904586022465e-05,True
64,594,77.46890258789062,-7.189200401306152,-1.41954901690268,0.003464169438322176,"[-1.0, -0.376507043838501]",-2.4341667199647242e-05,True
64,595,77.46888732910156,-7.189269542694092,-1.4195602021792588,0.0034676076121515345,"[-1.0, -0.37650930881500244]",5.6994904527216084e-05,True
64,596,77.46890258789062,-7.189202785491943,-1.41954901690268,0.0034641650433568484,"[-1.0, -0.37650710344314575]",-2.434168848689453e-05,True
64,597,77.46888732910156,-7.189271926879883,-1.4195602021792588,0.0034676152989877628,"[-1.0, -0.37650933861732483]",5.699494067406771e-05,True
64,598,77.46890258789062,-7.189205169677734,-1.41954901690268,0.0034641566854725823,"[-1.0, -0.37650710344314575]",-2.4341727625040606e-05,True
64,599,77.46888732910156,-7.189274311065674,-1.4195602021792588,0.0034676206111979553,"[-1.0, -0.37650933861732483]",5.699496612089131e-05,True
64,600,77.46890258789062,-7.189207553863525,-1.41954901690268,0.0034641498868385125,"[-1.0, -0.37650710344314575]",-2.4341759728797237e-05,True
64,601,77.46888732910156,-7.189276695251465,-1.4195602021792588,0.003467629605131065,"[-1.0, -0.37650933861732483]",5.699500811770447e-05,True
64,602,77.46890258789062,-7.189209938049316,-1.41954901690268,0.003464147409156655,"[-1.0, -0.37650713324546814]",-2.434177238826891e-05,True
64,603,77.46888732910156,-7.189279079437256,-1.4195602021792588,0.0034676381722680964,"[-1.0, -0.3765093982219696]",5.699504821169885e-05,True
64,604,77.46890258789062,-7.189212322235107,-1.41954901690268,0.003464139570614821,"[-1.0, -0.3765071630477905]",-2.4341809171610474e-05,True
64,605,77.46888732910156,-7.189281463623047,-1.4195602021792588,0.0034676391148791086,"[-1.0, -0.376509428024292]",5.6995053991773426e-05,True
64,606,77.46890258789062,-7.189214706420898,-1.41954901690268,0.0034641336149890956,"[-1.0, -0.37650713324546814]",-2.434183748182955e-05,True
64,607,77.46888732910156,-7.189283847808838,-1.4195602021792588,0.003467650709966541,"[-1.0, -0.376509428024292]",5.6995107711544605e-05,True
64,608,77.46890258789062,-7.1892170906066895,-1.41954901690268,0.003464128937605901,"[-1.0, -0.37650713324546814]",-2.4341860054168098e-05,True
64,609,77.46888732910156,-7.189286231994629,-1.4195602021792588,0.003467652121396077,"[-1.0, -0.376509428024292]",5.6995115601302543e-05,True
64,610,77.46890258789062,-7.1892194747924805,-1.41954901690268,0.0034641212071709715,"[-1.0, -0.37650713324546814]",-2.434189633681774e-05,True
64,611,77.46888732910156,-7.18928861618042,-1.4195602021792588,0.003467644721348438,"[-1.0, -0.37650951743125916]",5.6995083828755046e-05,True
64,612,77.46890258789062,-7.1892218589782715,-1.41954901690268,0.0034641292745961672,"[-1.0, -0.3765071630477905]",-2.4341861557518527e-05,True
64,613,77.46888732910156,-7.189291000366211,-1.4195602021792588,0.0034676501697563145,"[-1.0, -0.37650951743125916]",5.699510989557366e-05,True
64,614,77.46890258789062,-7.1892242431640625,-1.41954901690268,0.0034641206740008215,"[-1.0, -0.3765071630477905]",-2.434190176654818e-05,True
64,615,77.46888732910156,-7.189293384552002,-1.4195602021792588,0.0034676543366840627,"[-1.0, -0.37650951743125916]",5.699513018862626e-05,True
64,616,77.46890258789062,-7.1892266273498535,-1.41954901690268,0.0034641269138602827,"[-1.0, -0.3765071630477905]",-2.4341875214847488e-05,True
64,617,77.46888732910156,-7.189295768737793,-1.4195602021792588,0.003467645482205733,"[-1.0, -0.37650951743125916]",5.699509188535151e-05,True
64,618,77.46890258789062,-7.1892290115356445,-1.41954901690268,0.003464139023764801,"[-1.0, -0.3765071630477905]",-2.4341822233733183e-05,True
64,619,77.46888732910156,-7.189298152923584,-1.4195602021792588,0.003467637472880251,"[-1.0, -0.37650951743125916]",5.699505738526458e-05,True
64,620,77.46890258789062,-7.1892313957214355,-1.41954901690268,0.0034641445100502782,"[-1.0, -0.3765072524547577]",-2.4341799051799136e-05,True
64,621,77.46888732910156,-7.189300537109375,-1.4195602021792588,0.003467629970839369,"[-1.0, -0.37650957703590393]",5.699502514664207e-05,True
64,622,77.46890258789062,-7.189233779907227,-1.41954901690268,0.003464152633206864,"[-1.0, -0.3765072226524353]",-2.4341764007497813e-05,True
64,623,77.46888732910156,-7.189302921295166,-1.4195602021792588,0.0034676248666156238,"[-1.0, -0.37650957703590393]",5.699500373727652e-05,True
64,624,77.46890258789062,-7.189236164093018,-1.41954901690268,0.0034641586112237888,"[-1.0, -0.3765072524547577]",-2.4341738634088534e-05,True
64,625,77.46888732910156,-7.189305305480957,-1.4195602021792588,0.0034676134885134524,"[-1.0, -0.3765096068382263]",5.699495407414177e-05,True
64,626,77.46890258789062,-7.189238548278809,-1.41954901690268,0.0034641715322365823,"[-1.0, -0.3765072524547577]",-2.434168199588156e-05,True
64,627,77.46888732910156,-7.189307689666748,-1.4195602021792588,0.003467613845059334,"[-1.0, -0.3765096366405487]",5.699495720271241e-05,True
64,628,77.46890258789062,-7.1892409324646,-1.41954901690268,0.0034641616446882276,"[-1.0, -0.37650731205940247]",-2.4341727985541616e-05,True
64,629,77.46888732910156,-7.189310073852539,-1.4195602021792588,0.003467617060075789,"[-1.0, -0.3765096366405487]",5.6994973212164194e-05,True
64,630,77.46890258789062,-7.189243316650391,-1.41954901690268,0.0034641582033119993,"[-1.0, -0.37650731205940247]",-2.4341744999401525e-05,True
64,631,77.46888732910156,-7.18931245803833,-1.4195602021792588,0.0034676071943591322,"[-1.0, -0.3765096366405487]",5.699493035476426e-05,True
64,632,77.46890258789062,-7.189245700836182,-1.41954901690268,0.0034641670527488858,"[-1.0, -0.37650731205940247]",-2.4341706683286135e-05,True
64,633,77.46888732910156,-7.189314842224121,-1.4195602021792588,0.0034676169086970826,"[-1.0, -0.3765096664428711]",5.69949755933992e-05,True
64,634,77.46890258789062,-7.189248085021973,-1.41954901690268,0.0034641609046901036,"[-1.0, -0.37650734186172485]",-2.434173585945397e-05,True
64,635,77.46888732910156,-7.189317226409912,-1.4195602021792588,0.003467611262862251,"[-1.0, -0.3765096664428711]",5.699495174323105e-05,True
64,636,77.46890258789062,-7.189250469207764,-1.41954901690268,0.003464155065497122,"[-1.0, -0.37650737166404724]",-2.4341763663489266e-05,True
64,637,77.46888732910156,-7.189319610595703,-1.4195602021792588,0.0034676291942123834,"[-1.0, -0.3765096664428711]",5.699503397618438e-05,True
64,638,77.46890258789062,-7.189252853393555,-1.41954901690268,0.0034641434592990123,"[-1.0, -0.37650740146636963]",-2.4341817401284076e-05,True
64,639,77.46888732910156,-7.189321994781494,-1.4195602021792588,0.0034676267738113957,"[-1.0, -0.3765096962451935]",5.699502462625768e-05,True
64,640,77.46890258789062,-7.189255237579346,-1.41954901690268,0.003464144499285452,"[-1.0, -0.376507431268692]",-2.434181423124841e-05,True
64,641,77.46888732910156,-7.189324378967285,-1.4195602021792588,0.003467638596230036,"[-1.0, -0.37650972604751587]",5.6995079347703015e-05,True
64,642,77.46890258789062,-7.189257621765137,-1.41954901690268,0.0034641326562535463,"[-1.0, -0.3765074610710144]",-2.43418690347953e-05,True
64,643,77.46888732910156,-7.189326763153076,-1.4195602021792588,0.0034676490655506462,"[-1.0, -0.37650972604751587]",5.6995128019287065e-05,True
64,644,77.46890258789062,-7.189260005950928,-1.41954901690268,0.0034641287172936215,"[-1.0, -0.3765074610710144]",-2.434188828422913e-05,True
64,645,77.46888732910156,-7.189329147338867,-1.4195602021792588,0.0034676528914374992,"[-1.0, -0.37650972604751587]",5.699514677410293e-05,True
64,646,77.46890258789062,-7.189262390136719,-1.41954901690268,0.0034641219429621677,"[-1.0, -0.3765074908733368]",-2.4341920278623983e-05,True
64,647,77.46888732910156,-7.189331531524658,-1.4195602021792588,0.003467661261728248,"[-1.0, -0.37650978565216064]",5.699518596452546e-05,True
64,648,77.46890258789062,-7.18926477432251,-1.41954901690268,0.0034641315300763965,"[-1.0, -0.3765074908733368]",-2.4341878632302412e-05,True
64,649,77.46888732910156,-7.189333915710449,-1.4195602021792588,0.0034676472369024806,"[-1.0, -0.37650978565216064]",5.699512439113453e-05,True
64,650,77.46890258789062,-7.189267158508301,-1.41954901690268,0.00346413739332126,"[-1.0, -0.3765074908733368]",-2.4341853771814697e-05,True
64,651,77.46888732910156,-7.18933629989624,-1.4195602021792588,0.003467634293255076,"[-1.0, -0.37650981545448303]",5.699506768659895e-05,True
64,652,77.46890258789062,-7.189269542694092,-1.41954901690268,0.0034641481870498815,"[-1.0, -0.37650758028030396]",-2.4341806709939212e-05,True
64,653,77.46888732910156,-7.189338684082031,-1.4195602021792588,0.0034676299958889484,"[-1.0, -0.37650981545448303]",5.699504989032911e-05,True
64,654,77.46890258789062,-7.189271926879883,-1.41954901690268,0.0034641432478936646,"[-1.0, -0.37650758028030396]",-2.4341830463809072e-05,True
64,655,77.46888732910156,-7.189341068267822,-1.4195602021792588,0.00346763548648108,"[-1.0, -0.37650981545448303]",5.6995076136318725e-05,True
64,656,77.46890258789062,-7.189274311065674,-1.41954901690268,0.003464152541910863,"[-1.0, -0.3765075206756592]",-2.4341790147082278e-05,True
64,657,77.46888732910156,-7.189343452453613,-1.4195602021792588,0.0034676218634406997,"[-1.0, -0.37650981545448303]",5.6995016374514746e-05,True
64,658,77.46890258789062,-7.189276695251465,-1.41954901690268,0.0034641730268903347,"[-1.0, -0.3765075206756592]",-2.4341699478130683e-05,True
64,659,77.46888732910156,-7.189345836639404,-1.4195602021792588,0.003467597056249477,"[-1.0, -0.3765098750591278]",5.699490628403198e-05,True
64,660,77.46890258789062,-7.189279079437256,-1.41954901690268,0.003464172604818449,"[-1.0, -0.3765075206756592]",-2.4341702887357482e-05,True
64,661,77.46888732910156,-7.189348220825195,-1.4195602021792588,0.0034676081762279464,"[-1.0, -0.3765099048614502]",5.699495786226012e-05,True
64,662,77.46890258789062,-7.189281463623047,-1.41954901690268,0.003464148645302983,"[-1.0, -0.37650758028030396]",-2.4341812229291247e-05,True
64,663,77.46888732910156,-7.189350605010986,-1.4195602021792588,0.0034676280634039934,"[-1.0, -0.3765099346637726]",5.6995048892877356e-05,True
64,664,77.46890258789062,-7.189283847808838,-1.41954901690268,0.003464181001814722,"[-1.0, -0.37650761008262634]",-2.434166813133902e-05,True
64,665,77.46888732910156,-7.189352989196777,-1.4195602021792588,0.003467591538167979,"[-1.0, -0.3765099346637726]",5.699488606764031e-05,True
64,666,77.46890258789062,-7.189286231994629,-1.41954901690268,0.003464169392215742,"[-1.0, -0.37650761008262634]",-2.4341721884437745e-05,True
64,667,77.46888732910156,-7.189355373382568,-1.4195602021792588,0.0034675985252560207,"[-1.0, -0.3765099346637726]",5.699491905141424e-05,True
64,668,77.46890258789062,-7.18928861618042,-1.41954901690268,0.0034641681956385758,"[-1.0, -0.37650761008262634]",-2.434172878249102e-05,True
64,669,77.46888732910156,-7.189357757568359,-1.4195602021792588,0.0034676145021327585,"[-1.0, -0.37650996446609497]",5.699499247502644e-05,True
64,670,77.46890258789062,-7.189291000366211,-1.41954901690268,0.0034641681065086037,"[-1.0, -0.37650763988494873]",-2.434173069347921e-05,True
64,671,77.46888732910156,-7.18936014175415,-1.4195602021792588,0.0034676032306105676,"[-1.0, -0.37650996446609497]",5.69949432915016e-05,True
64,672,77.46890258789062,-7.189293384552002,-1.41954901690268,0.003464171390899625,"[-1.0, -0.3765076696872711]",-2.4341717423622926e-05,True
64,673,77.46888732910156,-7.189362525939941,-1.4195602021792588,0.0034675946860735097,"[-1.0, -0.37650996446609497]",5.699490637940987e-05,True
64,674,77.46890258789062,-7.189295768737793,-1.41954901690268,0.0034641731577732134,"[-1.0, -0.3765076696872711]",-2.434171099325323e-05,True
64,675,77.46888732910156,-7.189364910125732,-1.4195602021792588,0.003467593598774531,"[-1.0, -0.37650999426841736]",5.699490302488949e-05,True
64,676,77.46890258789062,-7.189298152923584,-1.41954901690268,0.003464178105346324,"[-1.0, -0.3765076994895935]",-2.4341690224866692e-05,True
64,677,77.46888732910156,-7.189367294311523,-1.4195602021792588,0.0034675955245727715,"[-1.0, -0.37650999426841736]",5.699491321864845e-05,True
64,678,77.46890258789062,-7.189300537109375,-1.41954901690268,0.0034641708686934387,"[-1.0, -0.3765076994895935]",-2.4341724303260702e-05,True
64,679,77.46888732910156,-7.1893696784973145,-1.4195602021792588,0.0034675988764407994,"[-1.0, -0.37651005387306213]",5.699492984393231e-05,True
64,680,77.46890258789062,-7.189302921295166,-1.41954901690268,0.0034641702750839278,"[-1.0, -0.3765077292919159]",-2.4341728498617672e-05,True
64,681,77.46888732910156,-7.1893720626831055,-1.4195602021792588,0.003467612194820945,"[-1.0, -0.37651005387306213]",5.699499133273156e-05,True
64,682,77.46890258789062,-7.189305305480957,-1.41954901690268,0.0034641726155910605,"[-1.0, -0.3765077292919159]",-2.4341719476238887e-05,True
64,683,77.46888732910156,-7.1893744468688965,-1.4195602021792588,0.0034675970666686357,"[-1.0, -0.3765100836753845]",5.699492477660762e-05,True
64,684,77.46890258789062,-7.189307689666748,-1.41954901690268,0.0034641598351610767,"[-1.0, -0.37650778889656067]",-2.4341778494524416e-05,True
64,685,77.46888732910156,-7.1893768310546875,-1.4195602021792588,0.003467610670701688,"[-1.0, -0.3765100836753845]",5.6994987536634095e-05,True
64,686,77.46890258789062,-7.189310073852539,-1.41954901690268,0.0034641854597283537,"[-1.0, -0.37650778889656067]",-2.4341664715191262e-05,True
64,687,77.46888732910156,-7.1893792152404785,-1.4195602021792588,0.003467571747781233,"[-1.0, -0.3765101134777069]",5.6994813939580635e-05,True
64,688,77.46890258789062,-7.18931245803833,-1.41954901690268,0.003464209126431713,"[-1.0, -0.37650778889656067]",-2.4341559721376747e-05,True
64,689,77.46888732910156,-7.1893815994262695,-1.4195602021792588,0.0034675696555380893,"[-1.0, -0.3765101432800293]",5.699480604860066e-05,True
64,690,77.46890258789062,-7.189314842224121,-1.41954901690268,0.0034641818831061158,"[-1.0, -0.37650781869888306]",-2.434168382624525e-05,True
64,691,77.46888732910156,-7.1893839836120605,-1.4195602021792588,0.0034675970293521663,"[-1.0, -0.3765101432800293]",5.6994930772641744e-05,True
64,692,77.46890258789062,-7.189317226409912,-1.41954901690268,0.003464198341634802,"[-1.0, -0.37650781869888306]",-2.4341611272769472e-05,True
64,693,77.46888732910156,-7.189386367797852,-1.4195602021792588,0.003467557211896604,"[-1.0, -0.3765101432800293]",5.699475313241673e-05,True
64,694,77.46890258789062,-7.189319610595703,-1.41954901690268,0.003464211528342948,"[-1.0, -0.37650784850120544]",-2.4341553456696982e-05,True
64,695,77.46888732910156,-7.189388751983643,-1.4195602021792588,0.003467548311672353,"[-1.0, -0.3765101432800293]",5.699471461973263e-05,True
64,696,77.46890258789062,-7.189321994781494,-1.41954901690268,0.0034642410255268604,"[-1.0, -0.37650784850120544]",-2.434142221506184e-05,True
64,697,77.46888732910156,-7.189391136169434,-1.4195602021792588,0.0034675385043745986,"[-1.0, -0.3765102028846741]",5.699467202877047e-05,True
64,698,77.46890258789062,-7.189324378967285,-1.41954901690268,0.0034642317858644064,"[-1.0, -0.37650784850120544]",-2.434146531765705e-05,True
64,699,77.46888732910156,-7.189393520355225,-1.4195602021792588,0.003467545659487153,"[-1.0, -0.3765102028846741]",5.6994705750891135e-05,True
64,700,77.46890258789062,-7.189326763153076,-1.41954901690268,0.0034642306748222888,"[-1.0, -0.3765079081058502]",-2.434147182724989e-05,True
64,701,77.46888732910156,-7.189395904541016,-1.4195602021792588,0.0034675519332565785,"[-1.0, -0.3765102028846741]",5.6994735538942135e-05,True
64,702,77.46890258789062,-7.189329147338867,-1.41954901690268,0.003464232088078187,"[-1.0, -0.3765079081058502]",-2.4341466977501663e-05,True
64,703,77.46888732910156,-7.189398288726807,-1.4195602021792588,0.0034675395969480226,"[-1.0, -0.37651026248931885]",5.699468154966781e-05,True
64,704,77.46890258789062,-7.189331531524658,-1.41954901690268,0.0034642190999093405,"[-1.0, -0.3765079081058502]",-2.43415269377175e-05,True
64,705,77.46888732910156,-7.189400672912598,-1.4195602021792588,0.0034675493612599923,"[-1.0, -0.37651026248931885]",5.6994727030949404e-05,True
64,706,77.46890258789062,-7.189333915710449,-1.41954901690268,0.003464222577270477,"[-1.0, -0.3765079379081726]",-2.434151281015384e-05,True
64,707,77.46888732910156,-7.189403057098389,-1.4195602021792588,0.003467557598317244,"[-1.0, -0.37651029229164124]",5.699476565024292e-05,True
64,708,77.46890258789062,-7.18933629989624,-1.41954901690268,0.003464221527090429,"[-1.0, -0.376507967710495]",-2.434151904586737e-05,True
64,709,77.46888732910156,-7.18940544128418,-1.4195602021792588,0.0034675562603585586,"[-1.0, -0.37651029229164124]",5.6994761157095716e-05,True
64,710,77.46890258789062,-7.189338684082031,-1.41954901690268,0.0034642222606472953,"[-1.0, -0.376507967710495]",-2.4341517258317497e-05,True
64,711,77.46888732910156,-7.189407825469971,-1.4195602021792588,0.0034675480591409283,"[-1.0, -0.376510351896286]",5.69947257899414e-05,True
64,712,77.46890258789062,-7.189341068267822,-1.41954901690268,0.003464208956471397,"[-1.0, -0.376507967710495]",-2.434157863345964e-05,True
64,713,77.46888732910156,-7.189410209655762,-1.4195602021792588,0.0034675560835540943,"[-1.0, -0.3765103816986084]",5.699476344167838e-05,True
64,714,77.46890258789062,-7.189343452453613,-1.41954901690268,0.0034642184349194254,"[-1.0, -0.376507967710495]",-2.434153749389954e-05,True
64,715,77.46888732910156,-7.189412593841553,-1.4195602021792588,0.0034675601901198554,"[-1.0, -0.3765103816986084]",5.699478345954933e-05,True
64,716,77.46890258789062,-7.189345836639404,-1.41954901690268,0.003464215177379202,"[-1.0, -0.37650802731513977]",-2.4341553673392e-05,True
64,717,77.46888732910156,-7.189414978027344,-1.4195602021792588,0.0034675491554868256,"[-1.0, -0.3765104115009308]",5.699473534202572e-05,True
64,718,77.46890258789062,-7.189348220825195,-1.41954901690268,0.0034642105423613127,"[-1.0, -0.3765079975128174]",-2.4341576040875813e-05,True
64,719,77.46888732910156,-7.189417362213135,-1.4195602021792588,0.0034675603915432394,"[-1.0, -0.3765103816986084]",5.6994787446157315e-05,True
64,720,77.46890258789062,-7.189350605010986,-1.41954901690268,0.003464211635583545,"[-1.0, -0.37650802731513977]",-2.4341572649042653e-05,True
64,721,77.46888732910156,-7.189419746398926,-1.4195602021792588,0.0034675562995065386,"[-1.0, -0.3765104115009308]",5.699477057031719e-05,True
64,722,77.46890258789062,-7.189352989196777,-1.41954901690268,0.0034642185200861016,"[-1.0, -0.37650802731513977]",-2.434154316092089e-05,True
64,723,77.46888732910156,-7.189422130584717,-1.4195602021792588,0.0034675549135029836,"[-1.0, -0.3765104115009308]",5.6994765875178927e-05,True
64,724,77.46890258789062,-7.189355373382568,-1.41954901690268,0.003464211466180775,"[-1.0, -0.37650808691978455]",-2.4341576431161744e-05,True
64,725,77.46888732910156,-7.189424514770508,-1.4195602021792588,0.003467573010065707,"[-1.0, -0.37651047110557556]",5.699484883737806e-05,True
64,726,77.46890258789062,-7.189357757568359,-1.41954901690268,0.0034641806904340162,"[-1.0, -0.37650808691978455]",-2.4341716417714615e-05,True
64,727,77.46888732910156,-7.189426898956299,-1.4195602021792588,0.0034675968098813025,"[-1.0, -0.37651047110557556]",5.699495747487326e-05,True
64,728,77.46890258789062,-7.18936014175415,-1.41954901690268,0.0034641981550129894,"[-1.0, -0.37650808691978455]",-2.4341639351223405e-05,True
64,729,77.46888732910156,-7.18942928314209,-1.4195602021792588,0.0034675579121662124,"[-1.0, -0.37651050090789795]",5.699478398769124e-05,True
64,730,77.46890258789062,-7.189362525939941,-1.41954901690268,0.003464204820932873,"[-1.0, -0.37650811672210693]",-2.4341610878698096e-05,True
64,731,77.46888732910156,-7.189431667327881,-1.4195602021792588,0.003467576196444049,"[-1.0, -0.37651047110557556]",5.6994867808819234e-05,True
64,732,77.46890258789062,-7.189364910125732,-1.41954901690268,0.0034642023146907535,"[-1.0, -0.3765081465244293]",-2.434162366669095e-05,True
64,733,77.46888732910156,-7.189434051513672,-1.4195602021792588,0.0034675682245550554,"[-1.0, -0.37651053071022034]",5.699483346298565e-05,True
64,734,77.46890258789062,-7.189367294311523,-1.41954901690268,0.003464209910006026,"[-1.0, -0.3765081465244293]",-2.434159098346468e-05,True
64,735,77.46888732910156,-7.189436435699463,-1.4195602021792588,0.0034675701492724747,"[-1.0, -0.3765105605125427]",5.699484366253906e-05,True
64,736,77.46890258789062,-7.1893696784973145,-1.41954901690268,0.0034642079094304025,"[-1.0, -0.3765082061290741]",-2.4341601513721868e-05,True
64,737,77.46888732910156,-7.189438819885254,-1.4195602021792588,0.0034675626927605863,"[-1.0, -0.3765105605125427]",5.699481165011329e-05,True
64,738,77.46890258789062,-7.1893720626831055,-1.41954901690268,0.0034642105539516655,"[-1.0, -0.3765082061290741]",-2.4341591119726782e-05,True
64,739,77.46888732910156,-7.189441204071045,-1.4195602021792588,0.0034675571116157575,"[-1.0, -0.3765105605125427]",5.699478807328659e-05,True
64,740,77.46890258789062,-7.1893744468688965,-1.41954901690268,0.0034642134059155558,"[-1.0, -0.3765082359313965]",-2.434157981355616e-05,True
64,741,77.46888732910156,-7.189443588256836,-1.4195602021792588,0.0034675669208239996,"[-1.0, -0.3765105903148651]",5.6994833756601415e-05,True
64,742,77.46890258789062,-7.1893768310546875,-1.41954901690268,0.003464212630322691,"[-1.0, -0.3765082061290741]",-2.4341584799416513e-05,True
64,743,77.46888732910156,-7.189445972442627,-1.4195602021792588,0.0034675484415330102,"[-1.0, -0.3765105903148651]",5.6994752141669697e-05,True
64,744,77.46890258789062,-7.1893792152404785,-1.41954901690268,0.003464214522690502,"[-1.0, -0.3765082061290741]",-2.434157780787553e-05,True
64,745,77.46888732910156,-7.189448356628418,-1.4195602021792588,0.0034675698900711485,"[-1.0, -0.3765106201171875]",5.699485019486364e-05,True
64,746,77.46890258789062,-7.1893815994262695,-1.41954901690268,0.003464230295103456,"[-1.0, -0.37650826573371887]",-2.4341508338367835e-05,True
64,747,77.46888732910156,-7.189450740814209,-1.4195602021792588,0.003467542990365594,"[-1.0, -0.3765106499195099]",5.6994730673855517e-05,True
64,748,77.46890258789062,-7.1893839836120605,-1.41954901690268,0.0034642592244817686,"[-1.0, -0.37650826573371887]",-2.434137966962146e-05,True
64,749,77.46888732910156,-7.189453125,-1.4195602021792588,0.003467531761441492,"[-1.0, -0.3765106499195099]",5.6994681699785654e-05,True
64,750,77.46890258789062,-7.189386367797852,-1.41954901690268,0.003464228208845158,"[-1.0, -0.37650829553604126]",-2.4341520764100374e-05,True
64,751,77.46888732910156,-7.189455509185791,-1.4195602021792588,0.003467540605063728,"[-1.0, -0.3765106499195099]",5.6994723034410735e-05,True
64,752,77.46890258789062,-7.189388751983643,-1.41954901690268,0.0034642313875678497,"[-1.0, -0.37650832533836365]",-2.4341507969751575e-05,True
64,753,77.46888732910156,-7.189457893371582,-1.4195602021792588,0.0034675539146803184,"[-1.0, -0.37651070952415466]",5.699478446956313e-05,True
64,754,77.46890258789062,-7.189391136169434,-1.41954901690268,0.003464228245553992,"[-1.0, -0.37650832533836365]",-2.434152361871725e-05,True
64,755,77.46888732910156,-7.189460277557373,-1.4195602021792588,0.0034675462998033373,"[-1.0, -0.37651070952415466]",5.699475172673088e-05,True
64,756,77.46890258789062,-7.189393520355225,-1.41954901690268,0.0034642284381899667,"[-1.0, -0.37650832533836365]",-2.4341524261758673e-05,True
64,757,77.46888732910156,-7.189462661743164,-1.4195602021792588,0.0034675577438073547,"[-1.0, -0.37651070952415466]",5.699480476307399e-05,True
64,758,77.46890258789062,-7.189395904541016,-1.41954901690268,0.0034642008392622736,"[-1.0, -0.37650832533836365]",-2.4341649966836608e-05,True
64,759,77.46888732910156,-7.189465045928955,-1.4195602021792588,0.003467566990242537,"[-1.0, -0.37651070952415466]",5.699484791391004e-05,True
64,760,77.46890258789062,-7.189398288726807,-1.41954901690268,0.003464209154277063,"[-1.0, -0.3765083849430084]",-2.4341614055620655e-05,True
64,761,77.46888732910156,-7.189467430114746,-1.4195602021792588,0.0034675744306888446,"[-1.0, -0.37651076912879944]",5.699488293424345e-05,True
64,762,77.46890258789062,-7.189400672912598,-1.41954901690268,0.0034642158485862647,"[-1.0, -0.3765084147453308]",-2.4341585458896128e-05,True
64,763,77.46888732910156,-7.189469814300537,-1.4195602021792588,0.003467562208404122,"[-1.0, -0.37651076912879944]",5.699482947228722e-05,True
64,764,77.46890258789062,-7.189403057098389,-1.41954901690268,0.003464214850691869,"[-1.0, -0.3765084445476532]",-2.4341591459324222e-05,True
64,765,77.46888732910156,-7.189472198486328,-1.4195602021792588,0.0034675584255059975,"[-1.0, -0.3765107989311218]",5.699481399467611e-05,True
64,766,77.46890258789062,-7.18940544128418,-1.41954901690268,0.003464222011417888,"[-1.0, -0.3765084445476532]",-2.434156074596045e-05,True
64,767,77.46888732910156,-7.189474582672119,-1.4195602021792588,0.0034675627946885125,"[-1.0, -0.3765107989311218]",5.699483519432245e-05,True
64,768,77.46890258789062,-7.189407825469971,-1.41954901690268,0.0034642280768793707,"[-1.0, -0.3765084445476532]",-2.434153497905066e-05,True
64,769,77.46888732910156,-7.18947696685791,-1.4195602021792588,0.0034675588369659214,"[-1.0, -0.3765107989311218]",5.699481892644852e-05,True
64,770,77.46890258789062,-7.189410209655762,-1.41954901690268,0.003464222016483083,"[-1.0, -0.3765084743499756]",-2.4341563760737267e-05,True
64,771,77.46888732910156,-7.189479351043701,-1.4195602021792588,0.0034675524050457557,"[-1.0, -0.3765107989311218]",5.6994791521132807e-05,True
64,772,77.46890258789062,-7.189412593841553,-1.41954901690268,0.0034642400565351433,"[-1.0, -0.376508504152298]",-2.4341484086853596e-05,True
64,773,77.46888732910156,-7.189481735229492,-1.4195602021792588,0.0034675366890384476,"[-1.0, -0.3765108287334442]",5.6994722337424945e-05,True
64,774,77.46890258789062,-7.189414978027344,-1.41954901690268,0.0034642405308694044,"[-1.0, -0.3765084743499756]",-2.4341483462252734e-05,True
64,775,77.46888732910156,-7.189484119415283,-1.4195602021792588,0.0034675444110822745,"[-1.0, -0.3765108287334442]",5.6994758610736326e-05,True
64,776,77.46890258789062,-7.189417362213135,-1.41954901690268,0.003464242076459479,"[-1.0, -0.376508504152298]",-2.4341478017000714e-05,True
64,777,77.46888732910156,-7.189486503601074,-1.4195602021792588,0.0034675364429616455,"[-1.0, -0.3765108585357666]",5.6994724296071236e-05,True
64,778,77.46890258789062,-7.189419746398926,-1.41954901690268,0.003464242731587025,"[-1.0, -0.37650856375694275]",-2.434147657883007e-05,True
64,779,77.46888732910156,-7.189488887786865,-1.4195602021792588,0.0034675401447825972,"[-1.0, -0.3765109181404114]",5.699474249259054e-05,True
64,780,77.46890258789062,-7.189422130584717,-1.41954901690268,0.003464235718665445,"[-1.0, -0.37650856375694275]",-2.4341509646880494e-05,True
64,781,77.46888732910156,-7.189491271972656,-1.4195602021792588,0.003467540625755891,"[-1.0, -0.376510888338089]",5.6994746198848104e-05,True
64,782,77.46890258789062,-7.189424514770508,-1.41954901690268,0.003464229418991456,"[-1.0, -0.37650856375694275]",-2.434153951952761e-05,True
64,783,77.46888732910156,-7.189493656158447,-1.4195602021792588,0.0034675475766162067,"[-1.0, -0.376510888338089]",5.699477901604455e-05,True
64,784,77.46890258789062,-7.189426898956299,-1.41954901690268,0.003464219300054804,"[-1.0, -0.37650859355926514]",-2.434158656464586e-05,True
64,785,77.46888732910156,-7.189496040344238,-1.4195602021792588,0.0034675560128614854,"[-1.0, -0.3765109181404114]",5.699481852102604e-05,True
64,786,77.46890258789062,-7.18942928314209,-1.41954901690268,0.0034642289655529954,"[-1.0, -0.37650859355926514]",-2.4341544583360025e-05,True
64,787,77.46888732910156,-7.189498424530029,-1.4195602021792588,0.0034675540885859197,"[-1.0, -0.3765109181404114]",5.699481140366373e-05,True
64,788,77.46890258789062,-7.189431667327881,-1.41954901690268,0.0034642122364095724,"[-1.0, -0.37650859355926514]",-2.43416213886196e-05,True
64,789,77.46888732910156,-7.18950080871582,-1.4195602021792588,0.003467570279518499,"[-1.0, -0.3765109181404114]",5.699488580118536e-05,True
64,790,77.46890258789062,-7.189434051513672,-1.41954901690268,0.0034642012868886466,"[-1.0, -0.3765086233615875]",-2.4341672171367075e-05,True
64,791,77.46888732910156,-7.189503192901611,-1.4195602021792588,0.003467582046506911,"[-1.0, -0.37651094794273376]",5.699494029095823e-05,True
64,792,77.46890258789062,-7.189436435699463,-1.41954901690268,0.0034641929181068406,"[-1.0, -0.3765086233615875]",-2.43417113372358e-05,True
64,793,77.46888732910156,-7.189505577087402,-1.4195602021792588,0.003467594036017732,"[-1.0, -0.37651094794273376]",5.6994995785634665e-05,True
64,794,77.46890258789062,-7.189438819885254,-1.41954901690268,0.0034641824359176723,"[-1.0, -0.3765086233615875]",-2.434176002054309e-05,True
64,795,77.46888732910156,-7.189507961273193,-1.4195602021792588,0.0034675975251847457,"[-1.0, -0.37651094794273376]",5.699501301100039e-05,True
64,796,77.46890258789062,-7.189441204071045,-1.41954901690268,0.0034641884351415274,"[-1.0, -0.3765086233615875]",-2.4341734533939054e-05,True
64,797,77.46888732910156,-7.189510345458984,-1.4195602021792588,0.003467591580796955,"[-1.0, -0.37651097774505615]",5.6994987820896645e-05,True
64,798,77.46890258789062,-7.189443588256836,-1.41954901690268,0.00346418928845071,"[-1.0, -0.3765086829662323]",-2.43417322181619e-05,True
64,799,77.46888732910156,-7.189512729644775,-1.4195602021792588,0.003467586338513454,"[-1.0, -0.37651097774505615]",5.699496575118234e-05,True
64,800,77.46890258789062,-7.189445972442627,-1.41954901690268,0.003464191661034799,"[-1.0, -0.3765086829662323]",-2.4341723037225957e-05,True
64,801,77.46888732910156,-7.189515113830566,-1.4195602021792588,0.0034675883990150152,"[-1.0, -0.37651100754737854]",5.69949765653171e-05,True
64,802,77.46890258789062,-7.189448356628418,-1.41954901690268,0.0034641809769825867,"[-1.0, -0.3765086829662323]",-2.434177263957508e-05,True
64,803,77.46888732910156,-7.189517498016357,-1.4195602021792588,0.003467598132448635,"[-1.0, -0.3765110373497009]",5.699502190409341e-05,True
64,804,77.46890258789062,-7.189450740814209,-1.41954901690268,0.003464173446192634,"[-1.0, -0.3765087127685547]",-2.434180803803318e-05,True
64,805,77.46888732910156,-7.189519882202148,-1.4195602021792588,0.003467603939488726,"[-1.0, -0.3765110373497009]",5.699504957765156e-05,True
64,806,77.46890258789062,-7.189453125,-1.41954901690268,0.0034641648658519015,"[-1.0, -0.3765087425708771]",-2.434184815946979e-05,True
64,807,77.46888732910156,-7.1895222663879395,-1.4195602021792588,0.0034676167207099836,"[-1.0, -0.3765110671520233]",5.6995108631472245e-05,True
64,808,77.46890258789062,-7.189455509185791,-1.41954901690268,0.0034641553951073045,"[-1.0, -0.3765087425708771]",-2.4341892301934645e-05,True
64,809,77.46888732910156,-7.1895246505737305,-1.4195602021792588,0.0034676274682343424,"[-1.0, -0.3765110671520233]",5.6995158533656884e-05,True
64,810,77.46890258789062,-7.189457893371582,-1.41954901690268,0.0034641461094528877,"[-1.0, -0.37650880217552185]",-2.4341935583071982e-05,True
64,811,77.46888732910156,-7.1895270347595215,-1.4195602021792588,0.0034676428678218885,"[-1.0, -0.3765111267566681]",5.699522936302043e-05,True
64,812,77.46890258789062,-7.189460277557373,-1.41954901690268,0.0034641385243612244,"[-1.0, -0.37650880217552185]",-2.4341971243651347e-05,True
64,813,77.46888732910156,-7.1895294189453125,-1.4195602021792588,0.0034676319636223456,"[-1.0, -0.3765111565589905]",5.699518184665837e-05,True
64,814,77.46890258789062,-7.189462661743164,-1.41954901690268,0.0034641390718666907,"[-1.0, -0.37650883197784424]",-2.4341970286227347e-05,True
64,815,77.46888732910156,-7.1895318031311035,-1.4195602021792588,0.003467619309694536,"[-1.0, -0.3765111565589905]",5.6995126428097394e-05,True
64,816,77.46890258789062,-7.189465045928955,-1.41954901690268,0.003464162458858326,"[-1.0, -0.37650883197784424]",-2.4341866554668306e-05,True
64,817,77.46888732910156,-7.1895341873168945,-1.4195602021792588,0.003467616753400852,"[-1.0, -0.37651118636131287]",5.699511647731169e-05,True
64,818,77.46890258789062,-7.189467430114746,-1.41954901690268,0.0034641671518577007,"[-1.0, -0.37650883197784424]",-2.4341846960285288e-05,True
64,819,77.46888732910156,-7.1895365715026855,-1.4195602021792588,0.003467610111920108,"[-1.0, -0.37651118636131287]",5.6995088132526083e-05,True
64,820,77.46890258789062,-7.189469814300537,-1.41954901690268,0.0034641697780016926,"[-1.0, -0.37650883197784424]",-2.434183665609335e-05,True
64,821,77.46888732910156,-7.189538955688477,-1.4195602021792588,0.0034676069684650506,"[-1.0, -0.37651118636131287]",5.69950755146452e-05,True
64,822,77.46890258789062,-7.189472198486328,-1.41954901690268,0.003464177349952221,"[-1.0, -0.37650883197784424]",-2.4341804092219288e-05,True
64,823,77.46888732910156,-7.189541339874268,-1.4195602021792588,0.003467595277658005,"[-1.0, -0.37651121616363525]",5.699502444433853e-05,True
64,824,77.46890258789062,-7.189474582672119,-1.41954901690268,0.0034641826290512513,"[-1.0, -0.3765088617801666]",-2.434178184262425e-05,True
64,825,77.46888732910156,-7.189543724060059,-1.4195602021792588,0.0034675873777145756,"[-1.0, -0.37651121616363525]",5.699499043291811e-05,True
64,826,77.46890258789062,-7.18947696685791,-1.41954901690268,0.003464186245429961,"[-1.0, -0.376508891582489]",-2.4341767078823373e-05,True
64,827,77.46888732910156,-7.18954610824585,-1.4195602021792588,0.0034675920818296336,"[-1.0, -0.37651124596595764]",5.6995013143313605e-05,True
64,828,77.46890258789062,-7.189479351043701,-1.41954901690268,0.003464170154189579,"[-1.0, -0.3765089213848114]",-2.434184101707197e-05,True
64,829,77.46888732910156,-7.189548492431641,-1.4195602021792588,0.003467601639554344,"[-1.0, -0.37651124596595764]",5.699505769495254e-05,True
64,830,77.46890258789062,-7.189481735229492,-1.41954901690268,0.0034641829356988015,"[-1.0, -0.3765089511871338]",-2.4341784995972928e-05,True
64,831,77.46888732910156,-7.189550876617432,-1.4195602021792588,0.003467581288387066,"[-1.0, -0.37651127576828003]",5.699496763881396e-05,True
64,832,77.46890258789062,-7.189484119415283,-1.41954901690268,0.0034642040194794474,"[-1.0, -0.3765089809894562]",-2.4341691625310618e-05,True
64,833,77.46888732910156,-7.189553260803223,-1.4195602021792588,0.0034675785346318594,"[-1.0, -0.37651127576828003]",5.699495678524056e-05,True
64,834,77.46890258789062,-7.189486503601074,-1.41954901690268,0.0034642193746212903,"[-1.0, -0.37650901079177856]",-2.434162405483921e-05,True
64,835,77.46888732910156,-7.189555644989014,-1.4195602021792588,0.0034675669283400485,"[-1.0, -0.3765113055706024]",5.6994906113015996e-05,True
64,836,77.46890258789062,-7.189488887786865,-1.41954901690268,0.0034641971747334595,"[-1.0, -0.3765089809894562]",-2.4341725478448616e-05,True
64,837,77.46888732910156,-7.189558029174805,-1.4195602021792588,0.003467590819148407,"[-1.0, -0.3765113055706024]",5.699501516353135e-05,True
64,838,77.46890258789062,-7.189491271972656,-1.41954901690268,0.003464186733694366,"[-1.0, -0.3765089809894562]",-2.4341773976580562e-05,True
64,839,77.46888732910156,-7.189560413360596,-1.4195602021792588,0.003467597116839021,"[-1.0, -0.3765113651752472]",5.6995045041464135e-05,True
64,840,77.46890258789062,-7.189493656158447,-1.41954901690268,0.0034641730613564916,"[-1.0, -0.37650904059410095]",-2.43418370084516e-05,True
64,841,77.46888732910156,-7.189562797546387,-1.4195602021792588,0.003467604920126124,"[-1.0, -0.3765113651752472]",5.699508168392298e-05,True
64,842,77.46890258789062,-7.189496040344238,-1.41954901690268,0.0034641853451354734,"[-1.0, -0.37650907039642334]",-2.4341783241349497e-05,True
64,843,77.46888732910156,-7.189565181732178,-1.4195602021792588,0.003467592120850511,"[-1.0, -0.3765113651752472]",5.6995025625507744e-05,True
64,844,77.46890258789062,-7.189498424530029,-1.41954901690268,0.0034641881393713747,"[-1.0, -0.37650904059410095]",-2.4341772177191254e-05,True
64,845,77.46888732910156,-7.189567565917969,-1.4195602021792588,0.0034675817550910842,"[-1.0, -0.3765113651752472]",5.6994980517915345e-05,True
64,846,77.46890258789062,-7.18950080871582,-1.41954901690268,0.0034641902178484453,"[-1.0, -0.3765091001987457]",-2.4341764333947747e-05,True
64,847,77.46888732910156,-7.18956995010376,-1.4195602021792588,0.0034675807188137265,"[-1.0, -0.37651145458221436]",5.6994977392992255e-05,True
64,848,77.46890258789062,-7.189503192901611,-1.41954901690268,0.0034642021800148247,"[-1.0, -0.3765091001987457]",-2.4341712014102354e-05,True
64,849,77.46888732910156,-7.189572334289551,-1.4195602021792588,0.0034675773036614886,"[-1.0, -0.37651142477989197]",5.699496355602679e-05,True
64,850,77.46890258789062,-7.189505577087402,-1.41954901690268,0.0034641926109059383,"[-1.0, -0.3765091001987457]",-2.434175658854837e-05,True
64,851,77.46888732910156,-7.189574718475342,-1.4195602021792588,0.003467586027987347,"[-1.0, -0.37651145458221436]",5.699500436802903e-05,True
64,852,77.46890258789062,-7.189507961273193,-1.41954901690268,0.0034641921434429837,"[-1.0, -0.3765091300010681]",-2.434176021269312e-05,True
64,853,77.46888732910156,-7.189577102661133,-1.4195602021792588,0.0034675890315655597,"[-1.0, -0.37651145458221436]",5.6995019408245145e-05,True
64,854,77.46890258789062,-7.189510345458984,-1.41954901690268,0.003464190213020067,"[-1.0, -0.3765091300010681]",-2.4341770409499558e-05,True
64,855,77.46888732910156,-7.189579486846924,-1.4195602021792588,0.0034675788938084108,"[-1.0, -0.37651148438453674]",5.6994975344426565e-05,True
64,856,77.46890258789062,-7.189512729644775,-1.41954901690268,0.0034642020553169077,"[-1.0, -0.3765091598033905]",-2.4341718646830656e-05,True
64,857,77.46888732910156,-7.189581871032715,-1.4195602021792588,0.0034675683626826893,"[-1.0, -0.37651148438453674]",5.6994929492685846e-05,True
64,858,77.46890258789062,-7.189515113830566,-1.41954901690268,0.0034641984320487127,"[-1.0, -0.3765091598033905]",-2.4341736457888135e-05,True
64,859,77.46888732910156,-7.189584255218506,-1.4195602021792588,0.0034675969878348333,"[-1.0, -0.37651151418685913]",5.6995059847748236e-05,True
64,860,77.46890258789062,-7.189517498016357,-1.41954901690268,0.0034642027251613164,"[-1.0, -0.3765092194080353]",-2.4341718652337447e-05,True
64,861,77.46888732910156,-7.189586639404297,-1.4195602021792588,0.0034675718573200505,"[-1.0, -0.37651151418685913]",5.6994948284545875e-05,True
64,862,77.46890258789062,-7.189519882202148,-1.41954901690268,0.0034642134324640093,"[-1.0, -0.3765092194080353]",-2.4341671975825928e-05,True
64,863,77.46888732910156,-7.189589023590088,-1.4195602021792588,0.0034675592331003063,"[-1.0, -0.3765115439891815]",5.6994893028092904e-05,True
64,864,77.46890258789062,-7.1895222663879395,-1.41954901690268,0.003464216374916177,"[-1.0, -0.3765092194080353]",-2.4341660262458053e-05,True
64,865,77.46888732910156,-7.189591407775879,-1.4195602021792588,0.003467554767761853,"[-1.0, -0.3765115439891815]",5.699487447950032e-05,True
64,866,77.46890258789062,-7.1895246505737305,-1.41954901690268,0.0034642173836609306,"[-1.0, -0.3765092194080353]",-2.434165723300998e-05,True
64,867,77.46888732910156,-7.18959379196167,-1.4195602021792588,0.0034675569576145945,"[-1.0, -0.3765115439891815]",5.69948858543991e-05,True
64,868,77.46890258789062,-7.1895270347595215,-1.41954901690268,0.0034642085185088156,"[-1.0, -0.37650927901268005]",-2.4341698618334237e-05,True
64,869,77.46888732910156,-7.189596176147461,-1.4195602021792588,0.00346756979074417,"[-1.0, -0.3765115439891815]",5.699494514535993e-05,True
64,870,77.46890258789062,-7.1895294189453125,-1.41954901690268,0.003464199091930339,"[-1.0, -0.37650924921035767]",-2.4341742565604268e-05,True
64,871,77.46888732910156,-7.189598560333252,-1.4195602021792588,0.003467571222742879,"[-1.0, -0.3765116035938263]",5.699495313123186e-05,True
64,872,77.46890258789062,-7.1895318031311035,-1.41954901690268,0.003464207615145544,"[-1.0, -0.37650924921035767]",-2.4341705721039156e-05,True
64,873,77.46888732910156,-7.189600944519043,-1.4195602021792588,0.0034675775833563818,"[-1.0, -0.3765116035938263]",5.6994983278106794e-05,True
64,874,77.46890258789062,-7.1895341873168945,-1.41954901690268,0.0034641964857690007,"[-1.0, -0.37650927901268005]",-2.4341757313136914e-05,True
64,875,77.46888732910156,-7.189603328704834,-1.4195602021792588,0.0034675794150368375,"[-1.0, -0.3765116333961487]",5.699499307320472e-05,True
64,876,77.46890258789062,-7.1895365715026855,-1.41954901690268,0.0034641917076865597,"[-1.0, -0.37650927901268005]",-2.4341780335069354e-05,True
64,877,77.46888732910156,-7.189605712890625,-1.4195602021792588,0.0034675958463936674,"[-1.0, -0.3765116333961487]",5.699506855618819e-05,True
64,878,77.46890258789062,-7.189538955688477,-1.41954901690268,0.003464180201107683,"[-1.0, -0.37650930881500244]",-2.4341833628130328e-05,True
64,879,77.46888732910156,-7.189608097076416,-1.4195602021792588,0.00346758548833501,"[-1.0, -0.37651166319847107]",5.699502348324926e-05,True
64,880,77.46890258789062,-7.189541339874268,-1.41954901690268,0.003464188205306808,"[-1.0, -0.37650930881500244]",-2.4341799119137578e-05,True
64,881,77.46888732910156,-7.189610481262207,-1.4195602021792588,0.003467594748053175,"[-1.0, -0.37651166319847107]",5.699506667964788e-05,True
64,882,77.46890258789062,-7.189543724060059,-1.41954901690268,0.0034641827801012255,"[-1.0, -0.3765093684196472]",-2.4341825042466013e-05,True
64,883,77.46888732910156,-7.189612865447998,-1.4195602021792588,0.003467595736428221,"[-1.0, -0.37651166319847107]",5.6995072679871465e-05,True
64,884,77.46890258789062,-7.18954610824585,-1.41954901690268,0.0034641779749981227,"[-1.0, -0.3765093684196472]",-2.4341848189544143e-05,True
64,885,77.46888732910156,-7.189615249633789,-1.4195602021792588,0.003467601152567801,"[-1.0, -0.37651166319847107]",5.699509859437731e-05,True
64,886,77.46890258789062,-7.189548492431641,-1.41954901690268,0.0034641711679887915,"[-1.0, -0.3765093982219696]",-2.4341880330989447e-05,True
64,887,77.46888732910156,-7.18961763381958,-1.4195602021792588,0.0034676051295067776,"[-1.0, -0.37651172280311584]",5.6995118014716874e-05,True
64,888,77.46890258789062,-7.189550876617432,-1.41954901690268,0.003464176677507494,"[-1.0, -0.3765093982219696]",-2.4341857033847745e-05,True
64,889,77.46888732910156,-7.189620018005371,-1.4195602021792588,0.003467586916918731,"[-1.0, -0.37651172280311584]",5.69950375999484e-05,True
64,890,77.46890258789062,-7.189553260803223,-1.41954901690268,0.003464192958964221,"[-1.0, -0.3765093982219696]",-2.4341785294959356e-05,True
64,891,77.46888732910156,-7.189622402191162,-1.4195602021792588,0.0034675846134143064,"[-1.0, -0.37651175260543823]",5.6995028776056224e-05,True
64,892,77.46890258789062,-7.189555644989014,-1.41954901690268,0.0034641865013394857,"[-1.0, -0.3765094578266144]",-2.4341815860621266e-05,True
64,893,77.46888732910156,-7.189624786376953,-1.4195602021792588,0.0034675962616361796,"[-1.0, -0.3765117824077606]",5.699508272782697e-05,True
64,894,77.46890258789062,-7.189558029174805,-1.41954901690268,0.0034641816893520405,"[-1.0, -0.3765094578266144]",-2.4341839038678938e-05,True
64,895,77.46888732910156,-7.189627170562744,-1.4195602021792588,0.00346759037948851,"[-1.0, -0.3765117824077606]",5.699505780004019e-05,True
64,896,77.46890258789062,-7.189560413360596,-1.41954901690268,0.0034641972267607855,"[-1.0, -0.3765094578266144]",-2.4341770633795607e-05,True
64,897,77.46888732910156,-7.189629554748535,-1.4195602021792588,0.0034675875423295457,"[-1.0, -0.3765117824077606]",5.699504657470258e-05,True
64,898,77.46890258789062,-7.189562797546387,-1.41954901690268,0.003464187900952047,"[-1.0, -0.37650948762893677]",-2.4341814106285535e-05,True
64,899,77.46888732910156,-7.189631938934326,-1.4195602021792588,0.0034675887775403396,"[-1.0, -0.376511812210083]",5.699505367147618e-05,True
64,900,77.46890258789062,-7.189565181732178,-1.41954901690268,0.0034641923568010428,"[-1.0, -0.37650951743125916]",-2.4341795564868364e-05,True
64,901,77.46888732910156,-7.189634323120117,-1.4195602021792588,0.0034675844262032863,"[-1.0, -0.376511812210083]",5.699503562878446e-05,True
64,902,77.46890258789062,-7.189567565917969,-1.41954901690268,0.003464190566784063,"[-1.0, -0.37650957703590393]",-2.4341805147611654e-05,True
64,903,77.46888732910156,-7.189636707305908,-1.4195602021792588,0.0034675783703571614,"[-1.0, -0.3765118420124054]",5.699500992290735e-05,True
64,904,77.46890258789062,-7.18956995010376,-1.41954901690268,0.0034641978591989976,"[-1.0, -0.37650957703590393]",-2.4341773841647763e-05,True
64,905,77.46888732910156,-7.189639091491699,-1.4195602021792588,0.0034675669008424528,"[-1.0, -0.3765118420124054]",5.6994959848416186e-05,True
64,906,77.46890258789062,-7.189572334289551,-1.41954901690268,0.0034642101041013054,"[-1.0, -0.3765096068382263]",-2.4341720249490694e-05,True
64,907,77.46888732910156,-7.18964147567749,-1.4195602021792588,0.0034675635057282005,"[-1.0, -0.3765118718147278]",5.6994946094516224e-05,True
64,908,77.46890258789062,-7.189574718475342,-1.41954901690268,0.003464209381641949,"[-1.0, -0.3765096068382263]",-2.4341724996250256e-05,True
64,909,77.46888732910156,-7.189643859863281,-1.4195602021792588,0.0034675654072440385,"[-1.0, -0.3765118718147278]",5.699495619321523e-05,True
64,910,77.46890258789062,-7.189577102661133,-1.41954901690268,0.0034642127251461883,"[-1.0, -0.3765096068382263]",-2.4341711474595347e-05,True
64,911,77.46888732910156,-7.189646244049072,-1.4195602021792588,0.0034675668560963085,"[-1.0, -0.37651190161705017]",5.6994964251375466e-05,True
64,912,77.46890258789062,-7.189579486846924,-1.41954901690268,0.0034642127603859547,"[-1.0, -0.3765096068382263]",-2.4341712825919713e-05,True
64,913,77.46888732910156,-7.189648628234863,-1.4195602021792588,0.0034675564106135055,"[-1.0, -0.37651190161705017]",5.699491878858059e-05,True
64,914,77.46890258789062,-7.189581871032715,-1.41954901690268,0.003464233306766422,"[-1.0, -0.3765096366405487]",-2.4341621891321778e-05,True
64,915,77.46888732910156,-7.189651012420654,-1.4195602021792588,0.003467557446564288,"[-1.0, -0.37651190161705017]",5.6994924988684135e-05,True
64,916,77.46890258789062,-7.189584255218506,-1.41954901690268,0.0034642185070911926,"[-1.0, -0.3765096664428711]",-2.4341689985552766e-05,True
64,917,77.46888732910156,-7.189653396606445,-1.4195602021792588,0.003467549982675941,"[-1.0, -0.37651190161705017]",5.6994892928853454e-05,True
64,918,77.46890258789062,-7.189586639404297,-1.41954901690268,0.0034642295893407937,"[-1.0, -0.3765096664428711]",-2.4341641643096443e-05,True
64,919,77.46888732910156,-7.189655780792236,-1.4195602021792588,0.0034675561589100827,"[-1.0, -0.37651196122169495]",5.699492227799568e-05,True
64,920,77.46890258789062,-7.189589023590088,-1.41954901690268,0.0034642359871431584,"[-1.0, -0.3765096664428711]",-2.43416143593364e-05,True
64,921,77.46888732910156,-7.189658164978027,-1.4195602021792588,0.00346752989613811,"[-1.0, -0.37651199102401733]",5.6994805630294115e-05,True
64,922,77.46890258789062,-7.189591407775879,-1.41954901690268,0.003464244794210481,"[-1.0, -0.3765096962451935]",-2.434157625164762e-05,True
64,923,77.46888732910156,-7.189660549163818,-1.4195602021792588,0.0034675308885785934,"[-1.0, -0.37651199102401733]",5.699481163815403e-05,True
64,924,77.46890258789062,-7.18959379196167,-1.41954901690268,0.003464251413891441,"[-1.0, -0.37650972604751587]",-2.434154795877576e-05,True
64,925,77.46888732910156,-7.189662933349609,-1.4195602021792588,0.0034675078241437254,"[-1.0, -0.3765120208263397]",5.699470937231129e-05,True
64,926,77.46890258789062,-7.189596176147461,-1.41954901690268,0.003464262991675191,"[-1.0, -0.3765096962451935]",-2.4341497382863052e-05,True
64,927,77.46888732910156,-7.1896653175354,-1.4195602021792588,0.0034674929195697268,"[-1.0, -0.3765120208263397]",5.699464384360603e-05,True
64,928,77.46890258789062,-7.189598560333252,-1.41954901690268,0.0034643053399609014,"[-1.0, -0.37650975584983826]",-2.4341308311269814e-05,True
64,929,77.46888732910156,-7.189667701721191,-1.4195602021792588,0.0034674626425066648,"[-1.0, -0.3765120804309845]",5.699450913514728e-05,True
64,930,77.46890258789062,-7.189600944519043,-1.41954901690268,0.003464288732601036,"[-1.0, -0.37650972604751587]",-2.434138457205609e-05,True
64,931,77.46888732910156,-7.189670085906982,-1.4195602021792588,0.0034674987844409955,"[-1.0, -0.3765120804309845]",5.6994673315729496e-05,True
64,932,77.46890258789062,-7.189603328704834,-1.41954901690268,0.003464290281881923,"[-1.0, -0.37650975584983826]",-2.4341379106642698e-05,True
64,933,77.46888732910156,-7.189672470092773,-1.4195602021792588,0.003467492011171652,"[-1.0, -0.3765120804309845]",5.6994644374342476e-05,True
64,934,77.46890258789062,-7.189605712890625,-1.41954901690268,0.0034642985272905404,"[-1.0, -0.37650978565216064]",-2.434134352641809e-05,True
64,935,77.46888732910156,-7.1896748542785645,-1.4195602021792588,0.0034674741213137445,"[-1.0, -0.3765121102333069]",5.6994565408306915e-05,True
64,936,77.46890258789062,-7.189608097076416,-1.41954901690268,0.0034643097301848944,"[-1.0, -0.37650978565216064]",-2.4341294609085953e-05,True
64,937,77.46888732910156,-7.1896772384643555,-1.4195602021792588,0.0034674692173775816,"[-1.0, -0.3765121102333069]",5.699454486826107e-05,True
64,938,77.46890258789062,-7.189610481262207,-1.41954901690268,0.0034643183553691045,"[-1.0, -0.3765098452568054]",-2.4341257305660322e-05,True
64,939,77.46888732910156,-7.1896796226501465,-1.4195602021792588,0.0034674545732620455,"[-1.0, -0.3765121102333069]",5.6994480508066174e-05,True
64,940,77.46890258789062,-7.189612865447998,-1.41954901690268,0.0034643440859649004,"[-1.0, -0.3765098452568054]",-2.4341143042093408e-05,True
64,941,77.46888732910156,-7.1896820068359375,-1.4195602021792588,0.003467441942200989,"[-1.0, -0.3765121102333069]",5.6994425224380016e-05,True
64,942,77.46890258789062,-7.189615249633789,-1.41954901690268,0.003464319073141687,"[-1.0, -0.3765098750591278]",-2.4341257123912036e-05,True
64,943,77.46888732910156,-7.1896843910217285,-1.4195602021792588,0.00346745955748736,"[-1.0, -0.37651219964027405]",5.69945060314937e-05,True
64,944,77.46890258789062,-7.18961763381958,-1.41954901690268,0.003464325634330005,"[-1.0, -0.3765098750591278]",-2.4341229094257067e-05,True
64,945,77.46888732910156,-7.1896867752075195,-1.4195602021792588,0.003467437141695294,"[-1.0, -0.37651219964027405]",5.699440668809629e-05,True
64,946,77.46890258789062,-7.189620018005371,-1.41954901690268,0.0034643502600922023,"[-1.0, -0.3765099048614502]",-2.4341119805994057e-05,True
64,947,77.46888732910156,-7.1896891593933105,-1.4195602021792588,0.0034674303705300286,"[-1.0, -0.37651222944259644]",5.699437777394119e-05,True
64,948,77.46890258789062,-7.189622402191162,-1.41954901690268,0.003464356196093088,"[-1.0, -0.3765099346637726]",-2.4341094603893387e-05,True
64,949,77.46888732910156,-7.189691543579102,-1.4195602021792588,0.0034674175293799197,"[-1.0, -0.37651222944259644]",5.699432151287987e-05,True
64,950,77.46890258789062,-7.189624786376953,-1.41954901690268,0.0034643534774683703,"[-1.0, -0.3765099346637726]",-2.434110834760793e-05,True
64,951,77.46888732910156,-7.189693927764893,-1.4195602021792588,0.003467425053421996,"[-1.0, -0.3765122592449188]",5.699435691294694e-05,True
64,952,77.46890258789062,-7.189627170562744,-1.41954901690268,0.0034643418455676173,"[-1.0, -0.37650996446609497]",-2.434116220106463e-05,True
64,953,77.46888732910156,-7.189696311950684,-1.4195602021792588,0.0034674377293778457,"[-1.0, -0.3765122592449188]",5.6994415493073287e-05,True
64,954,77.46890258789062,-7.189629554748535,-1.41954901690268,0.003464330954367446,"[-1.0, -0.37650996446609497]",-2.434121273557957e-05,True
64,955,77.46888732910156,-7.189698696136475,-1.4195602021792588,0.0034674542088930327,"[-1.0, -0.3765123188495636]",5.6994491192769364e-05,True
64,956,77.46890258789062,-7.189631938934326,-1.41954901690268,0.003464323899886633,"[-1.0, -0.37650996446609497]",-2.4341245976435688e-05,True
64,957,77.46888732910156,-7.189701080322266,-1.4195602021792588,0.0034674567733422442,"[-1.0, -0.3765123188495636]",5.6994504256904993e-05,True
64,958,77.46890258789062,-7.189634323120117,-1.41954901690268,0.0034643219388854614,"[-1.0, -0.37650999426841736]",-2.4341256325055128e-05,True
64,959,77.46888732910156,-7.189703464508057,-1.4195602021792588,0.0034674624813757866,"[-1.0, -0.3765123188495636]",5.6994531495591804e-05,True
64,960,77.46890258789062,-7.189636707305908,-1.41954901690268,0.0034643112582058324,"[-1.0, -0.37650999426841736]",-2.4341305898016772e-05,True
64,961,77.46888732910156,-7.189705848693848,-1.4195602021792588,0.003467466931503494,"[-1.0, -0.376512348651886]",5.699455306304423e-05,True
64,962,77.46890258789062,-7.189639091491699,-1.41954901690268,0.0034643035019034864,"[-1.0, -0.37650999426841736]",-2.4341342311280642e-05,True
64,963,77.46888732910156,-7.189708232879639,-1.4195602021792588,0.0034674785495370374,"[-1.0, -0.376512348651886]",5.699460686830934e-05,True
64,964,77.46890258789062,-7.18964147567749,-1.41954901690268,0.0034643038115982593,"[-1.0, -0.3765100836753845]",-2.434134242755748e-05,True
64,965,77.46888732910156,-7.18971061706543,-1.4195602021792588,0.003467459144611487,"[-1.0, -0.3765123784542084]",5.69945210880221e-05,True
64,966,77.46890258789062,-7.189643859863281,-1.41954901690268,0.003464303738424551,"[-1.0, -0.3765100836753845]",-2.4341344280953335e-05,True
64,967,77.46888732910156,-7.189713001251221,-1.4195602021792588,0.0034674732624177663,"[-1.0, -0.3765123784542084]",5.699458617068624e-05,True
64,968,77.46890258789062,-7.189646244049072,-1.41954901690268,0.0034642945870948893,"[-1.0, -0.3765100836753845]",-2.4341386971840124e-05,True
64,969,77.46888732910156,-7.189715385437012,-1.4195602021792588,0.003467486756793958,"[-1.0, -0.37651240825653076]",5.699464842304598e-05,True
64,970,77.46890258789062,-7.189648628234863,-1.41954901690268,0.003464292497141179,"[-1.0, -0.3765101134777069]",-2.434139789008785e-05,True
64,971,77.46888732910156,-7.189717769622803,-1.4195602021792588,0.0034674778919202664,"[-1.0, -0.37651243805885315]",5.69946100729921e-05,True
64,972,77.46890258789062,-7.189651012420654,-1.41954901690268,0.0034643012151122188,"[-1.0, -0.3765101134777069]",-2.4341360169121483e-05,True
64,973,77.46888732910156,-7.189720153808594,-1.4195602021792588,0.0034674747581632786,"[-1.0, -0.37651243805885315]",5.6994597509410686e-05,True
64,974,77.46890258789062,-7.189653396606445,-1.41954901690268,0.003464299992152886,"[-1.0, -0.3765101134777069]",-2.4341367192999937e-05,True
64,975,77.46888732910156,-7.189722537994385,-1.4195602021792588,0.003467479758966669,"[-1.0, -0.3765124976634979]",5.699462155135096e-05,True
64,976,77.46890258789062,-7.189655780792236,-1.41954901690268,0.0034643108605602654,"[-1.0, -0.3765101730823517]",-2.4341319780859188e-05,True
64,977,77.46888732910156,-7.189724922180176,-1.4195602021792588,0.003467464180301597,"[-1.0, -0.3765124976634979]",5.6994552971472306e-05,True
64,978,77.46890258789062,-7.189658164978027,-1.41954901690268,0.003464304148340051,"[-1.0, -0.3765101730823517]",-2.4341351509964317e-05,True
64,979,77.46888732910156,-7.189727306365967,-1.4195602021792588,0.0034674681102607654,"[-1.0, -0.3765125274658203]",5.6994572212377155e-05,True
64,980,77.46890258789062,-7.189660549163818,-1.41954901690268,0.003464285342918853,"[-1.0, -0.3765101730823517]",-2.4341437647815736e-05,True
64,981,77.46888732910156,-7.189729690551758,-1.4195602021792588,0.003467488946261784,"[-1.0, -0.3765125572681427]",5.6994667516259474e-05,True
64,982,77.46890258789062,-7.189662933349609,-1.41954901690268,0.0034643012699130276,"[-1.0, -0.3765102028846741]",-2.4341367500456122e-05,True
64,983,77.46888732910156,-7.189732074737549,-1.4195602021792588,0.0034674740230080997,"[-1.0, -0.3765125572681427]",5.6994601903495636e-05,True
64,984,77.46890258789062,-7.1896653175354,-1.41954901690268,0.003464305835394826,"[-1.0, -0.3765102028846741]",-2.4341348451480485e-05,True
64,985,77.46888732910156,-7.18973445892334,-1.4195602021792588,0.0034674721632495047,"[-1.0, -0.3765125572681427]",5.699459505869613e-05,True
64,986,77.46890258789062,-7.189667701721191,-1.41954901690268,0.0034643029577831577,"[-1.0, -0.3765102028846741]",-2.4341362924847164e-05,True
64,987,77.46888732910156,-7.189736843109131,-1.4195602021792588,0.0034674759278022064,"[-1.0, -0.3765125870704651]",5.699461355171916e-05,True
64,988,77.46890258789062,-7.189670085906982,-1.41954901690268,0.0034643244574083017,"[-1.0, -0.37651029229164124]",-2.4341267682884613e-05,True
64,989,77.46888732910156,-7.189739227294922,-1.4195602021792588,0.003467450565060965,"[-1.0, -0.3765125870704651]",5.699450094349774e-05,True
64,990,77.46890258789062,-7.189672470092773,-1.41954901690268,0.003464319186158139,"[-1.0, -0.37651029229164124]",-2.4341292916966374e-05,True
64,991,77.46888732910156,-7.189741611480713,-1.4195602021792588,0.003467468775232284,"[-1.0, -0.3765125870704651]",5.699458443114641e-05,True
64,992,77.46890258789062,-7.1896748542785645,-1.41954901690268,0.003464309431242215,"[-1.0, -0.37651029229164124]",-2.434133832043863e-05,True
64,993,77.46888732910156,-7.189743995666504,-1.4195602021792588,0.003467467859618397,"[-1.0, -0.3765126168727875]",5.699458184920894e-05,True
64,994,77.46890258789062,-7.1896772384643555,-1.41954901690268,0.003464308797696963,"[-1.0, -0.376510351896286]",-2.4341342699059146e-05,True
64,995,77.46888732910156,-7.189746379852295,-1.4195602021792588,0.0034674621985237484,"[-1.0, -0.3765126168727875]",5.699455791616076e-05,True
64,996,77.46890258789062,-7.1896796226501465,-1.41954901690268,0.0034643033060025603,"[-1.0, -0.376510351896286]",-2.4341368921587272e-05,True
64,997,77.46888732910156,-7.189748764038086,-1.4195602021792588,0.0034674712297708145,"[-1.0, -0.3765126168727875]",5.69946000986503e-05,True
64,998,77.46890258789062,-7.1896820068359375,-1.41954901690268,0.0034642963935985205,"[-1.0, -0.3765103816986084]",-2.434140154086148e-05,True
64,999,77.46888732910156,-7.189751148223877,-1.4195602021792588,0.003467487370567506,"[-1.0, -0.3765126168727875]",5.699467427056043e-05,True
64,1000,77.46890258789062,-7.1896843910217285,-1.41954901690268,0.003464292909527019,"[-1.0, -0.3765103816986084]",-2.4341418725533833e-05,True
64,1001,77.46888732910156,-7.189753532409668,-1.4195602021792588,0.0034674865881667047,"[-1.0, -0.3765126168727875]",5.699467229163456e-05,True
64,1002,77.46890258789062,-7.1896867752075195,-1.41954901690268,0.003464290123215032,"[-1.0, -0.3765104115009308]",-2.4341432788051944e-05,True
64,1003,77.46888732910156,-7.189755916595459,-1.4195602021792588,0.003467508354335355,"[-1.0, -0.37651264667510986]",5.6994771777718506e-05,True
64,1004,77.46890258789062,-7.1896891593933105,-1.41954901690268,0.0034642957463929826,"[-1.0, -0.3765104115009308]",-2.4341408993654478e-05,True
64,1005,77.46888732910156,-7.18975830078125,-1.4195602021792588,0.0034674583576050615,"[-1.0, -0.37651264667510986]",5.6994548330757214e-05,True
64,1006,77.46890258789062,-7.189691543579102,-1.41954901690268,0.0034643238511738277,"[-1.0, -0.3765104413032532]",-2.434128403204399e-05,True
64,1007,77.46888732910156,-7.189760684967041,-1.4195602021792588,0.003467471745092716,"[-1.0, -0.37651267647743225]",5.6994610116329396e-05,True
64,1008,77.46890258789062,-7.189693927764893,-1.41954901690268,0.003464291054546393,"[-1.0, -0.3765104413032532]",-2.4341433130323474e-05,True
64,1009,77.46888732910156,-7.189763069152832,-1.4195602021792588,0.003467500757135388,"[-1.0, -0.37651270627975464]",5.69947421981883e-05,True
64,1010,77.46890258789062,-7.189696311950684,-1.41954901690268,0.0034642879796435923,"[-1.0, -0.37651047110557556]",-2.4341448477289393e-05,True
64,1011,77.46888732910156,-7.189765453338623,-1.4195602021792588,0.0034674789122474832,"[-1.0, -0.37651270627975464]",5.699464543451775e-05,True
64,1012,77.46890258789062,-7.189698696136475,-1.41954901690268,0.003464291581458163,"[-1.0, -0.37651047110557556]",-2.4341433775474422e-05,True
64,1013,77.46888732910156,-7.189767837524414,-1.4195602021792588,0.003467482895828945,"[-1.0, -0.37651270627975464]",5.699466489895935e-05,True
64,1014,77.46890258789062,-7.189701080322266,-1.41954901690268,0.003464285565797401,"[-1.0, -0.37651047110557556]",-2.434146237006202e-05,True
64,1015,77.46888732910156,-7.189770221710205,-1.4195602021792588,0.003467498601310948,"[-1.0, -0.37651270627975464]",5.69947371155061e-05,True
64,1016,77.46890258789062,-7.189703464508057,-1.41954901690268,0.0034642757576063637,"[-1.0, -0.37651047110557556]",-2.4341508020377715e-05,True
64,1017,77.46888732910156,-7.189772605895996,-1.4195602021792588,0.0034675002894899577,"[-1.0, -0.376512736082077]",5.6994746250636674e-05,True
64,1018,77.46890258789062,-7.189705848693848,-1.41954901690268,0.003464278672815745,"[-1.0, -0.37651047110557556]",-2.43414964082861e-05,True
64,1019,77.46888732910156,-7.189774990081787,-1.4195602021792588,0.0034675025262175057,"[-1.0, -0.3765127658843994]",5.699475785778837e-05,True
64,1020,77.46890258789062,-7.189708232879639,-1.41954901690268,0.0034642703634875744,"[-1.0, -0.3765105605125427]",-2.4341535313718892e-05,True
64,1021,77.46888732910156,-7.189777374267578,-1.4195602021792588,0.003467507819850398,"[-1.0, -0.3765127658843994]",5.699478321746141e-05,True
64,1022,77.46890258789062,-7.18971061706543,-1.41954901690268,0.003464259197092146,"[-1.0, -0.3765105605125427]",-2.4341587083059775e-05,True
64,1023,77.46888732910156,-7.189779758453369,-1.4195602021792588,0.0034675172278075157,"[-1.0, -0.3765127658843994]",5.699482709159346e-05,True
64,1024,77.46890258789062,-7.189713001251221,-1.41954901690268,0.0034642642120347933,"[-1.0, -0.3765105605125427]",-2.434156602927389e-05,True
64,1025,77.46888732910156,-7.18978214263916,-1.4195602021792588,0.003467491356804462,"[-1.0, -0.3765127956867218]",5.699471221751017e-05,True
64,1026,77.46890258789062,-7.189715385437012,-1.41954901690268,0.003464294064876523,"[-1.0, -0.3765105605125427]",-2.434143320138942e-05,True
64,1027,77.46888732910156,-7.189784526824951,-1.4195602021792588,0.0034675033058450145,"[-1.0, -0.3765128552913666]",5.699476752651768e-05,True
64,1028,77.46890258789062,-7.189717769622803,-1.41954901690268,0.003464277944310265,"[-1.0, -0.3765106201171875]",-2.4341507253840893e-05,True
64,1029,77.46888732910156,-7.189786911010742,-1.4195602021792588,0.0034675133619720003,"[-1.0, -0.3765128552913666]",5.699481430320328e-05,True
64,1030,77.46890258789062,-7.189720153808594,-1.41954901690268,0.0034642639701202467,"[-1.0, -0.3765106499195099]",-2.4341571647599292e-05,True
64,1031,77.46888732910156,-7.189789295196533,-1.4195602021792588,0.0034675132602386602,"[-1.0, -0.3765128552913666]",5.6994815387280986e-05,True
64,1032,77.46890258789062,-7.189722537994385,-1.41954901690268,0.0034642632122279015,"[-1.0, -0.3765106499195099]",-2.434157656801816e-05,True
64,1033,77.46888732910156,-7.189791679382324,-1.4195602021792588,0.0034675322609318293,"[-1.0, -0.3765128552913666]",5.6994902428725277e-05,True
64,1034,77.46890258789062,-7.189724922180176,-1.41954901690268,0.0034642376029786525,"[-1.0, -0.3765106797218323]",-2.4341693333753945e-05,True
64,1035,77.46888732910156,-7.189794063568115,-1.4195602021792588,0.0034675275106133214,"[-1.0, -0.37651288509368896]",5.699488259061701e-05,True
64,1036,77.46890258789062,-7.189727306365967,-1.41954901690268,0.0034642630182843553,"[-1.0, -0.3765106797218323]",-2.4341580471228884e-05,True
64,1037,77.46888732910156,-7.189796447753906,-1.4195602021792588,0.0034675075628261927,"[-1.0, -0.37651288509368896]",5.6994794367452666e-05,True
64,1038,77.46890258789062,-7.189729690551758,-1.41954901690268,0.003464270435988294,"[-1.0, -0.37651070952415466]",-2.4341548605017188e-05,True
64,1039,77.46888732910156,-7.189798831939697,-1.4195602021792588,0.0034674886404939117,"[-1.0, -0.37651294469833374]",5.699471075528243e-05,True
64,1040,77.46890258789062,-7.189732074737549,-1.41954901690268,0.0034642845528212608,"[-1.0, -0.37651070952415466]",-2.434148658917215e-05,True
64,1041,77.46888732910156,-7.189801216125488,-1.4195602021792588,0.0034674980427191033,"[-1.0, -0.37651291489601135]",5.699475460717353e-05,True
64,1042,77.46890258789062,-7.18973445892334,-1.41954901690268,0.003464282921397133,"[-1.0, -0.37651070952415466]",-2.4341495454694893e-05,True
64,1043,77.46888732910156,-7.189803600311279,-1.4195602021792588,0.0034674899645954216,"[-1.0, -0.37651294469833374]",5.699471979394198e-05,True
64,1044,77.46890258789062,-7.189736843109131,-1.41954901690268,0.0034642788100694905,"[-1.0, -0.37651073932647705]",-2.4341515465572596e-05,True
64,1045,77.46888732910156,-7.18980598449707,-1.4195602021792588,0.003467515422038192,"[-1.0, -0.37651297450065613]",5.6994835894312186e-05,True
64,1046,77.46890258789062,-7.189739227294922,-1.41954901690268,0.0034642565317541123,"[-1.0, -0.37651073932647705]",-2.4341617227895113e-05,True
64,1047,77.46888732910156,-7.189808368682861,-1.4195602021792588,0.0034675139458506784,"[-1.0, -0.3765130043029785]",5.699483077558254e-05,True
64,1048,77.46890258789062,-7.189741611480713,-1.41954901690268,0.003464265833347314,"[-1.0, -0.37651073932647705]",-2.4341576866418162e-05,True
64,1049,77.46888732910156,-7.189810752868652,-1.4195602021792588,0.0034675070824657516,"[-1.0, -0.3765130341053009]",5.699480143222811e-05,True
64,1050,77.46890258789062,-7.189743995666504,-1.41954901690268,0.0034642688671783456,"[-1.0, -0.37651076912879944]",-2.4341564741845403e-05,True
64,1051,77.46888732910156,-7.189813137054443,-1.4195602021792588,0.003467519450289049,"[-1.0, -0.3765130341053009]",5.699485862931068e-05,True
64,1052,77.46890258789062,-7.189746379852295,-1.41954901690268,0.003464261898179302,"[-1.0, -0.37651076912879944]",-2.43415976086917e-05,True
64,1053,77.46888732910156,-7.189815521240234,-1.4195602021792588,0.0034675116231008525,"[-1.0, -0.3765130341053009]",5.6994824941736114e-05,True
64,1054,77.46890258789062,-7.189748764038086,-1.41954901690268,0.003464264054381303,"[-1.0, -0.3765108287334442]",-2.4341589429896862e-05,True
64,1055,77.46888732910156,-7.189817905426025,-1.4195602021792588,0.003467514511607713,"[-1.0, -0.3765130937099457]",5.6994839481894715e-05,True
64,1056,77.46890258789062,-7.189751148223877,-1.41954901690268,0.003464253285940083,"[-1.0, -0.3765108287334442]",-2.434163940133838e-05,True
64,1057,77.46888732910156,-7.189820289611816,-1.4195602021792588,0.003467511717409743,"[-1.0, -0.37651312351226807]",5.699482844988159e-05,True
64,1058,77.46890258789062,-7.189753532409668,-1.41954901690268,0.0034642722702250355,"[-1.0, -0.376510888338089]",-2.4341555478406693e-05,True
64,1059,77.46888732910156,-7.189822673797607,-1.4195602021792588,0.0034674940717569313,"[-1.0, -0.37651315331459045]",5.6994750582768956e-05,True
64,1060,77.46890258789062,-7.189755916595459,-1.41954901690268,0.0034642941351661935,"[-1.0, -0.376510888338089]",-2.4341458596074797e-05,True
64,1061,77.46888732910156,-7.189825057983398,-1.4195602021792588,0.003467483872816025,"[-1.0, -0.37651315331459045]",5.69947062258599e-05,True
64,1062,77.46890258789062,-7.18975830078125,-1.41954901690268,0.003464286271697709,"[-1.0, -0.376510888338089]",-2.4341495509349856e-05,True
64,1063,77.46888732910156,-7.1898274421691895,-1.4195602021792588,0.0034674905791529697,"[-1.0, -0.37651315331459045]",5.6994737949806605e-05,True
64,1064,77.46890258789062,-7.189760684967041,-1.41954901690268,0.0034642851882731355,"[-1.0, -0.3765109181404114]",-2.434150189466375e-05,True
64,1065,77.46888732910156,-7.1898298263549805,-1.4195602021792588,0.0034674969681082355,"[-1.0, -0.37651315331459045]",5.6994768238430326e-05,True
64,1066,77.46890258789062,-7.189763069152832,-1.41954901690268,0.0034642895422943984,"[-1.0, -0.37651094794273376]",-2.434148381147138e-05,True
64,1067,77.46888732910156,-7.1898322105407715,-1.4195602021792588,0.003467483765719672,"[-1.0, -0.37651315331459045]",5.699471035179596e-05,True
64,1068,77.46890258789062,-7.189765453338623,-1.41954901690268,0.0034642902873452883,"[-1.0, -0.37651094794273376]",-2.434148196864569e-05,True
64,1069,77.46888732910156,-7.1898345947265625,-1.4195602021792588,0.003467488300367252,"[-1.0, -0.37651318311691284]",5.699473231379866e-05,True
64,1070,77.46890258789062,-7.189767837524414,-1.41954901690268,0.0034642877963123797,"[-1.0, -0.37651094794273376]",-2.4341494688197096e-05,True
64,1071,77.46888732910156,-7.1898369789123535,-1.4195602021792588,0.0034674953693417366,"[-1.0, -0.37651321291923523]",5.699476564829801e-05,True
64,1072,77.46890258789062,-7.189770221710205,-1.41954901690268,0.003464288738453634,"[-1.0, -0.37651094794273376]",-2.4341491972675617e-05,True
64,1073,77.46888732910156,-7.1898393630981445,-1.4195602021792588,0.0034674931057064548,"[-1.0, -0.37651321291923523]",5.699475701802783e-05,True
64,1074,77.46890258789062,-7.189772605895996,-1.41954901690268,0.003464277556649423,"[-1.0, -0.37651097774505615]",-2.434154380069788e-05,True
64,1075,77.46888732910156,-7.1898417472839355,-1.4195602021792588,0.0034674948229482176,"[-1.0, -0.3765132427215576]",5.6994766269729936e-05,True
64,1076,77.46890258789062,-7.189774990081787,-1.41954901690268,0.0034642791164710006,"[-1.0, -0.37651097774505615]",-2.4341538291404096e-05,True
64,1077,77.46888732910156,-7.189844131469727,-1.4195602021792588,0.0034675104088866702,"[-1.0, -0.3765132427215576]",5.699483794833071e-05,True
64,1078,77.46890258789062,-7.189777374267578,-1.41954901690268,0.003464266115794164,"[-1.0, -0.37651100754737854]",-2.4341598307905887e-05,True
64,1079,77.46888732910156,-7.189846515655518,-1.4195602021792588,0.003467512876943324,"[-1.0, -0.37651327252388]",5.6994850596463385e-05,True
64,1080,77.46890258789062,-7.189779758453369,-1.41954901690268,0.0034642605043903024,"[-1.0, -0.37651100754737854]",-2.4341625065573865e-05,True
64,1081,77.46888732910156,-7.189848899841309,-1.4195602021792588,0.003467506747977893,"[-1.0, -0.3765133321285248]",5.6994824536680405e-05,True
64,1082,77.46890258789062,-7.18978214263916,-1.41954901690268,0.00346427528859622,"[-1.0, -0.3765110373497009]",-2.4341560046550547e-05,True
64,1083,77.46888732910156,-7.1898512840271,-1.4195602021792588,0.0034675086696511837,"[-1.0, -0.3765133321285248]",5.69948347402988e-05,True
64,1084,77.46890258789062,-7.189784526824951,-1.41954901690268,0.003464266599734531,"[-1.0, -0.3765110373497009]",-2.434160067409503e-05,True
64,1085,77.46888732910156,-7.189853668212891,-1.4195602021792588,0.0034675076892314825,"[-1.0, -0.3765133321285248]",5.699483187028788e-05,True
64,1086,77.46890258789062,-7.189786911010742,-1.41954901690268,0.0034642816581667664,"[-1.0, -0.3765110373497009]",-2.434153441750057e-05,True
64,1087,77.46888732910156,-7.189856052398682,-1.4195602021792588,0.003467504337163178,"[-1.0, -0.3765133321285248]",5.699481831009468e-05,True
64,1088,77.46890258789062,-7.189789295196533,-1.41954901690268,0.003464267526371144,"[-1.0, -0.3765110671520233]",-2.4341599524036897e-05,True
64,1089,77.46888732910156,-7.189858436584473,-1.4195602021792588,0.003467504988579863,"[-1.0, -0.3765133321285248]",5.699482279755835e-05,True
64,1090,77.46890258789062,-7.189791679382324,-1.41954901690268,0.0034642752148064744,"[-1.0, -0.3765110969543457]",-2.4341566450192083e-05,True
64,1091,77.46888732910156,-7.189860820770264,-1.4195602021792588,0.0034675081091612376,"[-1.0, -0.3765133321285248]",5.699483837849956e-05,True
64,1092,77.46890258789062,-7.189794063568115,-1.41954901690268,0.0034642625278879695,"[-1.0, -0.3765111267566681]",-2.434162504767595e-05,True
64,1093,77.46888732910156,-7.189863204956055,-1.4195602021792588,0.0034675102581325726,"[-1.0, -0.37651336193084717]",5.6994849572984733e-05,True
64,1094,77.46890258789062,-7.189796447753906,-1.41954901690268,0.003464272557091518,"[-1.0, -0.3765111267566681]",-2.4341581411952443e-05,True
64,1095,77.46888732910156,-7.189865589141846,-1.4195602021792588,0.003467504943000941,"[-1.0, -0.37651342153549194]",5.699482719321741e-05,True
64,1096,77.46890258789062,-7.189798831939697,-1.41954901690268,0.0034642658331537723,"[-1.0, -0.3765111565589905]",-2.4341613193786467e-05,True
64,1097,77.46888732910156,-7.189867973327637,-1.4195602021792588,0.0034675073311511277,"[-1.0, -0.37651342153549194]",5.6994839481770994e-05,True
64,1098,77.46890258789062,-7.189801216125488,-1.41954901690268,0.0034642681415037574,"[-1.0, -0.37651118636131287]",-2.4341604316114846e-05,True
64,1099,77.46888732910156,-7.189870357513428,-1.4195602021792588,0.0034675064158460316,"[-1.0, -0.37651345133781433]",5.699483690122308e-05,True
64,1100,77.46890258789062,-7.189803600311279,-1.41954901690268,0.003464252850288913,"[-1.0, -0.37651118636131287]",-2.434167463648496e-05,True
64,1101,77.46888732910156,-7.189872741699219,-1.4195602021792588,0.0034675106925742658,"[-1.0, -0.37651345133781433]",5.6994857674167015e-05,True
64,1102,77.46890258789062,-7.18980598449707,-1.41954901690268,0.003464263364285803,"[-1.0, -0.37651118636131287]",-2.434162883340227e-05,True
64,1103,77.46888732910156,-7.18987512588501,-1.4195602021792588,0.003467512968396369,"[-1.0, -0.37651345133781433]",5.6994869467902356e-05,True
64,1104,77.46890258789062,-7.189808368682861,-1.41954901690268,0.0034642647802932626,"[-1.0, -0.37651118636131287]",-2.4341623985482868e-05,True
64,1105,77.46888732910156,-7.189877510070801,-1.4195602021792588,0.0034675069088822463,"[-1.0, -0.3765134811401367]",5.699484372775569e-05,True
64,1106,77.46890258789062,-7.189810752868652,-1.41954901690268,0.0034642607758065096,"[-1.0, -0.37651118636131287]",-2.4341643504918432e-05,True
64,1107,77.46888732910156,-7.189879894256592,-1.4195602021792588,0.003467508875752147,"[-1.0, -0.3765135407447815]",5.699485412054798e-05,True
64,1108,77.46890258789062,-7.189813137054443,-1.41954901690268,0.0034642602883917187,"[-1.0, -0.37651124596595764]",-2.434164722239916e-05,True
64,1109,77.46888732910156,-7.189882278442383,-1.4195602021792588,0.0034675150679138976,"[-1.0, -0.3765135407447815]",5.699488352360088e-05,True
64,1110,77.46890258789062,-7.189815521240234,-1.41954901690268,0.0034642679135702538,"[-1.0, -0.37651124596595764]",-2.4341614418999063e-05,True
64,1111,77.46888732910156,-7.189884662628174,-1.4195602021792588,0.003467501366845773,"[-1.0, -0.3765135705471039]",5.699482340711935e-05,True
64,1112,77.46890258789062,-7.189817905426025,-1.41954901690268,0.0034642750311278054,"[-1.0, -0.37651124596595764]",-2.434158389634068e-05,True
64,1113,77.46888732910156,-7.189887046813965,-1.4195602021792588,0.0034675028674777536,"[-1.0, -0.3765135705471039]",5.6994831701840994e-05,True
64,1114,77.46890258789062,-7.189820289611816,-1.41954901690268,0.003464274696223272,"[-1.0, -0.37651124596595764]",-2.434158691686711e-05,True
64,1115,77.46888732910156,-7.189889430999756,-1.4195602021792588,0.0034674959806137665,"[-1.0, -0.37651360034942627]",5.699480225283079e-05,True
64,1116,77.46890258789062,-7.189822673797607,-1.41954901690268,0.0034642805691593535,"[-1.0, -0.3765113055706024]",-2.4341562016321624e-05,True
64,1117,77.46888732910156,-7.189891815185547,-1.4195602021792588,0.0034674963671192023,"[-1.0, -0.37651360034942627]",5.6994805533982986e-05,True
64,1118,77.46890258789062,-7.189825057983398,-1.41954901690268,0.0034642742571967078,"[-1.0, -0.37651127576828003]",-2.434159192650413e-05,True
64,1119,77.46888732910156,-7.189894199371338,-1.4195602021792588,0.0034674931381907174,"[-1.0, -0.37651363015174866]",5.6994792538577114e-05,True
64,1120,77.46890258789062,-7.1898274421691895,-1.41954901690268,0.0034642754109198365,"[-1.0, -0.3765113055706024]",-2.4341588258864217e-05,True
64,1121,77.46888732910156,-7.189896583557129,-1.4195602021792588,0.0034675089649893382,"[-1.0, -0.37651363015174866]",5.6994865301048645e-05,True
64,1122,77.46890258789062,-7.1898298263549805,-1.41954901690268,0.0034642734269149916,"[-1.0, -0.3765113055706024]",-2.434159868257848e-05,True
64,1123,77.46888732910156,-7.18989896774292,-1.4195602021792588,0.0034675023156127915,"[-1.0, -0.37651363015174866]",5.699483690296835e-05,True
64,1124,77.46890258789062,-7.1898322105407715,-1.41954901690268,0.0034642676078858463,"[-1.0, -0.3765113353729248]",-2.4341626378112945e-05,True
64,1125,77.46888732910156,-7.189901351928711,-1.4195602021792588,0.003467500318323997,"[-1.0, -0.37651365995407104]",5.699482945704651e-05,True
64,1126,77.46890258789062,-7.1898345947265625,-1.41954901690268,0.003464279055428542,"[-1.0, -0.3765113353729248]",-2.434157638828498e-05,True
64,1127,77.46888732910156,-7.189903736114502,-1.4195602021792588,0.0034674932469991155,"[-1.0, -0.37651365995407104]",5.699479918862042e-05,True
64,1128,77.46890258789062,-7.1898369789123535,-1.41954901690268,0.003464281163794349,"[-1.0, -0.3765113353729248]",-2.4341568410542165e-05,True
64,1129,77.46888732910156,-7.189906120300293,-1.4195602021792588,0.003467506930155204,"[-1.0, -0.37651365995407104]",5.699486228693699e-05,True
64,1130,77.46890258789062,-7.1898393630981445,-1.41954901690268,0.0034642714499408672,"[-1.0, -0.3765113949775696]",-2.4341613632786148e-05,True
64,1131,77.46888732910156,-7.189908504486084,-1.4195602021792588,0.003467502657368744,"[-1.0, -0.37651365995407104]",5.699484460482837e-05,True
64,1132,77.46890258789062,-7.1898417472839355,-1.41954901690268,0.0034642534441285296,"[-1.0, -0.3765113949775696]",-2.4341696172397693e-05,True
64,1133,77.46888732910156,-7.189910888671875,-1.4195602021792588,0.0034675077777983378,"[-1.0, -0.37651368975639343]",5.6994869185086566e-05,True
64,1134,77.46890258789062,-7.189844131469727,-1.41954901690268,0.003464265211053182,"[-1.0, -0.3765113949775696]",-2.4341644745350926e-05,True
64,1135,77.46888732910156,-7.189913272857666,-1.4195602021792588,0.0034675147252283454,"[-1.0, -0.3765137195587158]",5.699490199039934e-05,True
64,1136,77.46890258789062,-7.189846515655518,-1.41954901690268,0.0034642618786470646,"[-1.0, -0.37651142477989197]",-2.43416612333182e-05,True
64,1137,77.46888732910156,-7.189915657043457,-1.4195602021792588,0.003467509718819338,"[-1.0, -0.3765137493610382]",5.699488099633111e-05,True
64,1138,77.46890258789062,-7.189848899841309,-1.41954901690268,0.003464279016881335,"[-1.0, -0.37651142477989197]",-2.434158563537815e-05,True
64,1139,77.46888732910156,-7.189918041229248,-1.4195602021792588,0.0034674998140931355,"[-1.0, -0.3765137493610382]",5.699483795273008e-05,True
64,1140,77.46890258789062,-7.1898512840271,-1.41954901690268,0.0034642698886465186,"[-1.0, -0.37651151418685913]",-2.4341628225890854e-05,True
64,1141,77.46888732910156,-7.189920425415039,-1.4195602021792588,0.0034675075053534252,"[-1.0, -0.3765137493610382]",5.699487411948998e-05,True
64,1142,77.46890258789062,-7.189853668212891,-1.41954901690268,0.0034642678997062375,"[-1.0, -0.37651151418685913]",-2.434163868602543e-05,True
64,1143,77.46888732910156,-7.18992280960083,-1.4195602021792588,0.0034675106314959437,"[-1.0, -0.3765137791633606]",5.699488971124548e-05,True
64,1144,77.46890258789062,-7.189856052398682,-1.41954901690268,0.0034642640954596856,"[-1.0, -0.3765115439891815]",-2.4341657311485514e-05,True
64,1145,77.46888732910156,-7.189925193786621,-1.4195602021792588,0.003467511449409221,"[-1.0, -0.37651386857032776]",5.699489493018025e-05,True
64,1146,77.46890258789062,-7.189858436584473,-1.41954901690268,0.003464253942997647,"[-1.0, -0.37651148438453674]",-2.4341704521678856e-05,True
64,1147,77.46888732910156,-7.189927577972412,-1.4195602021792588,0.0034675155865366855,"[-1.0, -0.37651386857032776]",5.699491510334243e-05,True
64,1148,77.46890258789062,-7.189860820770264,-1.41954901690268,0.0034642533529128253,"[-1.0, -0.37651151418685913]",-2.4341708690516583e-05,True
64,1149,77.46888732910156,-7.189929962158203,-1.4195602021792588,0.003467518959980909,"[-1.0, -0.37651386857032776]",5.6994931811508315e-05,True
64,1150,77.46890258789062,-7.189863204956055,-1.41954901690268,0.0034642496864778637,"[-1.0, -0.37651151418685913]",-2.434172669937722e-05,True
64,1151,77.46888732910156,-7.189932346343994,-1.4195602021792588,0.0034675243508660394,"[-1.0, -0.37651386857032776]",5.6994957608816425e-05,True
64,1152,77.46890258789062,-7.189865589141846,-1.41954901690268,0.003464258550146161,"[-1.0, -0.37651151418685913]",-2.43416883227732e-05,True
64,1153,77.46888732910156,-7.189934730529785,-1.4195602021792588,0.003467515223894844,"[-1.0, -0.37651386857032776]",5.699491807932379e-05,True
64,1154,77.46890258789062,-7.189867973327637,-1.41954901690268,0.003464261605820689,"[-1.0, -0.3765115737915039]",-2.434167609635199e-05,True
64,1155,77.46888732910156,-7.189937114715576,-1.4195602021792588,0.0034675160891323273,"[-1.0, -0.37651389837265015]",5.699492351121748e-05,True
64,1156,77.46890258789062,-7.189870357513428,-1.41954901690268,0.0034642516085099623,"[-1.0, -0.3765116035938263]",-2.4341722594153573e-05,True
64,1157,77.46888732910156,-7.189939498901367,-1.4195602021792588,0.0034675076920198927,"[-1.0, -0.37651389837265015]",5.699488726253655e-05,True
64,1158,77.46890258789062,-7.189872741699219,-1.41954901690268,0.0034642709959520003,"[-1.0, -0.3765116333961487]",-2.4341636860567717e-05,True
64,1159,77.46888732910156,-7.189941883087158,-1.4195602021792588,0.0034675062593477,"[-1.0, -0.37651389837265015]",5.6994882357389414e-05,True
64,1160,77.46890258789062,-7.18987512588501,-1.41954901690268,0.003464288834429272,"[-1.0, -0.37651166319847107]",-2.4341558097323306e-05,True
64,1161,77.46888732910156,-7.189944267272949,-1.4195602021792588,0.00346748910359517,"[-1.0, -0.37651392817497253]",5.6994806698380774e-05,True
64,1162,77.46890258789062,-7.189877510070801,-1.41954901690268,0.0034642996750157548,"[-1.0, -0.37651166319847107]",-2.4341510842351015e-05,True
64,1163,77.46888732910156,-7.18994665145874,-1.4195602021792588,0.003467478141167935,"[-1.0, -0.37651392817497253]",5.6994758909335944e-05,True
64,1164,77.46890258789062,-7.189879894256592,-1.41954901690268,0.0034642950821966627,"[-1.0, -0.37651166319847107]",-2.4341533019940244e-05,True
64,1165,77.46888732910156,-7.189949035644531,-1.4195602021792588,0.003467486727903133,"[-1.0, -0.3765139579772949]",5.699479908796937e-05,True
64,1166,77.46890258789062,-7.189882278442383,-1.41954901690268,0.0034642753529330965,"[-1.0, -0.37651166319847107]",-2.4341623311529604e-05,True
64,1167,77.46888732910156,-7.189951419830322,-1.4195602021792588,0.003467502028868422,"[-1.0, -0.3765139579772949]",5.699486946642733e-05,True
64,1168,77.46890258789062,-7.189884662628174,-1.41954901690268,0.0034642726317698157,"[-1.0, -0.37651172280311584]",-2.4341637063114968e-05,True
64,1169,77.46888732910156,-7.189953804016113,-1.4195602021792588,0.0034675070879619497,"[-1.0, -0.3765139579772949]",5.69948937884368e-05,True
64,1170,77.46890258789062,-7.189887046813965,-1.41954901690268,0.0034642644406712776,"[-1.0, -0.37651172280311584]",-2.4341675436514417e-05,True
64,1171,77.46888732910156,-7.189956188201904,-1.4195602021792588,0.00346752184871333,"[-1.0, -0.3765140473842621]",5.6994961735932175e-05,True
64,1172,77.46890258789062,-7.189889430999756,-1.41954901690268,0.0034642544383114045,"[-1.0, -0.37651172280311584]",-2.4341721971248013e-05,True
64,1173,77.46888732910156,-7.189958572387695,-1.4195602021792588,0.003467527973535705,"[-1.0, -0.3765140473842621]",5.6994990853721456e-05,True
64,1174,77.46890258789062,-7.189891815185547,-1.41954901690268,0.0034642472621831694,"[-1.0, -0.37651175260543823]",-2.434175577017567e-05,True
64,1175,77.46888732910156,-7.189960956573486,-1.4195602021792588,0.0034675307569931955,"[-1.0, -0.3765140771865845]",5.699500489984162e-05,True
64,1176,77.46890258789062,-7.189894199371338,-1.41954901690268,0.0034642448793954553,"[-1.0, -0.3765117824077606]",-2.43417680026237e-05,True
64,1177,77.46888732910156,-7.189963340759277,-1.4195602021792588,0.0034675410405058367,"[-1.0, -0.3765140771865845]",5.6995052717526246e-05,True
64,1178,77.46890258789062,-7.189896583557129,-1.41954901690268,0.0034642327643026453,"[-1.0, -0.376511812210083]",-2.434182403399737e-05,True
64,1179,77.46888732910156,-7.189965724945068,-1.4195602021792588,0.0034675330069063224,"[-1.0, -0.37651410698890686]",5.6995018108206163e-05,True
64,1180,77.46890258789062,-7.18989896774292,-1.41954901690268,0.0034642430384387076,"[-1.0, -0.37651175260543823]",-2.434177930673569e-05,True
64,1181,77.46888732910156,-7.189968109130859,-1.4195602021792588,0.0034675295389919366,"[-1.0, -0.37651413679122925]",5.69950040267056e-05,True
64,1182,77.46890258789062,-7.189901351928711,-1.41954901690268,0.0034642513123133694,"[-1.0, -0.37651175260543823]",-2.434174358775574e-05,True
64,1183,77.46888732910156,-7.18997049331665,-1.4195602021792588,0.0034675276223494456,"[-1.0, -0.37651413679122925]",5.699499695790298e-05,True
64,1184,77.46890258789062,-7.189903736114502,-1.41954901690268,0.0034642505732362877,"[-1.0, -0.376511812210083]",-2.4341748437716773e-05,True
64,1185,77.46888732910156,-7.189972877502441,-1.4195602021792588,0.003467533162626121,"[-1.0, -0.37651413679122925]",5.699502343102575e-05,True
64,1186,77.46890258789062,-7.189906120300293,-1.41954901690268,0.0034642446075519714,"[-1.0, -0.376511812210083]",-2.4341776793199513e-05,True
64,1187,77.46888732910156,-7.189975261688232,-1.4195602021792588,0.003467528172122553,"[-1.0, -0.37651413679122925]",5.699500249432115e-05,True
64,1188,77.46890258789062,-7.189908504486084,-1.41954901690268,0.003464234036372242,"[-1.0, -0.3765118420124054]",-2.4341825869858892e-05,True
64,1189,77.46888732910156,-7.189977645874023,-1.4195602021792588,0.003467542222618294,"[-1.0, -0.376514196395874]",5.699506727764058e-05,True
64,1190,77.46890258789062,-7.189910888671875,-1.41954901690268,0.003464228345901722,"[-1.0, -0.3765118718147278]",-2.4341853004643116e-05,True
64,1191,77.46888732910156,-7.1899800300598145,-1.4195602021792588,0.0034675548259259403,"[-1.0, -0.376514196395874]",5.6995125534402716e-05,True
64,1192,77.46890258789062,-7.189913272857666,-1.41954901690268,0.0034642161202873938,"[-1.0, -0.37651193141937256]",-2.434190953336362e-05,True
64,1193,77.46888732910156,-7.1899824142456055,-1.4195602021792588,0.0034675732653004767,"[-1.0, -0.3765142560005188]",5.6995210039255024e-05,True
64,1194,77.46890258789062,-7.189915657043457,-1.41954901690268,0.0034642079850460347,"[-1.0, -0.37651193141937256]",-2.4341947634089478e-05,True
64,1195,77.46888732910156,-7.1899847984313965,-1.4195602021792588,0.0034675741153546743,"[-1.0, -0.3765142560005188]",5.699521539927122e-05,True
64,1196,77.46890258789062,-7.189918041229248,-1.41954901690268,0.003464209823087996,"[-1.0, -0.37651196122169495]",-2.434194088701482e-05,True
64,1197,77.46888732910156,-7.1899871826171875,-1.4195602021792588,0.003467560392905633,"[-1.0, -0.3765142858028412]",5.6995155190128264e-05,True
64,1198,77.46890258789062,-7.189920425415039,-1.41954901690268,0.0034642330976012883,"[-1.0, -0.37651196122169495]",-2.4341837661608324e-05,True
64,1199,77.46888732910156,-7.1899895668029785,-1.4195602021792588,0.0034675400789720367,"[-1.0, -0.3765142858028412]",5.699506531930482e-05,True
64,1200,77.46890258789062,-7.18992280960083,-1.41954901690268,0.003464242012961179,"[-1.0, -0.37651196122169495]",-2.4341799066602982e-05,True
64,1201,77.46888732910156,-7.1899919509887695,-1.4195602021792588,0.003467532826683467,"[-1.0, -0.3765142858028412]",5.6995034218778566e-05,True
64,1202,77.46890258789062,-7.189925193786621,-1.41954901690268,0.0034642580991526366,"[-1.0, -0.37651196122169495]",-2.4341728174433883e-05,True
64,1203,77.46888732910156,-7.1899943351745605,-1.4195602021792588,0.0034675191009407246,"[-1.0, -0.3765143156051636]",5.699497398415582e-05,True
64,1204,77.46890258789062,-7.189927577972412,-1.41954901690268,0.003464269311264436,"[-1.0, -0.37651199102401733]",-2.43416792298341e-05,True
64,1205,77.46888732910156,-7.189996719360352,-1.4195602021792588,0.0034675124478420307,"[-1.0, -0.3765143156051636]",5.699494558353672e-05,True
64,1206,77.46890258789062,-7.189929962158203,-1.41954901690268,0.0034642509869968457,"[-1.0, -0.37651199102401733]",-2.4341763216705133e-05,True
64,1207,77.46888732910156,-7.189999103546143,-1.4195602021792588,0.003467538495422518,"[-1.0, -0.3765143156051636]",5.699506435373751e-05,True
64,1208,77.46890258789062,-7.189932346343994,-1.41954901690268,0.0034642343920459244,"[-1.0, -0.3765120208263397]",-2.4341839400334877e-05,True
64,1209,77.46888732910156,-7.190001487731934,-1.4195602021792588,0.0034675472017592648,"[-1.0, -0.37651434540748596]",5.699510505281432e-05,True
64,1210,77.46890258789062,-7.189934730529785,-1.41954901690268,0.003464224561969674,"[-1.0, -0.3765120208263397]",-2.4341885145581322e-05,True
64,1211,77.46888732910156,-7.190003871917725,-1.4195602021792588,0.003467559471411729,"[-1.0, -0.37651437520980835]",5.699516180812814e-05,True
64,1212,77.46890258789062,-7.189937114715576,-1.41954901690268,0.003464216015391702,"[-1.0, -0.3765120208263397]",-2.434192511508551e-05,True
64,1213,77.46888732910156,-7.190006256103516,-1.4195602021792588,0.0034675608248076186,"[-1.0, -0.37651437520980835]",5.699516944028738e-05,True
64,1214,77.46890258789062,-7.189939498901367,-1.41954901690268,0.0034642242848002248,"[-1.0, -0.3765120208263397]",-2.4341889430414037e-05,True
64,1215,77.46888732910156,-7.190008640289307,-1.4195602021792588,0.003467550301663728,"[-1.0, -0.37651437520980835]",5.699512362801762e-05,True
64,1216,77.46890258789062,-7.189941883087158,-1.41954901690268,0.003464218589483376,"[-1.0, -0.3765120804309845]",-2.434191656924317e-05,True
64,1217,77.46888732910156,-7.190011024475098,-1.4195602021792588,0.003467563532944827,"[-1.0, -0.37651440501213074]",5.699518470710758e-05,True
64,1218,77.46890258789062,-7.189944267272949,-1.41954901690268,0.0034642074662365003,"[-1.0, -0.3765120804309845]",-2.4341968133757427e-05,True
64,1219,77.46888732910156,-7.190013408660889,-1.4195602021792588,0.0034675818675063853,"[-1.0, -0.37651440501213074]",5.6995268750959616e-05,True
64,1220,77.46890258789062,-7.18994665145874,-1.41954901690268,0.0034641936306681748,"[-1.0, -0.3765121400356293]",-2.4342031900165488e-05,True
64,1221,77.46888732910156,-7.19001579284668,-1.4195602021792588,0.0034675845501814058,"[-1.0, -0.3765144348144531]",5.699528236487495e-05,True
64,1222,77.46890258789062,-7.189949035644531,-1.41954901690268,0.003464185067798855,"[-1.0, -0.3765121400356293]",-2.434207196074431e-05,True
64,1223,77.46888732910156,-7.190018177032471,-1.4195602021792588,0.0034675955106497672,"[-1.0, -0.3765144348144531]",5.6995333225307596e-05,True
64,1224,77.46890258789062,-7.189951419830322,-1.41954901690268,0.003464172168774796,"[-1.0, -0.3765121400356293]",-2.4342131512703175e-05,True
64,1225,77.46888732910156,-7.190020561218262,-1.4195602021792588,0.0034676080004200052,"[-1.0, -0.3765144348144531]",5.699539096759869e-05,True
64,1226,77.46890258789062,-7.189953804016113,-1.41954901690268,0.0034641800237192374,"[-1.0, -0.3765121400356293]",-2.4342097675356503e-05,True
64,1227,77.46888732910156,-7.190022945404053,-1.4195602021792588,0.0034675963826262613,"[-1.0, -0.3765144348144531]",5.699534022940458e-05,True
64,1228,77.46890258789062,-7.189956188201904,-1.41954901690268,0.003464188754206162,"[-1.0, -0.37651219964027405]",-2.4342059915832222e-05,True
64,1229,77.46888732910156,-7.190025329589844,-1.4195602021792588,0.0034675866708275306,"[-1.0, -0.3765144646167755]",5.699529806818803e-05,True
64,1230,77.46890258789062,-7.189958572387695,-1.41954901690268,0.003464190767821843,"[-1.0, -0.37651222944259644]",-2.4342052350254118e-05,True
64,1231,77.46888732910156,-7.190027713775635,-1.4195602021792588,0.0034675739492619102,"[-1.0, -0.3765144646167755]",5.6995242345256905e-05,True
64,1232,77.46890258789062,-7.189960956573486,-1.41954901690268,0.003464193989642148,"[-1.0, -0.37651222944259644]",-2.4342039376176915e-05,True
64,1233,77.46888732910156,-7.190030097961426,-1.4195602021792588,0.003467574879985635,"[-1.0, -0.3765144944190979]",5.699524808604954e-05,True
64,1234,77.46890258789062,-7.189963340759277,-1.41954901690268,0.003464199147465417,"[-1.0, -0.3765122592449188]",-2.4342017672322805e-05,True
64,1235,77.46888732910156,-7.190032482147217,-1.4195602021792588,0.0034675719712302087,"[-1.0, -0.3765145242214203]",5.699523652431701e-05,True
64,1236,77.46890258789062,-7.189965724945068,-1.41954901690268,0.0034642012160365785,"[-1.0, -0.3765122592449188]",-2.4342009877208604e-05,True
64,1237,77.46888732910156,-7.190034866333008,-1.4195602021792588,0.003467561966947499,"[-1.0, -0.3765145242214203]",5.6995193043369835e-05,True
64,1238,77.46890258789062,-7.189968109130859,-1.41954901690268,0.003464210954121003,"[-1.0, -0.3765122890472412]",-2.434196756573201e-05,True
64,1239,77.46888732910156,-7.190037250518799,-1.4195602021792588,0.0034675693570552554,"[-1.0, -0.37651458382606506]",5.699522784073248e-05,True
64,1240,77.46890258789062,-7.18997049331665,-1.41954901690268,0.003464206123827255,"[-1.0, -0.3765122890472412]",-2.4341990811957185e-05,True
64,1241,77.46888732910156,-7.19003963470459,-1.4195602021792588,0.0034675769355684734,"[-1.0, -0.37651458382606506]",5.6995263468156125e-05,True
64,1242,77.46890258789062,-7.189972877502441,-1.41954901690268,0.0034642059694552467,"[-1.0, -0.3765122890472412]",-2.434199301653454e-05,True
64,1243,77.46888732910156,-7.190042018890381,-1.4195602021792588,0.0034675683961433693,"[-1.0, -0.37651464343070984]",5.6995226596831745e-05,True
64,1244,77.46890258789062,-7.189975261688232,-1.41954901690268,0.0034642112706701057,"[-1.0, -0.3765122890472412]",-2.434197068518184e-05,True
64,1245,77.46888732910156,-7.190044403076172,-1.4195602021792588,0.0034675668919269204,"[-1.0, -0.37651464343070984]",5.699522136973547e-05,True
64,1246,77.46890258789062,-7.189977645874023,-1.41954901690268,0.003464207037633163,"[-1.0, -0.3765123188495636]",-2.434199124730411e-05,True
64,1247,77.46888732910156,-7.190046787261963,-1.4195602021792588,0.0034675656140783794,"[-1.0, -0.37651464343070984]",5.69952171435312e-05,True
64,1248,77.46890258789062,-7.1899800300598145,-1.41954901690268,0.003464205353639346,"[-1.0, -0.376512348651886]",-2.434200033162689e-05,True
64,1249,77.46888732910156,-7.190049171447754,-1.4195602021792588,0.0034675816922199484,"[-1.0, -0.37651464343070984]",5.699529103349328e-05,True
64,1250,77.46890258789062,-7.1899824142456055,-1.41954901690268,0.0034641933055107113,"[-1.0, -0.376512348651886]",-2.4342056058109054e-05,True
64,1251,77.46888732910156,-7.190051555633545,-1.4195602021792588,0.0034675840942651943,"[-1.0, -0.3765146732330322]",5.699530338457463e-05,True
64,1252,77.46890258789062,-7.1899847984313965,-1.41954901690268,0.0034641924521892683,"[-1.0, -0.376512348651886]",-2.4342061411511576e-05,True
64,1253,77.46888732910156,-7.190053939819336,-1.4195602021792588,0.0034675951406605418,"[-1.0, -0.3765147030353546]",5.699535463167871e-05,True
64,1254,77.46890258789062,-7.1899871826171875,-1.41954901690268,0.003464178439123107,"[-1.0, -0.3765123784542084]",-2.4342125976659902e-05,True
64,1255,77.46888732910156,-7.190056324005127,-1.4195602021792588,0.003467595335490447,"[-1.0, -0.3765147030353546]",5.699535705029102e-05,True
64,1256,77.46890258789062,-7.1899895668029785,-1.41954901690268,0.0034641868966805095,"[-1.0, -0.37651240825653076]",-2.4342089441765756e-05,True
64,1257,77.46888732910156,-7.190058708190918,-1.4195602021792588,0.0034675953867495763,"[-1.0, -0.3765147030353546]",5.699535881928213e-05,True
64,1258,77.46890258789062,-7.1899919509887695,-1.41954901690268,0.0034641719351318086,"[-1.0, -0.37651243805885315]",-2.4342158282190938e-05,True
64,1259,77.46888732910156,-7.190061092376709,-1.4195602021792588,0.003467604078288901,"[-1.0, -0.3765147030353546]",5.699539945887597e-05,True
64,1260,77.46890258789062,-7.1899943351745605,-1.41954901690268,0.0034641675087899028,"[-1.0, -0.37651243805885315]",-2.434217971063283e-05,True
64,1261,77.46888732910156,-7.1900634765625,-1.4195602021792588,0.0034676194686898507,"[-1.0, -0.3765147030353546]",5.6995470268216125e-05,True
64,1262,77.46890258789062,-7.189996719360352,-1.41954901690268,0.0034641480722046405,"[-1.0, -0.37651246786117554]",-2.434226868161711e-05,True
64,1263,77.46888732910156,-7.190065860748291,-1.4195602021792588,0.003467625030278622,"[-1.0, -0.3765147626399994]",5.6995496823032474e-05,True
64,1264,77.46890258789062,-7.189999103546143,-1.41954901690268,0.0034641480101969355,"[-1.0, -0.37651246786117554]",-2.434227047410781e-05,True
64,1265,77.46888732910156,-7.190068244934082,-1.4195602021792588,0.0034676278600849907,"[-1.0, -0.376514732837677]",5.6995511095486156e-05,True
64,1266,77.46890258789062,-7.190001487731934,-1.41954901690268,0.0034641590627364177,"[-1.0, -0.3765124976634979]",-2.434222226179431e-05,True
64,1267,77.46888732910156,-7.190070629119873,-1.4195602021792588,0.0034676018796168857,"[-1.0, -0.3765147626399994]",5.6995395739468273e-05,True
64,1268,77.46890258789062,-7.190003871917725,-1.41954901690268,0.003464169663897321,"[-1.0, -0.3765125274658203]",-2.4342176066473556e-05,True
64,1269,77.46888732910156,-7.190073013305664,-1.4195602021792588,0.00346763052085151,"[-1.0, -0.3765147626399994]",5.6995526149138254e-05,True
64,1270,77.46890258789062,-7.190006256103516,-1.41954901690268,0.003464158063682885,"[-1.0, -0.3765125274658203]",-2.434222977378912e-05,True
64,1271,77.46888732910156,-7.190075397491455,-1.4195602021792588,0.0034676062331351625,"[-1.0, -0.3765147626399994]",5.699541839273972e-05,True
64,1272,77.46890258789062,-7.190008640289307,-1.41954901690268,0.0034641854733578436,"[-1.0, -0.3765125274658203]",-2.434210794370783e-05,True
64,1273,77.46888732910156,-7.190077781677246,-1.4195602021792588,0.00346756990277618,"[-1.0, -0.3765147924423218]",5.699525644800203e-05,True
64,1274,77.46890258789062,-7.190011024475098,-1.41954901690268,0.0034642127672924704,"[-1.0, -0.3765125572681427]",-2.434198664511618e-05,True
64,1275,77.46888732910156,-7.190080165863037,-1.4195602021792588,0.003467580131179212,"[-1.0, -0.3765147924423218]",5.6995304017693404e-05,True
64,1276,77.46890258789062,-7.190013408660889,-1.41954901690268,0.003464204221629933,"[-1.0, -0.3765125572681427]",-2.434202661050091e-05,True
64,1277,77.46888732910156,-7.190082550048828,-1.4195602021792588,0.0034675839299837404,"[-1.0, -0.37651482224464417]",5.699532265063881e-05,True
64,1278,77.46890258789062,-7.19001579284668,-1.41954901690268,0.003464189924737969,"[-1.0, -0.3765125572681427]",-2.4342092456418062e-05,True
64,1279,77.46888732910156,-7.190084934234619,-1.4195602021792588,0.0034675770555968846,"[-1.0, -0.37651485204696655]",5.699529325422298e-05,True
64,1280,77.46890258789062,-7.190018177032471,-1.41954901690268,0.003464204912407795,"[-1.0, -0.3765125870704651]",-2.434202652180716e-05,True
64,1281,77.46888732910156,-7.19008731842041,-1.4195602021792588,0.0034675793973897137,"[-1.0, -0.37651491165161133]",5.6995305319957595e-05,True
64,1282,77.46890258789062,-7.190020561218262,-1.41954901690268,0.003464207940984551,"[-1.0, -0.3765126168727875]",-2.4342014403115072e-05,True
64,1283,77.46888732910156,-7.190089702606201,-1.4195602021792588,0.0034675788103888812,"[-1.0, -0.3765149414539337]",5.699530423454244e-05,True
64,1284,77.46890258789062,-7.190022945404053,-1.41954901690268,0.003464198953842675,"[-1.0, -0.3765126168727875]",-2.4342056372920392e-05,True
64,1285,77.46888732910156,-7.190092086791992,-1.4195602021792588,0.003467576067754851,"[-1.0, -0.3765149712562561]",5.699529343101433e-05,True
64,1286,77.46890258789062,-7.190025329589844,-1.41954901690268,0.003464199077188595,"[-1.0, -0.3765126168727875]",-2.4342057324214354e-05,True
64,1287,77.46888732910156,-7.190094470977783,-1.4195602021792588,0.003467577639553919,"[-1.0, -0.3765149712562561]",5.6995302028224295e-05,True
64,1288,77.46890258789062,-7.190027713775635,-1.41954901690268,0.0034641888145508387,"[-1.0, -0.37651267647743225]",-2.4342105015987573e-05,True
64,1289,77.46888732910156,-7.190096855163574,-1.4195602021792588,0.0034675706956713626,"[-1.0, -0.3765150010585785]",5.6995272336841384e-05,True
64,1290,77.46890258789062,-7.190030097961426,-1.41954901690268,0.0034642210079414816,"[-1.0, -0.37651270627975464]",-2.4341961669843848e-05,True
64,1291,77.46888732910156,-7.190099239349365,-1.4195602021792588,0.0034675535206605593,"[-1.0, -0.3765150010585785]",5.69951965876178e-05,True
64,1292,77.46890258789062,-7.190032482147217,-1.41954901690268,0.003464215507286526,"[-1.0, -0.37651270627975464]",-2.434198793269446e-05,True
64,1293,77.46888732910156,-7.190101623535156,-1.4195602021792588,0.003467571290599522,"[-1.0, -0.3765150010585785]",5.699527807645729e-05,True
64,1294,77.46890258789062,-7.190034866333008,-1.41954901690268,0.003464210311528331,"[-1.0, -0.376512736082077]",-2.4342012809298796e-05,True
64,1295,77.46888732910156,-7.190104007720947,-1.4195602021792588,0.003467560511628446,"[-1.0, -0.3765150010585785]",5.699523111296519e-05,True
64,1296,77.46890258789062,-7.190037250518799,-1.41954901690268,0.003464213508498483,"[-1.0, -0.376512736082077]",-2.434199994704728e-05,True
64,1297,77.46888732910156,-7.190106391906738,-1.4195602021792588,0.0034675631779540047,"[-1.0, -0.37651509046554565]",5.6995244649755226e-05,True
64,1298,77.46890258789062,-7.19003963470459,-1.41954901690268,0.0034642240797000926,"[-1.0, -0.3765127658843994]",-2.434195388654335e-05,True
64,1299,77.46888732910156,-7.190108776092529,-1.4195602021792588,0.0034675625645325197,"[-1.0, -0.37651509046554565]",5.699524341702543e-05,True
64,1300,77.46890258789062,-7.190042018890381,-1.41954901690268,0.003464215573930846,"[-1.0, -0.3765127658843994]",-2.434199367240827e-05,True
64,1301,77.46888732910156,-7.19011116027832,-1.4195602021792588,0.0034675605011754945,"[-1.0, -0.37651509046554565]",5.699523568445469e-05,True
64,1302,77.46890258789062,-7.190044403076172,-1.41954901690268,0.0034642163077930567,"[-1.0, -0.3765128254890442]",-2.434199187993164e-05,True
64,1303,77.46888732910156,-7.190113544464111,-1.4195602021792588,0.0034675569437396885,"[-1.0, -0.37651509046554565]",5.699522120366044e-05,True
64,1304,77.46890258789062,-7.190046787261963,-1.41954901690268,0.003464228196536581,"[-1.0, -0.3765128254890442]",-2.4341939894041807e-05,True
64,1305,77.46888732910156,-7.190115928649902,-1.4195602021792588,0.0034675459690348054,"[-1.0, -0.37651515007019043]",5.699517335936621e-05,True
64,1306,77.46890258789062,-7.190049171447754,-1.41954901690268,0.0034642319620814045,"[-1.0, -0.3765128254890442]",-2.4341924473204267e-05,True
64,1307,77.46888732910156,-7.190118312835693,-1.4195602021792588,0.003467550377832101,"[-1.0, -0.37651515007019043]",5.699519475148991e-05,True
64,1308,77.46890258789062,-7.190051555633545,-1.41954901690268,0.0034642178508061893,"[-1.0, -0.3765128552913666]",-2.434198948384605e-05,True
64,1309,77.46888732910156,-7.190120697021484,-1.4195602021792588,0.0034675734640738504,"[-1.0, -0.37651515007019043]",5.699530016724467e-05,True
64,1310,77.46890258789062,-7.190053939819336,-1.41954901690268,0.0034642257184842587,"[-1.0, -0.3765128254890442]",-2.4341955589198055e-05,True
64,1311,77.46888732910156,-7.190123081207275,-1.4195602021792588,0.0034675276592091376,"[-1.0, -0.3765151798725128]",5.699509558367848e-05,True
64,1312,77.46890258789062,-7.190056324005127,-1.41954901690268,0.0034642512137397132,"[-1.0, -0.3765128552913666]",-2.434184237045182e-05,True
64,1313,77.46888732910156,-7.190125465393066,-1.4195602021792588,0.003467545338270632,"[-1.0, -0.3765151798725128]",5.699517668133294e-05,True
64,1314,77.46890258789062,-7.190058708190918,-1.41954901690268,0.0034642173739126976,"[-1.0, -0.37651288509368896]",-2.434199617378756e-05,True
64,1315,77.46888732910156,-7.190127849578857,-1.4195602021792588,0.0034675638024125486,"[-1.0, -0.3765151798725128]",5.6995261308296594e-05,True
64,1316,77.46890258789062,-7.190061092376709,-1.41954901690268,0.0034642272490240434,"[-1.0, -0.37651291489601135]",-2.4341953245689817e-05,True
64,1317,77.46888732910156,-7.190130233764648,-1.4195602021792588,0.003467540916191606,"[-1.0, -0.3765152394771576]",5.699515985862737e-05,True
64,1318,77.46890258789062,-7.1900634765625,-1.41954901690268,0.0034642365683997776,"[-1.0, -0.37651291489601135]",-2.4341912814849613e-05,True
64,1319,77.46888732910156,-7.1901326179504395,-1.4195602021792588,0.003467532652689001,"[-1.0, -0.3765152394771576]",5.699512421474339e-05,True
64,1320,77.46890258789062,-7.190065860748291,-1.41954901690268,0.003464234092812588,"[-1.0, -0.37651291489601135]",-2.4341925468447993e-05,True
64,1321,77.46888732910156,-7.1901350021362305,-1.4195602021792588,0.0034675355452855254,"[-1.0, -0.3765152394771576]",5.699513875554192e-05,True
64,1322,77.46890258789062,-7.190068244934082,-1.41954901690268,0.0034642391252448653,"[-1.0, -0.37651291489601135]",-2.4341904332406058e-05,True
64,1323,77.46888732910156,-7.1901373863220215,-1.4195602021792588,0.003467539079044395,"[-1.0, -0.3765152394771576]",5.699515621354542e-05,True
64,1324,77.46890258789062,-7.190070629119873,-1.41954901690268,0.003464230446335687,"[-1.0, -0.37651291489601135]",-2.434194491516424e-05,True
64,1325,77.46888732910156,-7.1901397705078125,-1.4195602021792588,0.0034675579884563355,"[-1.0, -0.37651529908180237]",5.699524284777689e-05,True
64,1326,77.46890258789062,-7.190073013305664,-1.41954901690268,0.0034642120249730656,"[-1.0, -0.37651294469833374]",-2.434202931764664e-05,True
64,1327,77.46888732910156,-7.1901421546936035,-1.4195602021792588,0.0034675678676738104,"[-1.0, -0.37651529908180237]",5.69952888283697e-05,True
64,1328,77.46890258789062,-7.190075397491455,-1.41954901690268,0.003464206681191059,"[-1.0, -0.3765130341053009]",-2.4342054878121695e-05,True
64,1329,77.46888732910156,-7.1901445388793945,-1.4195602021792588,0.003467578196298952,"[-1.0, -0.37651532888412476]",5.699533684550786e-05,True
64,1330,77.46890258789062,-7.190077781677246,-1.41954901690268,0.0034641959721165914,"[-1.0, -0.3765130341053009]",-2.43421045753074e-05,True
64,1331,77.46888732910156,-7.1901469230651855,-1.4195602021792588,0.0034675768174520023,"[-1.0, -0.37651535868644714]",5.699533218257432e-05,True
64,1332,77.46890258789062,-7.190080165863037,-1.41954901690268,0.0034641905461212886,"[-1.0, -0.3765130341053009]",-2.4342130502189575e-05,True
64,1333,77.46888732910156,-7.190149307250977,-1.4195602021792588,0.003467582728455993,"[-1.0, -0.37651535868644714]",5.6995360320417294e-05,True
64,1334,77.46890258789062,-7.190082550048828,-1.41954901690268,0.003464191682899152,"[-1.0, -0.3765130639076233]",-2.4342126896592506e-05,True
64,1335,77.46888732910156,-7.190151691436768,-1.4195602021792588,0.003467583235197953,"[-1.0, -0.37651535868644714]",5.699536412487029e-05,True
64,1336,77.46890258789062,-7.190084934234619,-1.41954901690268,0.0034641958776438523,"[-1.0, -0.3765130639076233]",-2.4342109530144664e-05,True
64,1337,77.46888732910156,-7.190154075622559,-1.4195602021792588,0.0034675834620468745,"[-1.0, -0.37651538848876953]",5.699536670177903e-05,True
64,1338,77.46890258789062,-7.19008731842041,-1.41954901690268,0.0034641968324954342,"[-1.0, -0.3765130937099457]",-2.4342106757426716e-05,True
64,1339,77.46888732910156,-7.19015645980835,-1.4195602021792588,0.0034675821137856075,"[-1.0, -0.37651538848876953]",5.699536215871749e-05,True
64,1340,77.46890258789062,-7.190089702606201,-1.41954901690268,0.0034641990150585493,"[-1.0, -0.3765130937099457]",-2.434209844579601e-05,True
64,1341,77.46888732910156,-7.190158843994141,-1.4195602021792588,0.0034675740273986465,"[-1.0, -0.37651538848876953]",5.6995327326064764e-05,True
64,1342,77.46890258789062,-7.190092086791992,-1.41954901690268,0.003464191461009717,"[-1.0, -0.3765130937099457]",-2.4342133952471784e-05,True
64,1343,77.46888732910156,-7.190161228179932,-1.4195602021792588,0.0034675734170181278,"[-1.0, -0.3765154480934143]",5.699532610701931e-05,True
64,1344,77.46890258789062,-7.190094470977783,-1.41954901690268,0.0034642062627408265,"[-1.0, -0.3765130937099457]",-2.434206885103239e-05,True
64,1345,77.46888732910156,-7.190163612365723,-1.4195602021792588,0.00346757544915074,"[-1.0, -0.3765154778957367]",5.6995336786388375e-05,True
64,1346,77.46890258789062,-7.190096855163574,-1.41954901690268,0.003464194918174206,"[-1.0, -0.37651312351226807]",-2.4342121425696353e-05,True
64,1347,77.46888732910156,-7.190165996551514,-1.4195602021792588,0.0034675765410895785,"[-1.0, -0.3765154778957367]",5.699534324199088e-05,True
64,1348,77.46890258789062,-7.190099239349365,-1.41954901690268,0.003464191817060099,"[-1.0, -0.37651312351226807]",-2.434213687640229e-05,True
64,1349,77.46888732910156,-7.190168380737305,-1.4195602021792588,0.00346758993728943,"[-1.0, -0.3765155076980591]",5.699540506676795e-05,True
64,1350,77.46890258789062,-7.190101623535156,-1.41954901690268,0.003464180022421345,"[-1.0, -0.37651318311691284]",-2.4342191479943563e-05,True
64,1351,77.46888732910156,-7.190170764923096,-1.4195602021792588,0.00346759523430857,"[-1.0, -0.3765155076980591]",5.6995430441679105e-05,True
64,1352,77.46890258789062,-7.190104007720947,-1.41954901690268,0.0034641797549880447,"[-1.0, -0.37651318311691284]",-2.4342194203954874e-05,True
64,1353,77.46888732910156,-7.190173149108887,-1.4195602021792588,0.0034676016838822254,"[-1.0, -0.3765155076980591]",5.699546100308558e-05,True
64,1354,77.46890258789062,-7.190106391906738,-1.41954901690268,0.0034641710965815807,"[-1.0, -0.37651318311691284]",-2.4342234662476416e-05,True
64,1355,77.46888732910156,-7.190175533294678,-1.4195602021792588,0.003467605094581729,"[-1.0, -0.37651553750038147]",5.6995477893111076e-05,True
64,1356,77.46890258789062,-7.190108776092529,-1.41954901690268,0.0034641685649266767,"[-1.0, -0.37651321291923523]",-2.434224758259037e-05,True
64,1357,77.46888732910156,-7.190177917480469,-1.4195602021792588,0.003467613840104291,"[-1.0, -0.37651556730270386]",5.6995518789840343e-05,True
64,1358,77.46890258789062,-7.19011116027832,-1.41954901690268,0.003464169646417379,"[-1.0, -0.37651321291923523]",-2.4342244225785525e-05,True
64,1359,77.46888732910156,-7.19018030166626,-1.4195602021792588,0.003467602306502663,"[-1.0, -0.37651559710502625]",5.6995468430510756e-05,True
64,1360,77.46890258789062,-7.190113544464111,-1.41954901690268,0.003464168663152545,"[-1.0, -0.3765132427215576]",-2.434225016038059e-05,True
64,1361,77.46888732910156,-7.190182685852051,-1.4195602021792588,0.0034675934917686095,"[-1.0, -0.37651559710502625]",5.699543028832168e-05,True
64,1362,77.46890258789062,-7.190115928649902,-1.41954901690268,0.0034641797552909695,"[-1.0, -0.37651327252388]",-2.4342201755660994e-05,True
64,1363,77.46888732910156,-7.190185070037842,-1.4195602021792588,0.0034675988762381464,"[-1.0, -0.37651562690734863]",5.699545605675962e-05,True
64,1364,77.46890258789062,-7.190118312835693,-1.41954901690268,0.003464183120657663,"[-1.0, -0.3765133023262024]",-2.4342188121414183e-05,True
64,1365,77.46888732910156,-7.190187454223633,-1.4195602021792588,0.003467599569044952,"[-1.0, -0.37651562690734863]",5.699546071271527e-05,True
64,1366,77.46890258789062,-7.190120697021484,-1.41954901690268,0.0034641792606348197,"[-1.0, -0.3765133023262024]",-2.4342207001420293e-05,True
64,1367,77.46888732910156,-7.190189838409424,-1.4195602021792588,0.0034675947318252346,"[-1.0, -0.376515656709671]",5.699544049065699e-05,True
64,1368,77.46890258789062,-7.190123081207275,-1.41954901690268,0.00346418158347742,"[-1.0, -0.3765133321285248]",-2.4342198076295473e-05,True
64,1369,77.46888732910156,-7.190192222595215,-1.4195602021792588,0.0034676040813198437,"[-1.0, -0.376515656709671]",5.6995484101707755e-05,True
64,1370,77.46890258789062,-7.190125465393066,-1.41954901690268,0.0034641708149982437,"[-1.0, -0.3765133321285248]",-2.4342248040802367e-05,True
64,1371,77.46888732910156,-7.190194606781006,-1.4195602021792588,0.0034676015240657364,"[-1.0, -0.3765156865119934]",5.6995474132389294e-05,True
64,1372,77.46890258789062,-7.190127849578857,-1.41954901690268,0.003464169984563151,"[-1.0, -0.37651336193084717]",-2.4342253287663597e-05,True
64,1373,77.46888732910156,-7.190196990966797,-1.4195602021792588,0.0034675944622606994,"[-1.0, -0.3765157163143158]",5.699544389614436e-05,True
64,1374,77.46890258789062,-7.190130233764648,-1.41954901690268,0.0034641823408954548,"[-1.0, -0.37651336193084717]",-2.4342199211835113e-05,True
64,1375,77.46888732910156,-7.190199375152588,-1.4195602021792588,0.0034675925618444397,"[-1.0, -0.37651577591896057]",5.699543688259622e-05,True
64,1376,77.46890258789062,-7.1901326179504395,-1.41954901690268,0.0034641761646342826,"[-1.0, -0.37651339173316956]",-2.434222851136099e-05,True
64,1377,77.46888732910156,-7.190201759338379,-1.4195602021792588,0.003467604407180046,"[-1.0, -0.37651577591896057]",5.699549172848419e-05,True
64,1378,77.46890258789062,-7.1901350021362305,-1.41954901690268,0.0034641691352636094,"[-1.0, -0.37651339173316956]",-2.434226165698504e-05,True
64,1379,77.46888732910156,-7.19020414352417,-1.4195602021792588,0.0034676151022079555,"[-1.0, -0.37651577591896057]",5.699554139798751e-05,True
64,1380,77.46890258789062,-7.1901373863220215,-1.41954901690268,0.0034641710691602676,"[-1.0, -0.37651339173316956]",-2.4342254464353396e-05,True
64,1381,77.46888732910156,-7.190206527709961,-1.4195602021792588,0.0034676014552542755,"[-1.0, -0.37651577591896057]",5.6995481510810125e-05,True
64,1382,77.46890258789062,-7.1901397705078125,-1.41954901690268,0.0034641715193821504,"[-1.0, -0.37651339173316956]",-2.4342253948258237e-05,True
64,1383,77.46888732910156,-7.190208911895752,-1.4195602021792588,0.003467601376701617,"[-1.0, -0.37651577591896057]",5.6995482709859035e-05,True
64,1384,77.46890258789062,-7.1901421546936035,-1.41954901690268,0.0034641790278276434,"[-1.0, -0.37651342153549194]",-2.4342221684367686e-05,True
64,1385,77.46888732910156,-7.190211296081543,-1.4195602021792588,0.00346760117238561,"[-1.0, -0.37651580572128296]",5.699548333231474e-05,True
64,1386,77.46890258789062,-7.1901445388793945,-1.41954901690268,0.003464179548246152,"[-1.0, -0.37651342153549194]",-2.434222085238771e-05,True
64,1387,77.46888732910156,-7.190213680267334,-1.4195602021792588,0.003467604448674348,"[-1.0, -0.37651580572128296]",5.699549959972823e-05,True
64,1388,77.46890258789062,-7.1901469230651855,-1.41954901690268,0.003464180111904608,"[-1.0, -0.3765134811401367]",-2.434221982227526e-05,True
64,1389,77.46888732910156,-7.190216064453125,-1.4195602021792588,0.003467598662740379,"[-1.0, -0.37651583552360535]",5.69954751013504e-05,True
64,1390,77.46890258789062,-7.190149307250977,-1.41954901690268,0.003464183937280857,"[-1.0, -0.3765134811401367]",-2.434220411798545e-05,True
64,1391,77.46888732910156,-7.190218448638916,-1.4195602021792588,0.0034675892825713414,"[-1.0, -0.37651586532592773]",5.699543442891475e-05,True
64,1392,77.46890258789062,-7.190151691436768,-1.41954901690268,0.003464177749184865,"[-1.0, -0.3765134811401367]",-2.434223347432073e-05,True
64,1393,77.46888732910156,-7.190220832824707,-1.4195602021792588,0.003467607261611943,"[-1.0, -0.3765158951282501]",5.699551687647519e-05,True
64,1394,77.46890258789062,-7.190154075622559,-1.41954901690268,0.0034641705200039547,"[-1.0, -0.3765135705471039]",-2.4342267519090852e-05,True
64,1395,77.46888732910156,-7.190223217010498,-1.4195602021792588,0.0034675990527735213,"[-1.0, -0.3765158951282501]",5.699548146436918e-05,True
64,1396,77.46890258789062,-7.19015645980835,-1.41954901690268,0.0034641698099729394,"[-1.0, -0.37651360034942627]",-2.4342272224133733e-05,True
64,1397,77.46888732910156,-7.190225601196289,-1.4195602021792588,0.0034676025325935307,"[-1.0, -0.3765158951282501]",5.699549866543695e-05,True
64,1398,77.46890258789062,-7.190158843994141,-1.41954901690268,0.003464178470723664,"[-1.0, -0.37651360034942627]",-2.4342234760658784e-05,True
64,1399,77.46888732910156,-7.19022798538208,-1.4195602021792588,0.003467597186718063,"[-1.0, -0.3765159249305725]",5.699547614732237e-05,True
64,1400,77.46890258789062,-7.190161228179932,-1.41954901690268,0.0034641712395884726,"[-1.0, -0.37651360034942627]",-2.4342268824881316e-05,True
64,1401,77.46888732910156,-7.190230369567871,-1.4195602021792588,0.003467612208172652,"[-1.0, -0.3765159547328949]",5.69955452964039e-05,True
64,1402,77.46890258789062,-7.190163612365723,-1.41954901690268,0.0034641647762247833,"[-1.0, -0.37651360034942627]",-2.434229943413209e-05,True
64,1403,77.46888732910156,-7.190232753753662,-1.4195602021792588,0.003467617873641142,"[-1.0, -0.3765159547328949]",5.699557233288984e-05,True
64,1404,77.46890258789062,-7.190165996551514,-1.41954901690268,0.0034641610108980684,"[-1.0, -0.37651363015174866]",-2.4342317888005617e-05,True
64,1405,77.46888732910156,-7.190235137939453,-1.4195602021792588,0.003467616255985874,"[-1.0, -0.3765159547328949]",5.699556659176616e-05,True
64,1406,77.46890258789062,-7.190168380737305,-1.41954901690268,0.0034641529285617447,"[-1.0, -0.37651363015174866]",-2.4342355768422387e-05,True
64,1407,77.46888732910156,-7.190237522125244,-1.4195602021792588,0.0034676271269382694,"[-1.0, -0.3765159845352173]",5.699561703871882e-05,True
64,1408,77.46890258789062,-7.190170764923096,-1.41954901690268,0.0034641515789047075,"[-1.0, -0.37651365995407104]",-2.4342363337571515e-05,True
64,1409,77.46888732910156,-7.190239906311035,-1.4195602021792588,0.0034676187375339523,"[-1.0, -0.3765159845352173]",5.6995580824724416e-05,True
64,1410,77.46890258789062,-7.190173149108887,-1.41954901690268,0.0034641557942177146,"[-1.0, -0.37651365995407104]",-2.434234589277715e-05,True
64,1411,77.46888732910156,-7.190242290496826,-1.4195602021792588,0.0034676128319957806,"[-1.0, -0.37651604413986206]",5.6995555788127664e-05,True
64,1412,77.46890258789062,-7.190175533294678,-1.41954901690268,0.0034641573605448204,"[-1.0, -0.37651368975639343]",-2.4342340368419344e-05,True
64,1413,77.46888732910156,-7.190244674682617,-1.4195602021792588,0.003467613630095617,"[-1.0, -0.37651604413986206]",5.699556092145466e-05,True
64,1414,77.46890258789062,-7.190177917480469,-1.41954901690268,0.0034641695166694416,"[-1.0, -0.3765137195587158]",-2.4342287161551003e-05,True
64,1415,77.46888732910156,-7.190247058868408,-1.4195602021792588,0.0034676121471857104,"[-1.0, -0.37651604413986206]",5.699555579023783e-05,True
64,1416,77.46890258789062,-7.19018030166626,-1.41954901690268,0.003464155090478531,"[-1.0, -0.37651368975639343]",-2.4342353607076984e-05,True
64,1417,77.46888732910156,-7.190249443054199,-1.4195602021792588,0.0034676169152524313,"[-1.0, -0.37651607394218445]",5.699557878486309e-05,True
64,1418,77.46890258789062,-7.190182685852051,-1.41954901690268,0.003464157752728474,"[-1.0, -0.3765137493610382]",-2.434234313330284e-05,True
64,1419,77.46888732910156,-7.19025182723999,-1.4195602021792588,0.0034676265888277918,"[-1.0, -0.37651610374450684]",5.6995623840066376e-05,True
64,1420,77.46890258789062,-7.190185070037842,-1.41954901690268,0.003464147084625614,"[-1.0, -0.3765137493610382]",-2.4342392649669026e-05,True
64,1421,77.46888732910156,-7.190254211425781,-1.4195602021792588,0.003467628438847318,"[-1.0, -0.37651607394218445]",5.699563372124284e-05,True
64,1422,77.46890258789062,-7.190187454223633,-1.41954901690268,0.003464143708185065,"[-1.0, -0.3765137493610382]",-2.4342409353554805e-05,True
64,1423,77.46888732910156,-7.190256595611572,-1.4195602021792588,0.0034676264457716766,"[-1.0, -0.3765161335468292]",5.699562627651662e-05,True
64,1424,77.46890258789062,-7.190189838409424,-1.41954901690268,0.0034641471292498746,"[-1.0, -0.3765137493610382]",-2.434239546866648e-05,True
64,1425,77.46888732910156,-7.190258979797363,-1.4195602021792588,0.003467630904383555,"[-1.0, -0.3765161335468292]",5.699564788214781e-05,True
64,1426,77.46890258789062,-7.190192222595215,-1.41954901690268,0.0034641488049010952,"[-1.0, -0.3765137791633606]",-2.4342389455902866e-05,True
64,1427,77.46888732910156,-7.190261363983154,-1.4195602021792588,0.0034676192830698856,"[-1.0, -0.3765161633491516]",5.699559714232489e-05,True
64,1428,77.46890258789062,-7.190194606781006,-1.41954901690268,0.003464164410830332,"[-1.0, -0.37651383876800537]",-2.4342320739124613e-05,True
64,1429,77.46888732910156,-7.190263748168945,-1.4195602021792588,0.0034676104652143413,"[-1.0, -0.376516193151474]",5.699555898608911e-05,True
64,1430,77.46890258789062,-7.190196990966797,-1.41954901690268,0.0034641678582220834,"[-1.0, -0.37651386857032776]",-2.4342306735765048e-05,True
64,1431,77.46888732910156,-7.190266132354736,-1.4195602021792588,0.003467620020315925,"[-1.0, -0.376516193151474]",5.699560352592397e-05,True
64,1432,77.46890258789062,-7.190199375152588,-1.41954901690268,0.003464173307570819,"[-1.0, -0.37651386857032776]",-2.4342283723599053e-05,True
64,1433,77.46888732910156,-7.190268516540527,-1.4195602021792588,0.0034676187089328434,"[-1.0, -0.376516193151474]",5.6995599148814274e-05,True
64,1434,77.46890258789062,-7.190201759338379,-1.41954901690268,0.0034641691721681634,"[-1.0, -0.37651386857032776]",-2.4342303842814317e-05,True
64,1435,77.46888732910156,-7.190270900726318,-1.4195602021792588,0.0034676012858249044,"[-1.0, -0.3765162229537964]",5.6995522300917135e-05,True
64,1436,77.46890258789062,-7.19020414352417,-1.41954901690268,0.003464177419018165,"[-1.0, -0.37651386857032776]",-2.434226825965619e-05,True
64,1437,77.46888732910156,-7.190273284912109,-1.4195602021792588,0.003467601507157026,"[-1.0, -0.3765162229537964]",5.699552483878942e-05,True
64,1438,77.46890258789062,-7.190206527709961,-1.41954901690268,0.0034641719377858323,"[-1.0, -0.37651389837265015]",-2.4342294431552288e-05,True
64,1439,77.46888732910156,-7.1902756690979,-1.4195602021792588,0.003467607239148567,"[-1.0, -0.3765162527561188]",5.6995552167523665e-05,True
64,1440,77.46890258789062,-7.190208911895752,-1.41954901690268,0.003464187604580346,"[-1.0, -0.37651392817497253]",-2.4342225440880287e-05,True
64,1441,77.46888732910156,-7.190278053283691,-1.4195602021792588,0.0034675922314486053,"[-1.0, -0.3765162527561188]",5.699548616054072e-05,True
64,1442,77.46890258789062,-7.190211296081543,-1.41954901690268,0.003464193234644854,"[-1.0, -0.37651392817497253]",-2.4342201615493318e-05,True
64,1443,77.46888732910156,-7.190280437469482,-1.4195602021792588,0.0034675768463539656,"[-1.0, -0.37651628255844116]",5.6995418465939864e-05,True
64,1444,77.46890258789062,-7.190213680267334,-1.41954901690268,0.003464203690538079,"[-1.0, -0.3765139579772949]",-2.4342156073877118e-05,True
64,1445,77.46888732910156,-7.190282821655273,-1.4195602021792588,0.0034675640569899195,"[-1.0, -0.37651628255844116]",5.6995362455679395e-05,True
64,1446,77.46890258789062,-7.190216064453125,-1.41954901690268,0.003464228104930547,"[-1.0, -0.3765139579772949]",-2.4342047719014323e-05,True
64,1447,77.46888732910156,-7.1902852058410645,-1.4195602021792588,0.0034675433554325003,"[-1.0, -0.37651628255844116]",5.699527083699603e-05,True
64,1448,77.46890258789062,-7.190218448638916,-1.41954901690268,0.0034642083607216664,"[-1.0, -0.3765139877796173]",-2.4342138092068455e-05,True
64,1449,77.46888732910156,-7.1902875900268555,-1.4195602021792588,0.003467566207915371,"[-1.0, -0.37651631236076355]",5.6995375211493974e-05,True
64,1450,77.46890258789062,-7.190220832824707,-1.41954901690268,0.0034642070109156234,"[-1.0, -0.3765139877796173]",-2.4342145676098963e-05,True
64,1451,77.46888732910156,-7.1902899742126465,-1.4195602021792588,0.0034675655228281377,"[-1.0, -0.37651634216308594]",5.699537367403187e-05,True
64,1452,77.46890258789062,-7.190223217010498,-1.41954901690268,0.003464214663871341,"[-1.0, -0.3765139877796173]",-2.4342112751254265e-05,True
64,1453,77.46888732910156,-7.1902923583984375,-1.4195602021792588,0.003467565062380601,"[-1.0, -0.37651634216308594]",5.6995373140342984e-05,True
64,1454,77.46890258789062,-7.190225601196289,-1.41954901690268,0.0034642072871294686,"[-1.0, -0.3765140473842621]",-2.4342147470706855e-05,True
64,1455,77.46888732910156,-7.1902947425842285,-1.4195602021792588,0.003467566966539842,"[-1.0, -0.3765163719654083]",5.69953832509373e-05,True
64,1456,77.46890258789062,-7.19022798538208,-1.41954901690268,0.0034641927653706155,"[-1.0, -0.3765140175819397]",-2.434221432852501e-05,True
64,1457,77.46888732910156,-7.1902971267700195,-1.4195602021792588,0.003467579500003741,"[-1.0, -0.3765163719654083]",5.6995441189849864e-05,True
64,1458,77.46890258789062,-7.190230369567871,-1.41954901690268,0.0034641988373591967,"[-1.0, -0.37651410698890686]",-2.4342188514479707e-05,True
64,1459,77.46888732910156,-7.1902995109558105,-1.4195602021792588,0.0034675826084924395,"[-1.0, -0.3765164017677307]",5.699545671992675e-05,True
64,1460,77.46890258789062,-7.190232753753662,-1.41954901690268,0.0034641887212058745,"[-1.0, -0.37651410698890686]",-2.434223554707297e-05,True
64,1461,77.46888732910156,-7.190301895141602,-1.4195602021792588,0.0034675900039148094,"[-1.0, -0.3765164017677307]",5.699549152344158e-05,True
64,1462,77.46890258789062,-7.190235137939453,-1.41954901690268,0.0034641725600782556,"[-1.0, -0.37651413679122925]",-2.4342309782050565e-05,True
64,1463,77.46888732910156,-7.190304279327393,-1.4195602021792588,0.003467590734602888,"[-1.0, -0.3765164017677307]",5.699549634986296e-05,True
64,1464,77.46890258789062,-7.190237522125244,-1.41954901690268,0.0034641872727971886,"[-1.0, -0.37651413679122925]",-2.434224508116597e-05,True
64,1465,77.46888732910156,-7.190306663513184,-1.4195602021792588,0.00346761597147397,"[-1.0, -0.3765164315700531]",5.699561145410785e-05,True
64,1466,77.46890258789062,-7.190239906311035,-1.41954901690268,0.0034641768766693073,"[-1.0, -0.37651416659355164]",-2.434229337364475e-05,True
64,1467,77.46888732910156,-7.190309047698975,-1.4195602021792588,0.0034675809859335046,"[-1.0, -0.3765164613723755]",5.699545556105349e-05,True
64,1468,77.46890258789062,-7.190242290496826,-1.41954901690268,0.003464204140508741,"[-1.0, -0.37651416659355164]",-2.434217221403418e-05,True
64,1469,77.46888732910156,-7.190311431884766,-1.4195602021792588,0.0034675847548794737,"[-1.0, -0.3765164613723755]",5.699547406318809e-05,True
64,1470,77.46890258789062,-7.190244674682617,-1.41954901690268,0.003464177751547369,"[-1.0, -0.37651416659355164]",-2.4342292474263665e-05,True
64,1471,77.46888732910156,-7.190313816070557,-1.4195602021792588,0.0034676045282784796,"[-1.0, -0.3765164911746979]",5.699556458180864e-05,True
64,1472,77.46890258789062,-7.190247058868408,-1.41954901690268,0.0034641810094489596,"[-1.0, -0.37651416659355164]",-2.4342279323609823e-05,True
64,1473,77.46888732910156,-7.190316200256348,-1.4195602021792588,0.003467589195542875,"[-1.0, -0.3765164911746979]",5.699549712282344e-05,True
64,1474,77.46890258789062,-7.190249443054199,-1.41954901690268,0.0034641897807166522,"[-1.0, -0.37651416659355164]",-2.434224137346666e-05,True
64,1475,77.46888732910156,-7.190318584442139,-1.4195602021792588,0.003467578919969061,"[-1.0, -0.3765164911746979]",5.69954524210663e-05,True
64,1476,77.46890258789062,-7.19025182723999,-1.41954901690268,0.0034642007559260732,"[-1.0, -0.376514196395874]",-2.4342193498480292e-05,True
64,1477,77.46888732910156,-7.19032096862793,-1.4195602021792588,0.0034675855641776426,"[-1.0, -0.3765164911746979]",5.699548386543537e-05,True
64,1478,77.46890258789062,-7.190254211425781,-1.41954901690268,0.0034642007890172163,"[-1.0, -0.3765142261981964]",-2.434219485947346e-05,True
64,1479,77.46888732910156,-7.190323352813721,-1.4195602021792588,0.003467574969319726,"[-1.0, -0.3765164911746979]",5.699543772689976e-05,True
64,1480,77.46890258789062,-7.190256595611572,-1.41954901690268,0.0034642057956114406,"[-1.0, -0.3765142261981964]",-2.4342173839702766e-05,True
64,1481,77.46888732910156,-7.190325736999512,-1.4195602021792588,0.0034675657136362453,"[-1.0, -0.37651655077934265]",5.699539760043827e-05,True
64,1482,77.46890258789062,-7.190258979797363,-1.41954901690268,0.003464198410948771,"[-1.0, -0.3765142261981964]",-2.4342208580588092e-05,True
64,1483,77.46888732910156,-7.190328121185303,-1.4195602021792588,0.0034675721081870448,"[-1.0, -0.37651655077934265]",5.69954279177946e-05,True
64,1484,77.46890258789062,-7.190261363983154,-1.41954901690268,0.0034641969842596747,"[-1.0, -0.3765142560005188]",-2.434221651059234e-05,True
64,1485,77.46888732910156,-7.190330505371094,-1.4195602021792588,0.00346757217008708,"[-1.0, -0.37651658058166504]",5.699542973466979e-05,True
64,1486,77.46890258789062,-7.190263748168945,-1.41954901690268,0.0034642009395853017,"[-1.0, -0.3765142858028412]",-2.4342200221530333e-05,True
64,1487,77.46888732910156,-7.190332889556885,-1.4195602021792588,0.0034675754467657052,"[-1.0, -0.3765166103839874]",5.699544602160134e-05,True
64,1488,77.46890258789062,-7.190266132354736,-1.41954901690268,0.0034642053248152187,"[-1.0, -0.3765143156051636]",-2.4342182012109874e-05,True
64,1489,77.46888732910156,-7.190335273742676,-1.4195602021792588,0.003467568320922335,"[-1.0, -0.3765166401863098]",5.699541549363119e-05,True
64,1490,77.46890258789062,-7.190268516540527,-1.41954901690268,0.0034642000151437636,"[-1.0, -0.37651437520980835]",-2.4342207415534734e-05,True
64,1491,77.46888732910156,-7.190337657928467,-1.4195602021792588,0.0034675815767519734,"[-1.0, -0.3765166401863098]",5.699547668318959e-05,True
64,1492,77.46890258789062,-7.190270900726318,-1.41954901690268,0.0034642005773639294,"[-1.0, -0.37651437520980835]",-2.4342206395447305e-05,True
64,1493,77.46888732910156,-7.190340042114258,-1.4195602021792588,0.00346757466659306,"[-1.0, -0.3765166401863098]",5.699544712935222e-05,True
64,1494,77.46890258789062,-7.190273284912109,-1.41954901690268,0.003464203121162068,"[-1.0, -0.37651437520980835]",-2.4342196472469846e-05,True
64,1495,77.46888732910156,-7.190342426300049,-1.4195602021792588,0.003467591849684889,"[-1.0, -0.3765166401863098]",5.6995525995143185e-05,True
64,1496,77.46890258789062,-7.1902756690979,-1.41954901690268,0.0034642004071018446,"[-1.0, -0.37651437520980835]",-2.4342210184986025e-05,True
64,1497,77.46888732910156,-7.19034481048584,-1.4195602021792588,0.003467572294120447,"[-1.0, -0.3765166401863098]",5.699543952277008e-05,True
64,1498,77.46890258789062,-7.190278053283691,-1.41954901690268,0.003464205165171401,"[-1.0, -0.37651437520980835]",-2.4342190297787187e-05,True
64,1499,77.46888732910156,-7.190347194671631,-1.4195602021792588,0.0034675617345675536,"[-1.0, -0.376516729593277]",5.699539355731794e-05,True
64,1500,77.46890258789062,-7.190280437469482,-1.41954901690268,0.0034642153196348716,"[-1.0, -0.3765144348144531]",-2.4342146112604883e-05,True
64,1501,77.46888732910156,-7.190349578857422,-1.4195602021792588,0.0034675625970043435,"[-1.0, -0.376516729593277]",5.699539896239766e-05,True
64,1502,77.46890258789062,-7.190282821655273,-1.41954901690268,0.0034642139233327035,"[-1.0, -0.3765144348144531]",-2.434215390231524e-05,True
64,1503,77.46888732910156,-7.190351963043213,-1.4195602021792588,0.003467563355208114,"[-1.0, -0.376516729593277]",5.699540391263965e-05,True
64,1504,77.46890258789062,-7.1902852058410645,-1.41954901690268,0.0034642179334113104,"[-1.0, -0.3765144348144531]",-2.4342137366864823e-05,True
64,1505,77.46888732910156,-7.190354347229004,-1.4195602021792588,0.0034675578268296265,"[-1.0, -0.376516729593277]",5.6995380576814196e-05,True
64,1506,77.46890258789062,-7.1902875900268555,-1.41954901690268,0.003464208539121027,"[-1.0, -0.3765144646167755]",-2.4342181154627125e-05,True
64,1507,77.46888732910156,-7.190356731414795,-1.4195602021792588,0.0034675739947904773,"[-1.0, -0.376516729593277]",5.699545487451576e-05,True
64,1508,77.46890258789062,-7.1902899742126465,-1.41954901690268,0.003464200687764822,"[-1.0, -0.3765144944190979]",-2.4342218009844215e-05,True
64,1509,77.46888732910156,-7.190359115600586,-1.4195602021792588,0.003467585077396258,"[-1.0, -0.376516729593277]",5.699550628456679e-05,True
64,1510,77.46890258789062,-7.1902923583984375,-1.41954901690268,0.003464191616950859,"[-1.0, -0.3765144944190979]",-2.4342260338410364e-05,True
64,1511,77.46888732910156,-7.190361499786377,-1.4195602021792588,0.0034675876496728934,"[-1.0, -0.37651678919792175]",5.699551940168939e-05,True
64,1512,77.46890258789062,-7.1902947425842285,-1.41954901690268,0.003464196042375786,"[-1.0, -0.3765144944190979]",-2.4342241933901503e-05,True
64,1513,77.46888732910156,-7.190363883972168,-1.4195602021792588,0.003467574573043483,"[-1.0, -0.37651681900024414]",5.6995462095182064e-05,True
64,1514,77.46890258789062,-7.1902971267700195,-1.41954901690268,0.0034642076804175742,"[-1.0, -0.3765144944190979]",-2.4342191086827627e-05,True
64,1515,77.46888732910156,-7.190366268157959,-1.4195602021792588,0.003467568991318275,"[-1.0, -0.37651681900024414]",5.699543851929636e-05,True
64,1516,77.46890258789062,-7.1902995109558105,-1.41954901690268,0.003464213221051735,"[-1.0, -0.3765145242214203]",-2.434216764966636e-05,True
64,1517,77.46888732910156,-7.19036865234375,-1.4195602021792588,0.003467561070155201,"[-1.0, -0.3765168786048889]",5.699540439462399e-05,True
64,1518,77.46890258789062,-7.190301895141602,-1.41954901690268,0.0034642222775840875,"[-1.0, -0.3765145242214203]",-2.4342128419384944e-05,True
64,1519,77.46888732910156,-7.190371036529541,-1.4195602021792588,0.0034675575105043988,"[-1.0, -0.3765169084072113]",5.699538993583668e-05,True
64,1520,77.46890258789062,-7.190304279327393,-1.41954901690268,0.003464214215207345,"[-1.0, -0.3765145242214203]",-2.4342166209983597e-05,True
64,1521,77.46888732910156,-7.190373420715332,-1.4195602021792588,0.0034675605323866835,"[-1.0, -0.3765169084072113]",5.699540505842113e-05,True
64,1522,77.46890258789062,-7.190306663513184,-1.41954901690268,0.0034642069239110237,"[-1.0, -0.3765145540237427]",-2.434220053072036e-05,True
64,1523,77.46888732910156,-7.190375804901123,-1.4195602021792588,0.0034675629596760014,"[-1.0, -0.3765169084072113]",5.699541751954809e-05,True
64,1524,77.46890258789062,-7.190309047698975,-1.41954901690268,0.0034642173821243963,"[-1.0, -0.37651458382606506]",-2.4342154978663497e-05,True
64,1525,77.46888732910156,-7.190378189086914,-1.4195602021792588,0.0034675427453417914,"[-1.0, -0.3765169382095337]",5.699532809692188e-05,True
64,1526,77.46890258789062,-7.190311431884766,-1.41954901690268,0.0034642307337516887,"[-1.0, -0.37651461362838745]",-2.4342096406243992e-05,True
64,1527,77.46888732910156,-7.190380573272705,-1.4195602021792588,0.0034675458745105927,"[-1.0, -0.3765169382095337]",5.69953437165065e-05,True
64,1528,77.46890258789062,-7.190313816070557,-1.41954901690268,0.003464249851042512,"[-1.0, -0.37651461362838745]",-2.4342011902549457e-05,True
64,1529,77.46888732910156,-7.190382957458496,-1.4195602021792588,0.003467541151600608,"[-1.0, -0.3765169382095337]",5.6995324005289306e-05,True
64,1530,77.46890258789062,-7.190316200256348,-1.41954901690268,0.0034642160723022185,"[-1.0, -0.37651464343070984]",-2.4342165420336803e-05,True
64,1531,77.46888732910156,-7.190385341644287,-1.4195602021792588,0.0034675635597672043,"[-1.0, -0.3765169680118561]",5.699542638391673e-05,True
64,1532,77.46890258789062,-7.190318584442139,-1.41954901690268,0.003464212295157156,"[-1.0, -0.37651464343070984]",-2.4342183927392897e-05,True
64,1533,77.46888732910156,-7.190387725830078,-1.4195602021792588,0.0034675705557340266,"[-1.0, -0.3765169680118561]",5.6995459389881596e-05,True
64,1534,77.46890258789062,-7.19032096862793,-1.41954901690268,0.003464227013154628,"[-1.0, -0.37651464343070984]",-2.4342119202754873e-05,True
64,1535,77.46888732910156,-7.190390110015869,-1.4195602021792588,0.003467547971583005,"[-1.0, -0.37651699781417847]",5.699535931373788e-05,True
64,1536,77.46890258789062,-7.190323352813721,-1.41954901690268,0.0034642297739561545,"[-1.0, -0.3765147030353546]",-2.4342108306814887e-05,True
64,1537,77.46888732910156,-7.19039249420166,-1.4195602021792588,0.003467537037198907,"[-1.0, -0.37651699781417847]",5.699531165088718e-05,True
64,1538,77.46890258789062,-7.190325736999512,-1.41954901690268,0.003464236451367048,"[-1.0, -0.3765146732330322]",-2.4342079764816465e-05,True
64,1539,77.46888732910156,-7.190394878387451,-1.4195602021792588,0.0034675376959292384,"[-1.0, -0.37651702761650085]",5.6995316139287836e-05,True
64,1540,77.46890258789062,-7.190328121185303,-1.41954901690268,0.003464237408931061,"[-1.0, -0.376514732837677]",-2.434207695502358e-05,True
64,1541,77.46888732910156,-7.190397262573242,-1.4195602021792588,0.003467547637334532,"[-1.0, -0.37651702761650085]",5.699536241748939e-05,True
64,1542,77.46890258789062,-7.190330505371094,-1.41954901690268,0.0034642272337447044,"[-1.0, -0.376514732837677]",-2.4342124267476353e-05,True
64,1543,77.46888732910156,-7.190399646759033,-1.4195602021792588,0.0034675513977700224,"[-1.0, -0.37651705741882324]",5.699538087777412e-05,True
64,1544,77.46890258789062,-7.190332889556885,-1.41954901690268,0.0034642198745502575,"[-1.0, -0.3765147626399994]",-2.434215889020196e-05,True
64,1545,77.46888732910156,-7.190402030944824,-1.4195602021792588,0.0034675540175707134,"[-1.0, -0.376517117023468]",5.699539420520225e-05,True
64,1546,77.46890258789062,-7.190335273742676,-1.41954901690268,0.0034642083768371013,"[-1.0, -0.3765147626399994]",-2.4342212139814482e-05,True
64,1547,77.46888732910156,-7.190404415130615,-1.4195602021792588,0.003467559937149439,"[-1.0, -0.376517117023468]",5.699542236742069e-05,True
64,1548,77.46890258789062,-7.190337657928467,-1.41954901690268,0.0034642197670133866,"[-1.0, -0.3765147924423218]",-2.4342162393924512e-05,True
64,1549,77.46888732910156,-7.190406799316406,-1.4195602021792588,0.0034675610282463233,"[-1.0, -0.376517117023468]",5.6995428833445254e-05,True
64,1550,77.46890258789062,-7.190340042114258,-1.41954901690268,0.0034642337635306035,"[-1.0, -0.3765147924423218]",-2.4342100933711203e-05,True
64,1551,77.46888732910156,-7.190409183502197,-1.4195602021792588,0.0034675486579825083,"[-1.0, -0.376517117023468]",5.699537470913582e-05,True
64,1552,77.46890258789062,-7.190342426300049,-1.41954901690268,0.003464231010158202,"[-1.0, -0.37651482224464417]",-2.4342114837343036e-05,True
64,1553,77.46888732910156,-7.190411567687988,-1.4195602021792588,0.00346754536219007,"[-1.0, -0.3765171766281128]",5.699536140218402e-05,True
64,1554,77.46890258789062,-7.19034481048584,-1.41954901690268,0.0034642323781522914,"[-1.0, -0.37651482224464417]",-2.4342110191272944e-05,True
64,1555,77.46888732910156,-7.190413951873779,-1.4195602021792588,0.0034675405146866933,"[-1.0, -0.3765171766281128]",5.6995341144507424e-05,True
64,1556,77.46890258789062,-7.190347194671631,-1.41954901690268,0.0034642314436614456,"[-1.0, -0.37651482224464417]",-2.4342115920595922e-05,True
64,1557,77.46888732910156,-7.19041633605957,-1.4195602021792588,0.0034675558648690234,"[-1.0, -0.3765171766281128]",5.699541176220564e-05,True
64,1558,77.46890258789062,-7.190349578857422,-1.41954901690268,0.003464220102683076,"[-1.0, -0.37651482224464417]",-2.4342168464901895e-05,True
64,1559,77.46888732910156,-7.190418720245361,-1.4195602021792588,0.003467558642388726,"[-1.0, -0.3765171766281128]",5.6995425785158466e-05,True
64,1560,77.46890258789062,-7.190351963043213,-1.41954901690268,0.003464209563539259,"[-1.0, -0.37651488184928894]",-2.4342217386741534e-05,True
64,1561,77.46888732910156,-7.190421104431152,-1.4195602021792588,0.0034675621664112546,"[-1.0, -0.3765172064304352]",5.6995443181584874e-05,True
64,1562,77.46890258789062,-7.190354347229004,-1.41954901690268,0.0034642099268151955,"[-1.0, -0.37651491165161133]",-2.4342217276113986e-05,True
64,1563,77.46888732910156,-7.190423488616943,-1.4195602021792588,0.0034675729802729665,"[-1.0, -0.3765172064304352]",5.6995493385840314e-05,True
64,1564,77.46890258789062,-7.190356731414795,-1.41954901690268,0.0034642013264333934,"[-1.0, -0.37651491165161133]",-2.4342257487735406e-05,True
64,1565,77.46888732910156,-7.190425872802734,-1.4195602021792588,0.003467574126869063,"[-1.0, -0.3765172064304352]",5.699550008384777e-05,True
64,1566,77.46890258789062,-7.190359115600586,-1.41954901690268,0.0034641970935328443,"[-1.0, -0.3765149414539337]",-2.4342278045691192e-05,True
64,1567,77.46888732910156,-7.190428256988525,-1.4195602021792588,0.003467587949526293,"[-1.0, -0.37651723623275757]",5.6995563813472186e-05,True
64,1568,77.46890258789062,-7.190361499786377,-1.41954901690268,0.0034641858849199314,"[-1.0, -0.3765149414539337]",-2.4342329994352616e-05,True
64,1569,77.46888732910156,-7.190430641174316,-1.4195602021792588,0.0034675855787125775,"[-1.0, -0.3765172064304352]",5.699555468313549e-05,True
64,1570,77.46890258789062,-7.190363883972168,-1.41954901690268,0.003464185003869675,"[-1.0, -0.3765150010585785]",-2.4342335468982083e-05,True
64,1571,77.46888732910156,-7.190433025360107,-1.4195602021792588,0.0034675922377538043,"[-1.0, -0.37651723623275757]",5.699558618714603e-05,True
64,1572,77.46890258789062,-7.190366268157959,-1.41954901690268,0.0034641765387888684,"[-1.0, -0.3765150010585785]",-2.4342375071749028e-05,True
64,1573,77.46888732910156,-7.190435409545898,-1.4195602021792588,0.003467605009009024,"[-1.0, -0.37651726603507996]",5.699564519967226e-05,True
64,1574,77.46890258789062,-7.19036865234375,-1.41954901690268,0.003464155982667723,"[-1.0, -0.3765150010585785]",-2.4342469098408347e-05,True
64,1575,77.46888732910156,-7.1904377937316895,-1.4195602021792588,0.0034676147926267827,"[-1.0, -0.37651729583740234]",5.699569076427719e-05,True
64,1576,77.46890258789062,-7.190371036529541,-1.41954901690268,0.0034641638097580277,"[-1.0, -0.3765150308609009]",-2.4342435386405292e-05,True
64,1577,77.46888732910156,-7.1904401779174805,-1.4195602021792588,0.0034676108731053167,"[-1.0, -0.37651732563972473]",5.6995674668308334e-05,True
64,1578,77.46890258789062,-7.190373420715332,-1.41954901690268,0.0034641722418407247,"[-1.0, -0.3765150010585785]",-2.4342398951936467e-05,True
64,1579,77.46888732910156,-7.1904425621032715,-1.4195602021792588,0.0034676033521815084,"[-1.0, -0.37651732563972473]",5.699564236247622e-05,True
64,1580,77.46890258789062,-7.190375804901123,-1.41954901690268,0.0034641609920642025,"[-1.0, -0.3765150308609009]",-2.434245108583413e-05,True
64,1581,77.46888732910156,-7.1904449462890625,-1.4195602021792588,0.003467604209359383,"[-1.0, -0.3765173852443695]",5.699564774744354e-05,True
64,1582,77.46890258789062,-7.190378189086914,-1.41954901690268,0.0034641659779123825,"[-1.0, -0.37651506066322327]",-2.4342430159420638e-05,True
64,1583,77.46888732910156,-7.1904473304748535,-1.4195602021792588,0.003467608532650833,"[-1.0, -0.3765173852443695]",5.6995668754790944e-05,True
64,1584,77.46890258789062,-7.190380573272705,-1.41954901690268,0.003464175113437283,"[-1.0, -0.37651509046554565]",-2.434239057367275e-05,True
64,1585,77.46888732910156,-7.1904497146606445,-1.4195602021792588,0.0034676087703619097,"[-1.0, -0.3765173852443695]",5.699567135215767e-05,True
64,1586,77.46890258789062,-7.190382957458496,-1.41954901690268,0.0034641600805690514,"[-1.0, -0.37651506066322327]",-2.434245973503582e-05,True
64,1587,77.46888732910156,-7.1904520988464355,-1.4195602021792588,0.003467615138482788,"[-1.0, -0.3765174150466919]",5.699570156479021e-05,True
64,1588,77.46890258789062,-7.190385341644287,-1.41954901690268,0.0034641533898615447,"[-1.0, -0.37651509046554565]",-2.434249135312291e-05,True
64,1589,77.46888732910156,-7.190454483032227,-1.4195602021792588,0.003467623142678005,"[-1.0, -0.3765174448490143]",5.6995739107782856e-05,True
64,1590,77.46890258789062,-7.190387725830078,-1.41954901690268,0.0034641471594316314,"[-1.0, -0.37651509046554565]",-2.434252089996084e-05,True
64,1591,77.46888732910156,-7.190456867218018,-1.4195602021792588,0.003467639204636479,"[-1.0, -0.3765174448490143]",5.6995812924921015e-05,True
64,1592,77.46890258789062,-7.190390110015869,-1.41954901690268,0.0034641405987416865,"[-1.0, -0.37651512026786804]",-2.4342551943627042e-05,True
64,1593,77.46888732910156,-7.190459251403809,-1.4195602021792588,0.0034676393273050106,"[-1.0, -0.3765174448490143]",5.6995815033017997e-05,True
64,1594,77.46890258789062,-7.19039249420166,-1.41954901690268,0.0034641243677587742,"[-1.0, -0.37651515007019043]",-2.4342626496506178e-05,True
64,1595,77.46888732910156,-7.1904616355896,-1.4195602021792588,0.0034676517494543926,"[-1.0, -0.37651750445365906]",5.6995872456804385e-05,True
64,1596,77.46890258789062,-7.190394878387451,-1.41954901690268,0.003464124872903516,"[-1.0, -0.3765151798725128]",-2.4342625733258155e-05,True
64,1597,77.46888732910156,-7.190464019775391,-1.4195602021792588,0.0034676557048304436,"[-1.0, -0.37651750445365906]",5.699589179787435e-05,True
64,1598,77.46890258789062,-7.190397262573242,-1.41954901690268,0.003464117218800255,"[-1.0, -0.3765151798725128]",-2.4342661683073427e-05,True
64,1599,77.46888732910156,-7.190466403961182,-1.4195602021792588,0.0034676604105236303,"[-1.0, -0.37651750445365906]",5.699591451181871e-05,True
64,1600,77.46890258789062,-7.190399646759033,-1.41954901690268,0.003464128568343141,"[-1.0, -0.3765151798725128]",-2.4342612137797318e-05,True
64,1601,77.46888732910156,-7.190468788146973,-1.4195602021792588,0.0034676679458146985,"[-1.0, -0.37651750445365906]",5.699594995895355e-05,True
64,1602,77.46890258789062,-7.190402030944824,-1.41954901690268,0.003464123003584301,"[-1.0, -0.3765152394771576]",-2.434263868911541e-05,True
64,1603,77.46888732910156,-7.190471172332764,-1.4195602021792588,0.003467649861960038,"[-1.0, -0.37651753425598145]",5.699587012703802e-05,True
64,1604,77.46890258789062,-7.190404415130615,-1.41954901690268,0.003464147330223534,"[-1.0, -0.3765152394771576]",-2.4342530729142178e-05,True
64,1605,77.46888732910156,-7.190473556518555,-1.4195602021792588,0.003467628302913722,"[-1.0, -0.37651753425598145]",5.699577464965462e-05,True
64,1606,77.46890258789062,-7.190406799316406,-1.41954901690268,0.0034641444416289176,"[-1.0, -0.3765152394771576]",-2.4342545237721266e-05,True
64,1607,77.46888732910156,-7.190475940704346,-1.4195602021792588,0.003467630331951335,"[-1.0, -0.376517653465271]",5.69957853186489e-05,True
64,1608,77.46890258789062,-7.190409183502197,-1.41954901690268,0.0034641473448315083,"[-1.0, -0.37651526927948]",-2.4342533700976488e-05,True
64,1609,77.46888732910156,-7.190478324890137,-1.4195602021792588,0.003467629853688518,"[-1.0, -0.376517653465271]",5.6995784708343964e-05,True
64,1610,77.46890258789062,-7.190411567687988,-1.41954901690268,0.0034641487618568964,"[-1.0, -0.37651529908180237]",-2.4342528830712844e-05,True
64,1611,77.46888732910156,-7.190480709075928,-1.4195602021792588,0.00346761587297342,"[-1.0, -0.376517653465271]",5.6995723333451044e-05,True
64,1612,77.46890258789062,-7.190413951873779,-1.41954901690268,0.0034641584289434556,"[-1.0, -0.37651529908180237]",-2.4342486838726642e-05,True
64,1613,77.46888732910156,-7.190483093261719,-1.4195602021792588,0.00346763179073523,"[-1.0, -0.376517653465271]",5.6995796487493356e-05,True
64,1614,77.46890258789062,-7.19041633605957,-1.41954901690268,0.0034641453612205306,"[-1.0, -0.37651529908180237]",-2.434254713917226e-05,True
64,1615,77.46888732910156,-7.19048547744751,-1.4195602021792588,0.003467619744068646,"[-1.0, -0.376517653465271]",5.699574381937147e-05,True
64,1616,77.46890258789062,-7.190418720245361,-1.41954901690268,0.0034641685733495403,"[-1.0, -0.37651535868644714]",-2.4342444208705885e-05,True
64,1617,77.46888732910156,-7.190487861633301,-1.4195602021792588,0.003467601648311134,"[-1.0, -0.376517653465271]",5.69956639303404e-05,True
64,1618,77.46890258789062,-7.190421104431152,-1.41954901690268,0.0034641926001877103,"[-1.0, -0.37651535868644714]",-2.4342337615601e-05,True
64,1619,77.46888732910156,-7.190490245819092,-1.4195602021792588,0.0034675746679714856,"[-1.0, -0.376517653465271]",5.699554405713701e-05,True
64,1620,77.46890258789062,-7.190423488616943,-1.41954901690268,0.003464211159801335,"[-1.0, -0.37651535868644714]",-2.434225558947944e-05,True
64,1621,77.46888732910156,-7.190492630004883,-1.4195602021792588,0.003467560825417413,"[-1.0, -0.37651771306991577]",5.69954833039687e-05,True
64,1622,77.46890258789062,-7.190425872802734,-1.41954901690268,0.003464245726743673,"[-1.0, -0.37651538848876953]",-2.4342101562353086e-05,True
64,1623,77.46888732910156,-7.190495014190674,-1.4195602021792588,0.0034675163024308567,"[-1.0, -0.37651771306991577]",5.699528449240693e-05,True
64,1624,77.46890258789062,-7.190428256988525,-1.41954901690268,0.0034642662407912018,"[-1.0, -0.3765154182910919]",-2.434201076259523e-05,True
64,1625,77.46888732910156,-7.190497398376465,-1.4195602021792588,0.0034675153633050328,"[-1.0, -0.37651774287223816]",5.699528180821846e-05,True
64,1626,77.46890258789062,-7.190430641174316,-1.41954901690268,0.0034642562247519547,"[-1.0, -0.3765155076980591]",-2.4342057341122446e-05,True
64,1627,77.46888732910156,-7.190499782562256,-1.4195602021792588,0.003467538467289195,"[-1.0, -0.37651777267456055]",5.6995387296708646e-05,True
64,1628,77.46890258789062,-7.190433025360107,-1.41954901690268,0.003464241888543932,"[-1.0, -0.3765154778957367]",-2.4342123363961863e-05,True
64,1629,77.46888732910156,-7.190502166748047,-1.4195602021792588,0.0034675305603553263,"[-1.0, -0.37651777267456055]",5.6995353257383976e-05,True
64,1630,77.46890258789062,-7.190435409545898,-1.41954901690268,0.003464234998582866,"[-1.0, -0.3765155076980591]",-2.4342155882242683e-05,True
64,1631,77.46888732910156,-7.190504550933838,-1.4195602021792588,0.0034675341254641404,"[-1.0, -0.37651777267456055]",5.6995370842251376e-05,True
64,1632,77.46890258789062,-7.1904377937316895,-1.41954901690268,0.0034642552542766343,"[-1.0, -0.3765155076980591]",-2.4342066237971324e-05,True
64,1633,77.46888732910156,-7.190506935119629,-1.4195602021792588,0.003467501421989362,"[-1.0, -0.37651777267456055]",5.69952252149399e-05,True
64,1634,77.46890258789062,-7.1904401779174805,-1.41954901690268,0.003464278615529109,"[-1.0, -0.37651553750038147]",-2.4341962640002074e-05,True
64,1635,77.46888732910156,-7.19050931930542,-1.4195602021792588,0.0034675066660331605,"[-1.0, -0.37651777267456055]",5.6995250355014727e-05,True
64,1636,77.46890258789062,-7.1904425621032715,-1.41954901690268,0.0034642794149853046,"[-1.0, -0.37651553750038147]",-2.4341960552352508e-05,True
64,1637,77.46888732910156,-7.190511703491211,-1.4195602021792588,0.003467497509585528,"[-1.0, -0.37651780247688293]",5.69952106893254e-05,True
64,1638,77.46890258789062,-7.1904449462890625,-1.41954901690268,0.0034642742916562407,"[-1.0, -0.37651553750038147]",-2.4341985113683894e-05,True
64,1639,77.46888732910156,-7.190514087677002,-1.4195602021792588,0.0034675048340143634,"[-1.0, -0.3765178620815277]",5.699524519113289e-05,True
64,1640,77.46890258789062,-7.1904473304748535,-1.41954901690268,0.0034642623050246037,"[-1.0, -0.3765155076980591]",-2.4342040566982287e-05,True
64,1641,77.46888732910156,-7.190516471862793,-1.4195602021792588,0.0034675237294256116,"[-1.0, -0.3765178620815277]",5.6995331744597686e-05,True
64,1642,77.46890258789062,-7.1904497146606445,-1.41954901690268,0.0034642436244598793,"[-1.0, -0.37651556730270386]",-2.434212613942686e-05,True
64,1643,77.46888732910156,-7.190518856048584,-1.4195602021792588,0.003467538774073282,"[-1.0, -0.3765178620815277]",5.699540098383722e-05,True
64,1644,77.46890258789062,-7.1904520988464355,-1.41954901690268,0.003464236558850518,"[-1.0, -0.37651559710502625]",-2.4342159441019586e-05,True
64,1645,77.46888732910156,-7.190521240234375,-1.4195602021792588,0.0034675426613462756,"[-1.0, -0.3765178620815277]",5.6995420018443425e-05,True
64,1646,77.46890258789062,-7.190454483032227,-1.41954901690268,0.003464226903016958,"[-1.0, -0.37651559710502625]",-2.4342204419937488e-05,True
64,1647,77.46888732910156,-7.190523624420166,-1.4195602021792588,0.003467557068518172,"[-1.0, -0.3765178918838501]",5.699548640680556e-05,True
64,1648,77.46890258789062,-7.190456867218018,-1.41954901690268,0.0034642183268564575,"[-1.0, -0.37651559710502625]",-2.4342244522563054e-05,True
64,1649,77.46888732910156,-7.190526008605957,-1.4195602021792588,0.0034675527034054854,"[-1.0, -0.3765179216861725]",5.699546828435992e-05,True
64,1650,77.46890258789062,-7.190459251403809,-1.41954901690268,0.0034642165765742363,"[-1.0, -0.37651559710502625]",-2.434225390518365e-05,True
64,1651,77.46888732910156,-7.190528392791748,-1.4195602021792588,0.0034675489163679676,"[-1.0, -0.3765179216861725]",5.699545278456882e-05,True
64,1652,77.46890258789062,-7.1904616355896,-1.41954901690268,0.003464233587679285,"[-1.0, -0.376515656709671]",-2.434217888287781e-05,True
64,1653,77.46888732910156,-7.190530776977539,-1.4195602021792588,0.003467541926612159,"[-1.0, -0.3765179216861725]",5.6995422872545424e-05,True
64,1654,77.46890258789062,-7.190464019775391,-1.41954901690268,0.003464236589303483,"[-1.0, -0.376515656709671]",-2.434216687126138e-05,True
64,1655,77.46888732910156,-7.19053316116333,-1.4195602021792588,0.0034675430351695275,"[-1.0, -0.3765179514884949]",5.699542939937861e-05,True
64,1656,77.46890258789062,-7.190466403961182,-1.41954901690268,0.0034642219437178504,"[-1.0, -0.376515656709671]",-2.4342234300510893e-05,True
64,1657,77.46888732910156,-7.190535545349121,-1.4195602021792588,0.0034675601620200737,"[-1.0, -0.37651798129081726]",5.69955080120838e-05,True
64,1658,77.46890258789062,-7.190468788146973,-1.41954901690268,0.0034642123218048206,"[-1.0, -0.3765157163143158]",-2.434227910902284e-05,True
64,1659,77.46888732910156,-7.190537929534912,-1.4195602021792588,0.00346756986688034,"[-1.0, -0.37651798129081726]",5.699555320806916e-05,True
64,1660,77.46890258789062,-7.190471172332764,-1.41954901690268,0.0034642061075427894,"[-1.0, -0.3765157163143158]",-2.4342308583105295e-05,True
64,1661,77.46888732910156,-7.190540313720703,-1.4195602021792588,0.003467568003917864,"[-1.0, -0.37651798129081726]",5.6995546380826615e-05,True
64,1662,77.46890258789062,-7.190473556518555,-1.41954901690268,0.003464202867977255,"[-1.0, -0.3765157461166382]",-2.434232468881708e-05,True
64,1663,77.46888732910156,-7.190542697906494,-1.4195602021792588,0.0034675765440183334,"[-1.0, -0.37651798129081726]",5.6995586353156464e-05,True
64,1664,77.46890258789062,-7.190475940704346,-1.41954901690268,0.0034641954188364137,"[-1.0, -0.37651577591896057]",-2.4342359719854183e-05,True
64,1665,77.46888732910156,-7.190545082092285,-1.4195602021792588,0.0034675881973652706,"[-1.0, -0.37651798129081726]",5.6995640331542705e-05,True
64,1666,77.46890258789062,-7.190478324890137,-1.41954901690268,0.00346418518881498,"[-1.0, -0.37651580572128296]",-2.4342407261301233e-05,True
64,1667,77.46888732910156,-7.190547466278076,-1.4195602021792588,0.0034675935072284703,"[-1.0, -0.37651801109313965]",5.699566575004127e-05,True
64,1668,77.46890258789062,-7.190480709075928,-1.41954901690268,0.0034641734890768676,"[-1.0, -0.37651580572128296]",-2.4342461423578764e-05,True
64,1669,77.46888732910156,-7.190549850463867,-1.4195602021792588,0.00346761035622142,"[-1.0, -0.37651801109313965]",5.699574311238728e-05,True
64,1670,77.46890258789062,-7.190483093261719,-1.41954901690268,0.0034641604361309503,"[-1.0, -0.37651583552360535]",-2.4342521668185993e-05,True
64,1671,77.46888732910156,-7.190552234649658,-1.4195602021792588,0.0034676189441143652,"[-1.0, -0.3765181005001068]",5.6995783296230563e-05,True
64,1672,77.46890258789062,-7.19048547744751,-1.41954901690268,0.003464158135604768,"[-1.0, -0.37651583552360535]",-2.4342533530457127e-05,True
64,1673,77.46888732910156,-7.190554618835449,-1.4195602021792588,0.0034676195223293464,"[-1.0, -0.3765181005001068]",5.6995787436523e-05,True
64,1674,77.46890258789062,-7.190487861633301,-1.41954901690268,0.003464152098274659,"[-1.0, -0.37651583552360535]",-2.4342562226109498e-05,True
64,1675,77.46888732910156,-7.19055700302124,-1.4195602021792588,0.003467626989557644,"[-1.0, -0.3765181005001068]",5.699582258448079e-05,True
64,1676,77.46890258789062,-7.190490245819092,-1.41954901690268,0.003464133544978842,"[-1.0, -0.37651583552360535]",-2.434264722584399e-05,True
64,1677,77.46888732910156,-7.190559387207031,-1.4195602021792588,0.003467635592786106,"[-1.0, -0.3765181601047516]",5.699586283733389e-05,True
64,1678,77.46890258789062,-7.190492630004883,-1.41954901690268,0.003464143005273586,"[-1.0, -0.37651586532592773]",-2.4342606164420953e-05,True
64,1679,77.46888732910156,-7.190561771392822,-1.4195602021792588,0.003467632535230484,"[-1.0, -0.3765181601047516]",5.699585061665861e-05,True
64,1680,77.46890258789062,-7.190495014190674,-1.41954901690268,0.0034641373034347044,"[-1.0, -0.3765158951282501]",-2.4342633332599237e-05,True
64,1681,77.46888732910156,-7.190564155578613,-1.4195602021792588,0.0034676425119185,"[-1.0, -0.376518189907074]",5.699589703942156e-05,True
64,1682,77.46890258789062,-7.190497398376465,-1.41954901690268,0.0034641300168719953,"[-1.0, -0.3765158951282501]",-2.4342667632034738e-05,True
64,1683,77.46888732910156,-7.190566539764404,-1.4195602021792588,0.003467660678906142,"[-1.0, -0.376518189907074]",5.699598032919097e-05,True
64,1684,77.46890258789062,-7.190499782562256,-1.41954901690268,0.0034641168152531906,"[-1.0, -0.3765159249305725]",-2.4342728549222675e-05,True
64,1685,77.46888732910156,-7.190568923950195,-1.4195602021792588,0.0034676560278742775,"[-1.0, -0.376518189907074]",5.699596094142533e-05,True
64,1686,77.46890258789062,-7.190502166748047,-1.41954901690268,0.0034641096898380052,"[-1.0, -0.3765159249305725]",-2.4342762137705178e-05,True
64,1687,77.46888732910156,-7.190571308135986,-1.4195602021792588,0.0034676659993920765,"[-1.0, -0.376518189907074]",5.699600735158044e-05,True
64,1688,77.46890258789062,-7.190504550933838,-1.41954901690268,0.0034641147249839317,"[-1.0, -0.3765159249305725]",-2.4342740975240968e-05,True
64,1689,77.46888732910156,-7.190573692321777,-1.4195602021792588,0.0034676573053650343,"[-1.0, -0.37651821970939636]",5.699596977033649e-05,True
64,1690,77.46890258789062,-7.190506935119629,-1.41954901690268,0.0034641283689649176,"[-1.0, -0.3765159547328949]",-2.4342681101440698e-05,True
64,1691,77.46888732910156,-7.190576076507568,-1.4195602021792588,0.0034676486349714854,"[-1.0, -0.37651821970939636]",5.6995932291890544e-05,True
64,1692,77.46890258789062,-7.19050931930542,-1.41954901690268,0.003464119829754588,"[-1.0, -0.3765159845352173]",-2.4342721052001352e-05,True
64,1693,77.46888732910156,-7.190578460693359,-1.4195602021792588,0.0034676563453042825,"[-1.0, -0.37651821970939636]",5.6995968526713154e-05,True
64,1694,77.46890258789062,-7.190511703491211,-1.41954901690268,0.0034641255384247806,"[-1.0, -0.3765159845352173]",-2.434269685867794e-05,True
64,1695,77.46888732910156,-7.19058084487915,-1.4195602021792588,0.0034676532632684494,"[-1.0, -0.37651827931404114]",5.6995956185218784e-05,True
64,1696,77.46890258789062,-7.190514087677002,-1.41954901690268,0.0034641175468726527,"[-1.0, -0.3765160143375397]",-2.4342734330565832e-05,True
64,1697,77.46888732910156,-7.190583229064941,-1.4195602021792588,0.0034676561705724957,"[-1.0, -0.37651827931404114]",5.699597080641202e-05,True
64,1698,77.46890258789062,-7.190516471862793,-1.41954901690268,0.0034641120207377107,"[-1.0, -0.3765160143375397]",-2.4342760708076383e-05,True
64,1699,77.46888732910156,-7.190585613250732,-1.4195602021792588,0.0034676677019882273,"[-1.0, -0.3765183389186859]",5.6996024239660546e-05,True
64,1700,77.46890258789062,-7.190518856048584,-1.41954901690268,0.003464117074798683,"[-1.0, -0.3765160143375397]",-2.4342739488916175e-05,True
64,1701,77.46888732910156,-7.190587997436523,-1.4195602021792588,0.0034676650117912208,"[-1.0, -0.3765183389186859]",5.699601367209904e-05,True
64,1702,77.46890258789062,-7.190521240234375,-1.41954901690268,0.0034641166156391245,"[-1.0, -0.37651604413986206]",-2.4342743068590215e-05,True
64,1703,77.46888732910156,-7.1905903816223145,-1.4195602021792588,0.0034676499341301007,"[-1.0, -0.3765183389186859]",5.699594738226531e-05,True
64,1704,77.46890258789062,-7.190523624420166,-1.41954901690268,0.003464130491153777,"[-1.0, -0.37651604413986206]",-2.434268215288845e-05,True
64,1705,77.46888732910156,-7.1905927658081055,-1.4195602021792588,0.003467640287377587,"[-1.0, -0.3765183389186859]",5.699590549244045e-05,True
64,1706,77.46890258789062,-7.190526008605957,-1.41954901690268,0.003464145868772254,"[-1.0, -0.37651607394218445]",-2.434261444574505e-05,True
64,1707,77.46888732910156,-7.1905951499938965,-1.4195602021792588,0.0034676248360474586,"[-1.0, -0.3765183389186859]",5.69958375033326e-05,True
64,1708,77.46890258789062,-7.190528392791748,-1.41954901690268,0.0034641468759435998,"[-1.0, -0.3765161335468292]",-2.4342611441140874e-05,True
64,1709,77.46888732910156,-7.1905975341796875,-1.4195602021792588,0.0034676354620716263,"[-1.0, -0.3765183985233307]",5.6995886862319096e-05,True
64,1710,77.46890258789062,-7.190530776977539,-1.41954901690268,0.003464133945647534,"[-1.0, -0.3765161335468292]",-2.4342671137376483e-05,True
64,1711,77.46888732910156,-7.1905999183654785,-1.4195602021792588,0.003467642198647118,"[-1.0, -0.3765184283256531]",5.699591871523383e-05,True
64,1712,77.46890258789062,-7.19053316116333,-1.41954901690268,0.00346413078601003,"[-1.0, -0.3765161633491516]",-2.4342686865648565e-05,True
64,1713,77.46888732910156,-7.1906023025512695,-1.4195602021792588,0.0034676429684073586,"[-1.0, -0.3765184283256531]",5.6995923703269085e-05,True
64,1714,77.46890258789062,-7.190535545349121,-1.41954901690268,0.0034641306682435392,"[-1.0, -0.3765161633491516]",-2.4342688901948374e-05,True
64,1715,77.46888732910156,-7.1906046867370605,-1.4195602021792588,0.0034676369916421435,"[-1.0, -0.3765184283256531]",5.69958983639142e-05,True
64,1716,77.46890258789062,-7.190537929534912,-1.41954901690268,0.003464143852987667,"[-1.0, -0.376516193151474]",-2.434263109826668e-05,True
64,1717,77.46888732910156,-7.190607070922852,-1.4195602021792588,0.0034676346024824713,"[-1.0, -0.37651845812797546]",5.699588915102071e-05,True
64,1718,77.46890258789062,-7.190540313720703,-1.41954901690268,0.003464141052728881,"[-1.0, -0.376516193151474]",-2.434264520933453e-05,True
64,1719,77.46888732910156,-7.190609455108643,-1.4195602021792588,0.003467636239253809,"[-1.0, -0.37651845812797546]",5.69958980441586e-05,True
64,1720,77.46890258789062,-7.190542697906494,-1.41954901690268,0.0034641351395244516,"[-1.0, -0.376516193151474]",-2.4342673328657775e-05,True
64,1721,77.46888732910156,-7.190611839294434,-1.4195602021792588,0.0034676390025232427,"[-1.0, -0.37651851773262024]",5.699591203140693e-05,True
64,1722,77.46890258789062,-7.190545082092285,-1.41954901690268,0.0034641290582362164,"[-1.0, -0.3765162229537964]",-2.4342702204358146e-05,True
64,1723,77.46888732910156,-7.190614223480225,-1.4195602021792588,0.0034676466231753317,"[-1.0, -0.37651851773262024]",5.699594785200822e-05,True
64,1724,77.46890258789062,-7.190547466278076,-1.41954901690268,0.0034641311478329426,"[-1.0, -0.3765162229537964]",-2.434269432528705e-05,True
64,1725,77.46888732910156,-7.190616607666016,-1.4195602021792588,0.0034676504793314427,"[-1.0, -0.37651851773262024]",5.6995966757246596e-05,True
64,1726,77.46890258789062,-7.190549850463867,-1.41954901690268,0.0034641227872553716,"[-1.0, -0.3765162527561188]",-2.434273345778943e-05,True
64,1727,77.46888732910156,-7.190618991851807,-1.4195602021792588,0.003467650862961507,"[-1.0, -0.37651851773262024]",5.6995970011248766e-05,True
64,1728,77.46890258789062,-7.190552234649658,-1.41954901690268,0.0034641180459098527,"[-1.0, -0.37651631236076355]",-2.434275630374758e-05,True
64,1729,77.46888732910156,-7.190621376037598,-1.4195602021792588,0.0034676605713221224,"[-1.0, -0.3765185475349426]",5.699601523719656e-05,True
64,1730,77.46890258789062,-7.190554618835449,-1.41954901690268,0.0034641129618830494,"[-1.0, -0.37651634216308594]",-2.4342780691771505e-05,True
64,1731,77.46888732910156,-7.190623760223389,-1.4195602021792588,0.003467658156966743,"[-1.0, -0.3765186071395874]",5.6996005910922374e-05,True
64,1732,77.46890258789062,-7.19055700302124,-1.41954901690268,0.003464130394820377,"[-1.0, -0.37651634216308594]",-2.4342703753456845e-05,True
64,1733,77.46888732910156,-7.19062614440918,-1.4195602021792588,0.003467642769478149,"[-1.0, -0.3765186071395874]",5.699593820910144e-05,True
64,1734,77.46890258789062,-7.190559387207031,-1.41954901690268,0.0034641557687150283,"[-1.0, -0.3765163719654083]",-2.4342591095045084e-05,True
64,1735,77.46888732910156,-7.190628528594971,-1.4195602021792588,0.0034676170092279835,"[-1.0, -0.3765186071395874]",5.699582382985343e-05,True
64,1736,77.46890258789062,-7.190561771392822,-1.41954901690268,0.003464142922436772,"[-1.0, -0.3765163719654083]",-2.4342650416753264e-05,True
64,1737,77.46888732910156,-7.190630912780762,-1.4195602021792588,0.00346762850313338,"[-1.0, -0.3765186369419098]",5.6995877090752734e-05,True
64,1738,77.46890258789062,-7.190564155578613,-1.41954901690268,0.00346414519342592,"[-1.0, -0.37651631236076355]",-2.43426417036527e-05,True
64,1739,77.46888732910156,-7.190633296966553,-1.4195602021792588,0.0034676391051276525,"[-1.0, -0.3765186369419098]",5.699592634160469e-05,True
64,1740,77.46890258789062,-7.190566539764404,-1.41954901690268,0.0034641453309124984,"[-1.0, -0.37651634216308594]",-2.4342642598419122e-05,True
64,1741,77.46888732910156,-7.190635681152344,-1.4195602021792588,0.0034676269026667483,"[-1.0, -0.3765186667442322]",5.69958729546448e-05,True
64,1742,77.46890258789062,-7.190568923950195,-1.41954901690268,0.0034641427161867353,"[-1.0, -0.3765164017677307]",-2.434265587103566e-05,True
64,1743,77.46888732910156,-7.190638065338135,-1.4195602021792588,0.003467624558290606,"[-1.0, -0.37651869654655457]",5.699586394327718e-05,True
64,1744,77.46890258789062,-7.190571308135986,-1.41954901690268,0.0034641536278544587,"[-1.0, -0.3765164017677307]",-2.4342608278434216e-05,True
64,1745,77.46888732910156,-7.190640449523926,-1.4195602021792588,0.0034676100400063622,"[-1.0, -0.37651872634887695]",5.699580014932311e-05,True
64,1746,77.46890258789062,-7.190573692321777,-1.41954901690268,0.0034641645413916065,"[-1.0, -0.3765164017677307]",-2.434256069163122e-05,True
64,1747,77.46888732910156,-7.190642833709717,-1.4195602021792588,0.0034676083052786054,"[-1.0, -0.37651872634887695]",5.699579388492594e-05,True
64,1748,77.46890258789062,-7.190576076507568,-1.41954901690268,0.003464179023880744,"[-1.0, -0.3765164613723755]",-2.434249701612256e-05,True
64,1749,77.46888732910156,-7.190645217895508,-1.4195602021792588,0.0034676024742475516,"[-1.0, -0.37651875615119934]",5.6995769169400365e-05,True
64,1750,77.46890258789062,-7.190578460693359,-1.41954901690268,0.0034641617075220326,"[-1.0, -0.3765164315700531]",-2.434257644964007e-05,True
64,1751,77.46888732910156,-7.190647602081299,-1.4195602021792588,0.003467595509760513,"[-1.0, -0.37651875615119934]",5.699573937108643e-05,True
64,1752,77.46890258789062,-7.19058084487915,-1.41954901690268,0.0034641815562851752,"[-1.0, -0.3765164315700531]",-2.43424886543201e-05,True
64,1753,77.46888732910156,-7.19064998626709,-1.4195602021792588,0.003467599366740295,"[-1.0, -0.37651878595352173]",5.699575828003133e-05,True
64,1754,77.46890258789062,-7.190583229064941,-1.41954901690268,0.0034641835532927203,"[-1.0, -0.3765164613723755]",-2.4342481177689458e-05,True
64,1755,77.46888732910156,-7.190652370452881,-1.4195602021792588,0.003467583889952893,"[-1.0, -0.37651878595352173]",5.6995690162154896e-05,True
64,1756,77.46890258789062,-7.190585613250732,-1.41954901690268,0.0034641956201727935,"[-1.0, -0.3765164613723755]",-2.4342428386632443e-05,True
64,1757,77.46888732910156,-7.190654754638672,-1.4195602021792588,0.003467583598187917,"[-1.0, -0.37651878595352173]",5.699569038753752e-05,True
64,1758,77.46890258789062,-7.190587997436523,-1.41954901690268,0.0034641942572418904,"[-1.0, -0.3765164911746979]",-2.434243604748839e-05,True
64,1759,77.46888732910156,-7.190657138824463,-1.4195602021792588,0.0034675760375047046,"[-1.0, -0.3765188157558441]",5.699565792055166e-05,True
64,1760,77.46890258789062,-7.1905903816223145,-1.41954901690268,0.0034642018313117222,"[-1.0, -0.37651652097702026]",-2.4342403470524746e-05,True
64,1761,77.46888732910156,-7.190659523010254,-1.4195602021792588,0.003467569214050777,"[-1.0, -0.3765188157558441]",5.6995628739123156e-05,True
64,1762,77.46890258789062,-7.1905927658081055,-1.41954901690268,0.0034642070017185164,"[-1.0, -0.37651652097702026]",-2.4342381713597486e-05,True
64,1763,77.46888732910156,-7.190661907196045,-1.4195602021792588,0.00346757339834563,"[-1.0, -0.3765188157558441]",5.699564910677502e-05,True
64,1764,77.46890258789062,-7.1905951499938965,-1.41954901690268,0.003464213462029501,"[-1.0, -0.37651655077934265]",-2.434235415210137e-05,True
64,1765,77.46888732910156,-7.190664291381836,-1.4195602021792588,0.0034675720964859056,"[-1.0, -0.3765188157558441]",5.6995644790284e-05,True
64,1766,77.46890258789062,-7.1905975341796875,-1.41954901690268,0.0034641984034827645,"[-1.0, -0.3765166103839874]",-2.434242342901771e-05,True
64,1767,77.46888732910156,-7.190666675567627,-1.4195602021792588,0.003467574893380581,"[-1.0, -0.3765188157558441]",5.699565890397692e-05,True
64,1768,77.46890258789062,-7.1905999183654785,-1.41954901690268,0.003464202598379414,"[-1.0, -0.3765166401863098]",-2.4342406058333386e-05,True
64,1769,77.46888732910156,-7.190669059753418,-1.4195602021792588,0.003467569540406992,"[-1.0, -0.3765188753604889]",5.699563635392079e-05,True
64,1770,77.46890258789062,-7.1906023025512695,-1.41954901690268,0.0034642057113971813,"[-1.0, -0.3765166401863098]",-2.4342393563209462e-05,True
64,1771,77.46888732910156,-7.190671443939209,-1.4195602021792588,0.003467567501260272,"[-1.0, -0.3765189051628113]",5.699562871963829e-05,True
64,1772,77.46890258789062,-7.1906046867370605,-1.41954901690268,0.0034642065934997065,"[-1.0, -0.3765166401863098]",-2.4342391117862268e-05,True
64,1773,77.46888732910156,-7.190673828125,-1.4195602021792588,0.0034675581811066504,"[-1.0, -0.37651893496513367]",5.699558833148286e-05,True
64,1774,77.46890258789062,-7.190607070922852,-1.41954901690268,0.003464211057524257,"[-1.0, -0.3765166699886322]",-2.4342372539655102e-05,True
64,1775,77.46888732910156,-7.190676212310791,-1.4195602021792588,0.0034675564626754666,"[-1.0, -0.37651896476745605]",5.6995582126209425e-05,True
64,1776,77.46890258789062,-7.190609455108643,-1.41954901690268,0.0034642254717681003,"[-1.0, -0.3765166699886322]",-2.434230918546112e-05,True
64,1777,77.46888732910156,-7.190678596496582,-1.4195602021792588,0.0034675800771629887,"[-1.0, -0.37651899456977844]",5.699568992972829e-05,True
64,1778,77.46890258789062,-7.190611839294434,-1.41954901690268,0.0034642098330209723,"[-1.0, -0.3765166699886322]",-2.434238106972651e-05,True
64,1779,77.46888732910156,-7.190680980682373,-1.4195602021792588,0.003467538440943028,"[-1.0, -0.37651899456977844]",5.6995504108616205e-05,True
64,1780,77.46890258789062,-7.190614223480225,-1.41954901690268,0.0034642553358181015,"[-1.0, -0.376516729593277]",-2.4342177831253597e-05,True
64,1781,77.46888732910156,-7.190683364868164,-1.4195602021792588,0.0034675224132074156,"[-1.0, -0.37651902437210083]",5.6995433522130973e-05,True
64,1782,77.46890258789062,-7.190616607666016,-1.41954901690268,0.003464235362090228,"[-1.0, -0.376516729593277]",-2.434226922293234e-05,True
64,1783,77.46888732910156,-7.190685749053955,-1.4195602021792588,0.003467540097297872,"[-1.0, -0.37651899456977844]",5.699551463886305e-05,True
64,1784,77.46890258789062,-7.190618991851807,-1.41954901690268,0.003464242123384386,"[-1.0, -0.3765166997909546]",-2.4342240307011945e-05,True
64,1785,77.46888732910156,-7.190688133239746,-1.4195602021792588,0.0034675169604236403,"[-1.0, -0.3765190541744232]",5.699541206480675e-05,True
64,1786,77.46890258789062,-7.190621376037598,-1.41954901690268,0.0034642692223178684,"[-1.0, -0.3765166997909546]",-2.4342119871714587e-05,True
64,1787,77.46888732910156,-7.190690517425537,-1.4195602021792588,0.003467497004375088,"[-1.0, -0.3765190541744232]",5.699532379025514e-05,True
64,1788,77.46890258789062,-7.190623760223389,-1.41954901690268,0.003464286323537425,"[-1.0, -0.376516729593277]",-2.4342044426129898e-05,True
64,1789,77.46888732910156,-7.190692901611328,-1.4195602021792588,0.003467498711377722,"[-1.0, -0.3765190839767456]",5.6995333010092015e-05,True
64,1790,77.46890258789062,-7.19062614440918,-1.41954901690268,0.003464259802875034,"[-1.0, -0.376516729593277]",-2.434216528256668e-05,True
64,1791,77.46888732910156,-7.190695285797119,-1.4195602021792588,0.0034675102676697384,"[-1.0, -0.3765190839767456]",5.699538655528383e-05,True
64,1792,77.46890258789062,-7.190628528594971,-1.41954901690268,0.0034642788485199504,"[-1.0, -0.37651678919792175]",-2.4342081083515158e-05,True
64,1793,77.46888732910156,-7.19069766998291,-1.4195602021792588,0.003467485383843804,"[-1.0, -0.376519113779068]",5.6995276112839426e-05,True
64,1794,77.46890258789062,-7.190630912780762,-1.41954901690268,0.003464299865164378,"[-1.0, -0.37651678919792175]",-2.43419880327294e-05,True
64,1795,77.46888732910156,-7.190700054168701,-1.4195602021792588,0.00346747549683966,"[-1.0, -0.376519113779068]",5.699523316319852e-05,True
64,1796,77.46890258789062,-7.190633296966553,-1.41954901690268,0.0034642919982380057,"[-1.0, -0.37651684880256653]",-2.434202494380139e-05,True
64,1797,77.46888732910156,-7.190702438354492,-1.4195602021792588,0.003467506868930195,"[-1.0, -0.3765191435813904]",5.6995375879483665e-05,True
64,1798,77.46890258789062,-7.190635681152344,-1.41954901690268,0.003464271840519572,"[-1.0, -0.3765168786048889]",-2.434211716699037e-05,True
64,1799,77.46888732910156,-7.190704822540283,-1.4195602021792588,0.003467506965809239,"[-1.0, -0.3765191435813904]",5.6995377857317096e-05,True
64,1800,77.46890258789062,-7.190638065338135,-1.41954901690268,0.0034642819900200946,"[-1.0, -0.3765168786048889]",-2.4342073018352187e-05,True
64,1801,77.46888732910156,-7.190707206726074,-1.4195602021792588,0.003467478296413637,"[-1.0, -0.3765191435813904]",5.699525038336192e-05,True
64,1802,77.46890258789062,-7.190640449523926,-1.41954901690268,0.003464311860000021,"[-1.0, -0.37651684880256653]",-2.4341940113345833e-05,True
64,1803,77.46888732910156,-7.190709590911865,-1.4195602021792588,0.003467480104859642,"[-1.0, -0.37651917338371277]",5.699526006324667e-05,True
64,1804,77.46890258789062,-7.190642833709717,-1.41954901690268,0.003464288212610858,"[-1.0, -0.3765168786048889]",-2.4342048036500377e-05,True
64,1805,77.46888732910156,-7.190711975097656,-1.4195602021792588,0.0034674864416851373,"[-1.0, -0.37651920318603516]",5.699529011728643e-05,True
64,1806,77.46890258789062,-7.190645217895508,-1.41954901690268,0.0034642720091649904,"[-1.0, -0.3765168786048889]",-2.4342122461910097e-05,True
64,1807,77.46888732910156,-7.190714359283447,-1.4195602021792588,0.003467492099979725,"[-1.0, -0.37651923298835754]",5.6995317107278945e-05,True
64,1808,77.46890258789062,-7.190647602081299,-1.41954901690268,0.003464276339950392,"[-1.0, -0.3765169084072113]",-2.4342104483279103e-05,True
64,1809,77.46888732910156,-7.190716743469238,-1.4195602021792588,0.0034674976369397092,"[-1.0, -0.37651926279067993]",5.69953435619239e-05,True
64,1810,77.46890258789062,-7.19064998626709,-1.41954901690268,0.0034642768961698316,"[-1.0, -0.3765169084072113]",-2.4342103490194938e-05,True
64,1811,77.46888732910156,-7.190719127655029,-1.4195602021792588,0.003467504993846807,"[-1.0, -0.37651926279067993]",5.699537820633087e-05,True
64,1812,77.46890258789062,-7.190652370452881,-1.41954901690268,0.0034642748649605596,"[-1.0, -0.3765169680118561]",-2.4342114140539978e-05,True
64,1813,77.46888732910156,-7.19072151184082,-1.4195602021792588,0.0034675021714953543,"[-1.0, -0.37651926279067993]",5.6995367047627066e-05,True
64,1814,77.46890258789062,-7.190654754638672,-1.41954901690268,0.0034642718123631864,"[-1.0, -0.3765169680118561]",-2.4342129401342325e-05,True
64,1815,77.46888732910156,-7.190723896026611,-1.4195602021792588,0.003467523045863935,"[-1.0, -0.3765193223953247]",5.69954625206107e-05,True
64,1816,77.46890258789062,-7.190657138824463,-1.41954901690268,0.003464267192102735,"[-1.0, -0.3765169680118561]",-2.434215170241767e-05,True
64,1817,77.46888732910156,-7.190726280212402,-1.4195602021792588,0.003467503355852232,"[-1.0, -0.3765193521976471]",5.699537545743578e-05,True
64,1818,77.46890258789062,-7.190659523010254,-1.41954901690268,0.0034642651492688224,"[-1.0, -0.3765169680118561]",-2.434216240507359e-05,True
64,1819,77.46888732910156,-7.190728664398193,-1.4195602021792588,0.003467500837570369,"[-1.0, -0.3765193521976471]",5.699536566349241e-05,True
64,1820,77.46890258789062,-7.190661907196045,-1.41954901690268,0.003464277480706281,"[-1.0, -0.37651699781417847]",-2.434210843771919e-05,True
64,1821,77.46888732910156,-7.190731048583984,-1.4195602021792588,0.0034675016024916954,"[-1.0, -0.3765193819999695]",5.6995370647516116e-05,True
64,1822,77.46890258789062,-7.190664291381836,-1.41954901690268,0.0034642757608092786,"[-1.0, -0.37651699781417847]",-2.4342117687159017e-05,True
64,1823,77.46888732910156,-7.190733432769775,-1.4195602021792588,0.0034675064926809685,"[-1.0, -0.3765193819999695]",5.699539419169287e-05,True
64,1824,77.46890258789062,-7.190666675567627,-1.41954901690268,0.0034642660895161134,"[-1.0, -0.37651702761650085]",-2.4342162717881573e-05,True
64,1825,77.46888732910156,-7.190735816955566,-1.4195602021792588,0.0034675248805182673,"[-1.0, -0.3765193819999695]",5.699547847528574e-05,True
64,1826,77.46890258789062,-7.190669059753418,-1.41954901690268,0.003464238539693301,"[-1.0, -0.37651705741882324]",-2.4342288201987542e-05,True
64,1827,77.46888732910156,-7.190738201141357,-1.4195602021792588,0.0034675272653032106,"[-1.0, -0.3765193819999695]",5.699549073448486e-05,True
64,1828,77.46890258789062,-7.190671443939209,-1.41954901690268,0.0034642373991072427,"[-1.0, -0.37651708722114563]",-2.4342294844528118e-05,True
64,1829,77.46888732910156,-7.190740585327148,-1.4195602021792588,0.00346754025711556,"[-1.0, -0.3765193819999695]",5.6995550735965464e-05,True
64,1830,77.46890258789062,-7.190673828125,-1.41954901690268,0.00346424442263233,"[-1.0, -0.37651708722114563]",-2.434226474856854e-05,True
64,1831,77.46888732910156,-7.1907429695129395,-1.4195602021792588,0.003467520627931242,"[-1.0, -0.37651941180229187]",5.699546394651377e-05,True
64,1832,77.46890258789062,-7.190676212310791,-1.41954901690268,0.0034642482963450592,"[-1.0, -0.37651708722114563]",-2.4342248840975425e-05,True
64,1833,77.46888732910156,-7.1907453536987305,-1.4195602021792588,0.003467525486058126,"[-1.0, -0.37651944160461426]",5.699548736062062e-05,True
64,1834,77.46890258789062,-7.190678596496582,-1.41954901690268,0.0034642654392123616,"[-1.0, -0.3765171468257904]",-2.434217320797588e-05,True
64,1835,77.46888732910156,-7.1907477378845215,-1.4195602021792588,0.0034675022627428213,"[-1.0, -0.37651947140693665]",5.699538438336863e-05,True
64,1836,77.46890258789062,-7.190680980682373,-1.41954901690268,0.003464286904240675,"[-1.0, -0.37651708722114563]",-2.4342078128804497e-05,True
64,1837,77.46888732910156,-7.1907501220703125,-1.4195602021792588,0.0034674958360965333,"[-1.0, -0.37651947140693665]",5.699535700533807e-05,True
64,1838,77.46890258789062,-7.190683364868164,-1.41954901690268,0.0034642752392667797,"[-1.0, -0.37651708722114563]",-2.434213213109034e-05,True
64,1839,77.46888732910156,-7.1907525062561035,-1.4195602021792588,0.0034675168069034984,"[-1.0, -0.37651944160461426]",5.6995452898083584e-05,True
64,1840,77.46890258789062,-7.190685749053955,-1.41954901690268,0.003464236755098105,"[-1.0, -0.3765171468257904]",-2.4342306816199974e-05,True
64,1841,77.46888732910156,-7.1907548904418945,-1.4195602021792588,0.0034675359168004167,"[-1.0, -0.37651950120925903]",5.699554044515559e-05,True
64,1842,77.46890258789062,-7.190688133239746,-1.41954901690268,0.0034642384285883693,"[-1.0, -0.3765171468257904]",-2.434230080960795e-05,True
64,1843,77.46888732910156,-7.1907572746276855,-1.4195602021792588,0.0034675324122839467,"[-1.0, -0.37651950120925903]",5.699552621670922e-05,True
64,1844,77.46890258789062,-7.190690517425537,-1.41954901690268,0.00346423740967556,"[-1.0, -0.3765171766281128]",-2.4342306908171618e-05,True
64,1845,77.46888732910156,-7.190759658813477,-1.4195602021792588,0.003467543127427295,"[-1.0, -0.3765195310115814]",5.6995575958968445e-05,True
64,1846,77.46890258789062,-7.190692901611328,-1.41954901690268,0.003464234489720781,"[-1.0, -0.3765172064304352]",-2.434232154366059e-05,True
64,1847,77.46888732910156,-7.190762042999268,-1.4195602021792588,0.0034675430516033245,"[-1.0, -0.3765195310115814]",5.6995577159638325e-05,True
64,1848,77.46890258789062,-7.190695285797119,-1.41954901690268,0.003464239623561619,"[-1.0, -0.3765172064304352]",-2.4342299965490986e-05,True
64,1849,77.46888732910156,-7.190764427185059,-1.4195602021792588,0.0034675415690109622,"[-1.0, -0.3765195906162262]",5.699557202985043e-05,True
64,1850,77.46890258789062,-7.19069766998291,-1.41954901690268,0.0034642515899667024,"[-1.0, -0.3765172064304352]",-2.434224762657142e-05,True
64,1851,77.46888732910156,-7.19076681137085,-1.4195602021792588,0.003467524061031359,"[-1.0, -0.3765195906162262]",5.699549478226723e-05,True
64,1852,77.46890258789062,-7.190700054168701,-1.41954901690268,0.0034642475600983745,"[-1.0, -0.37651726603507996]",-2.4342267285093064e-05,True
64,1853,77.46888732910156,-7.190769195556641,-1.4195602021792588,0.00346752952243781,"[-1.0, -0.3765195906162262]",5.699552089692129e-05,True
64,1854,77.46890258789062,-7.190702438354492,-1.41954901690268,0.003464252501626827,"[-1.0, -0.37651726603507996]",-2.434224654390749e-05,True
64,1855,77.46888732910156,-7.190771579742432,-1.4195602021792588,0.0034675164523113905,"[-1.0, -0.3765196204185486]",5.699546362323013e-05,True
64,1856,77.46890258789062,-7.190704822540283,-1.41954901690268,0.003464243833550372,"[-1.0, -0.37651729583740234]",-2.43422870743657e-05,True
64,1857,77.46888732910156,-7.190773963928223,-1.4195602021792588,0.0034675392348782496,"[-1.0, -0.37651965022087097]",5.699556766889517e-05,True
64,1858,77.46890258789062,-7.190707206726074,-1.41954901690268,0.003464237789289243,"[-1.0, -0.37651729583740234]",-2.4342315783444097e-05,True
64,1859,77.46888732910156,-7.190776348114014,-1.4195602021792588,0.0034675280749171767,"[-1.0, -0.37651965022087097]",5.699551900515894e-05,True
64,1860,77.46890258789062,-7.190709590911865,-1.41954901690268,0.003464253111217052,"[-1.0, -0.37651729583740234]",-2.434224834467227e-05,True
64,1861,77.46888732910156,-7.190778732299805,-1.4195602021792588,0.0034675331694878748,"[-1.0, -0.37651965022087097]",5.699554345484125e-05,True
64,1862,77.46890258789062,-7.190711975097656,-1.41954901690268,0.003464247655394241,"[-1.0, -0.3765173554420471]",-2.4342274405778233e-05,True
64,1863,77.46888732910156,-7.190781116485596,-1.4195602021792588,0.003467530781826778,"[-1.0, -0.37651970982551575]",5.6995534248691326e-05,True
64,1864,77.46890258789062,-7.190714359283447,-1.41954901690268,0.003464236991368225,"[-1.0, -0.3765173554420471]",-2.434232390379862e-05,True
64,1865,77.46888732910156,-7.190783500671387,-1.4195602021792588,0.0034675371614498827,"[-1.0, -0.37651970982551575]",5.699556449887304e-05,True
64,1866,77.46890258789062,-7.190716743469238,-1.41954901690268,0.0034642336018696164,"[-1.0, -0.3765173554420471]",-2.4342340680656525e-05,True
64,1867,77.46888732910156,-7.190785884857178,-1.4195602021792588,0.0034675470993620065,"[-1.0, -0.37651970982551575]",5.699561077556618e-05,True
64,1868,77.46890258789062,-7.190719127655029,-1.41954901690268,0.0034642382515604605,"[-1.0, -0.3765173554420471]",-2.4342321270503753e-05,True
64,1869,77.46888732910156,-7.190788269042969,-1.4195602021792588,0.0034675487876122076,"[-1.0, -0.37651970982551575]",5.699561990035897e-05,True
64,1870,77.46890258789062,-7.19072151184082,-1.41954901690268,0.003464238207058772,"[-1.0, -0.3765173554420471]",-2.4342322980664666e-05,True
64,1871,77.46888732910156,-7.19079065322876,-1.4195602021792588,0.003467549435963014,"[-1.0, -0.37651970982551575]",5.6995624342051765e-05,True
64,1872,77.46890258789062,-7.190723896026611,-1.41954901690268,0.003464233549200052,"[-1.0, -0.3765174150466919]",-2.434234545093222e-05,True
64,1873,77.46888732910156,-7.190793037414551,-1.4195602021792588,0.003467541582489193,"[-1.0, -0.3765197694301605]",5.6995590553955454e-05,True
64,1874,77.46890258789062,-7.190726280212402,-1.41954901690268,0.003464239860294302,"[-1.0, -0.3765174448490143]",-2.434231857156955e-05,True
64,1875,77.46888732910156,-7.190795421600342,-1.4195602021792588,0.003467538558827133,"[-1.0, -0.3765197992324829]",5.6995578485801205e-05,True
64,1876,77.46890258789062,-7.190728664398193,-1.41954901690268,0.003464240741938514,"[-1.0, -0.3765174448490143]",-2.4342316099863053e-05,True
64,1877,77.46888732910156,-7.190797805786133,-1.4195602021792588,0.0034675472218320996,"[-1.0, -0.3765197992324829]",5.6995618996990443e-05,True
64,1878,77.46890258789062,-7.190731048583984,-1.41954901690268,0.003464241463186775,"[-1.0, -0.37651747465133667]",-2.4342314381912764e-05,True
64,1879,77.46888732910156,-7.190800189971924,-1.4195602021792588,0.0034675245393704477,"[-1.0, -0.3765197992324829]",5.6995518482001594e-05,True
64,1880,77.46890258789062,-7.190733432769775,-1.41954901690268,0.003464258175216075,"[-1.0, -0.37651747465133667]",-2.4342240687684225e-05,True
64,1881,77.46888732910156,-7.190802574157715,-1.4195602021792588,0.003467503540473477,"[-1.0, -0.3765198290348053]",5.6995425511079394e-05,True
64,1882,77.46890258789062,-7.190735816955566,-1.41954901690268,0.003464280309191909,"[-1.0, -0.37651753425598145]",-2.4342142594696286e-05,True
64,1883,77.46888732910156,-7.190804958343506,-1.4195602021792588,0.0034675085143519996,"[-1.0, -0.3765198588371277]",5.6995449435410484e-05,True
64,1884,77.46890258789062,-7.190738201141357,-1.41954901690268,0.003464250268552698,"[-1.0, -0.37651756405830383]",-2.434227928747605e-05,True
64,1885,77.46888732910156,-7.190807342529297,-1.4195602021792588,0.0034675345279515765,"[-1.0, -0.3765198886394501]",5.69955680349336e-05,True
64,1886,77.46890258789062,-7.190740585327148,-1.41954901690268,0.003464226965314932,"[-1.0, -0.37651753425598145]",-2.4342385676160162e-05,True
64,1887,77.46888732910156,-7.190809726715088,-1.4195602021792588,0.0034675367178791552,"[-1.0, -0.3765198886394501]",5.699557942793273e-05,True
64,1888,77.46890258789062,-7.1907429695129395,-1.41954901690268,0.0034642481800327674,"[-1.0, -0.37651756405830383]",-2.4342291716280504e-05,True
64,1889,77.46888732910156,-7.190812110900879,-1.4195602021792588,0.0034675409779677314,"[-1.0, -0.3765198886394501]",5.6995600136656345e-05,True
64,1890,77.46890258789062,-7.1907453536987305,-1.41954901690268,0.0034642462155464356,"[-1.0, -0.3765175938606262]",-2.434230206637231e-05,True
64,1891,77.46888732910156,-7.19081449508667,-1.4195602021792588,0.003467538920277209,"[-1.0, -0.3765198886394501]",5.699559241892673e-05,True
64,1892,77.46890258789062,-7.1907477378845215,-1.41954901690268,0.003464239050815392,"[-1.0, -0.3765176236629486]",-2.4342335821118033e-05,True
64,1893,77.46888732910156,-7.190816879272461,-1.4195602021792588,0.003467544952124451,"[-1.0, -0.3765198886394501]",5.699562110411705e-05,True
64,1894,77.46890258789062,-7.1907501220703125,-1.41954901690268,0.0034642321519293474,"[-1.0, -0.3765176236629486]",-2.4342368390219404e-05,True
64,1895,77.46888732910156,-7.190819263458252,-1.4195602021792588,0.003467552044555868,"[-1.0, -0.37651994824409485]",5.699565455838345e-05,True
64,1896,77.46890258789062,-7.1907525062561035,-1.41954901690268,0.0034642379396154083,"[-1.0, -0.3765176236629486]",-2.4342343855535444e-05,True
64,1897,77.46888732910156,-7.190821647644043,-1.4195602021792588,0.0034675433323221017,"[-1.0, -0.37651994824409485]",5.6995616895209244e-05,True
64,1898,77.46890258789062,-7.1907548904418945,-1.41954901690268,0.00346423045290598,"[-1.0, -0.376517653465271]",-2.4342379055631184e-05,True
64,1899,77.46888732910156,-7.190824031829834,-1.4195602021792588,0.0034675451307550884,"[-1.0, -0.37651994824409485]",5.699562651227185e-05,True
64,1900,77.46890258789062,-7.1907572746276855,-1.41954901690268,0.0034642359555879746,"[-1.0, -0.376517653465271]",-2.434235580346552e-05,True
64,1901,77.46888732910156,-7.190826416015625,-1.4195602021792588,0.0034675515292259275,"[-1.0, -0.37651997804641724]",5.699565686147922e-05,True
64,1902,77.46890258789062,-7.190759658813477,-1.41954901690268,0.003464222414724254,"[-1.0, -0.376517653465271]",-2.4342418265019145e-05,True
64,1903,77.46888732910156,-7.190828800201416,-1.4195602021792588,0.0034675597353841414,"[-1.0, -0.3765200078487396]",5.699569533106892e-05,True
64,1904,77.46890258789062,-7.190762042999268,-1.41954901690268,0.0034642131281774355,"[-1.0, -0.3765176832675934]",-2.4342461564383145e-05,True
64,1905,77.46888732910156,-7.190831184387207,-1.4195602021792588,0.003467551691294113,"[-1.0, -0.3765200078487396]",5.699566065677796e-05,True
64,1906,77.46890258789062,-7.190764427185059,-1.41954901690268,0.003464220518583668,"[-1.0, -0.3765176832675934]",-2.4342429799694843e-05,True
64,1907,77.46888732910156,-7.190833568572998,-1.4195602021792588,0.0034675451289664524,"[-1.0, -0.3765200078487396]",5.699563266462851e-05,True
64,1908,77.46890258789062,-7.19076681137085,-1.41954901690268,0.0034642391153444107,"[-1.0, -0.37651774287223816]",-2.4342347638385667e-05,True
64,1909,77.46888732910156,-7.190835952758789,-1.4195602021792588,0.0034675407708255413,"[-1.0, -0.3765200674533844]",5.699561459131943e-05,True
64,1910,77.46890258789062,-7.190769195556641,-1.41954901690268,0.003464251518518797,"[-1.0, -0.37651774287223816]",-2.4342293334004244e-05,True
64,1911,77.46888732910156,-7.19083833694458,-1.4195602021792588,0.0034675011649026163,"[-1.0, -0.3765200972557068]",5.6995437906544006e-05,True
64,1912,77.46890258789062,-7.190771579742432,-1.41954901690268,0.0034642829214789283,"[-1.0, -0.37651774287223816]",-2.4342153548350533e-05,True
64,1913,77.46888732910156,-7.190840721130371,-1.4195602021792588,0.0034675061876174727,"[-1.0, -0.3765200972557068]",5.69954620506386e-05,True
64,1914,77.46890258789062,-7.190773963928223,-1.41954901690268,0.00346426250453581,"[-1.0, -0.37651774287223816]",-2.4342246916734314e-05,True
64,1915,77.46888732910156,-7.190843105316162,-1.4195602021792588,0.003467520051032921,"[-1.0, -0.3765200972557068]",5.699552596012228e-05,True
64,1916,77.46890258789062,-7.190776348114014,-1.41954901690268,0.003464255190660806,"[-1.0, -0.37651780247688293]",-2.4342281342627857e-05,True
64,1917,77.46888732910156,-7.190845489501953,-1.4195602021792588,0.0034675177592565615,"[-1.0, -0.3765200972557068]",5.69955171890064e-05,True
64,1918,77.46890258789062,-7.190778732299805,-1.41954901690268,0.00346425342637993,"[-1.0, -0.37651780247688293]",-2.4342290806005966e-05,True
64,1919,77.46888732910156,-7.190847873687744,-1.4195602021792588,0.003467513985639035,"[-1.0, -0.3765200972557068]",5.699550176026341e-05,True
64,1920,77.46890258789062,-7.190781116485596,-1.41954901690268,0.003464257187201219,"[-1.0, -0.37651780247688293]",-2.4342275388660764e-05,True
64,1921,77.46888732910156,-7.190850257873535,-1.4195602021792588,0.003467514336312704,"[-1.0, -0.3765201270580292]",5.6995504862409087e-05,True
64,1922,77.46890258789062,-7.190783500671387,-1.41954901690268,0.003464267121384659,"[-1.0, -0.37651780247688293]",-2.434223219829131e-05,True
64,1923,77.46888732910156,-7.190852642059326,-1.4195602021792588,0.0034675242094374683,"[-1.0, -0.37652015686035156]",5.699555083334826e-05,True
64,1924,77.46890258789062,-7.190785884857178,-1.41954901690268,0.0034642427336805384,"[-1.0, -0.37651780247688293]",-2.4342343449310453e-05,True
64,1925,77.46888732910156,-7.190855026245117,-1.4195602021792588,0.003467518013138892,"[-1.0, -0.37652018666267395]",5.69955244883297e-05,True
64,1926,77.46890258789062,-7.190788269042969,-1.41954901690268,0.0034642639053212485,"[-1.0, -0.3765178620815277]",-2.434224970459414e-05,True
64,1927,77.46888732910156,-7.190857410430908,-1.4195602021792588,0.003467517147845825,"[-1.0, -0.37652018666267395]",5.699552213638863e-05,True
64,1928,77.46890258789062,-7.19079065322876,-1.41954901690268,0.0034642633391391694,"[-1.0, -0.3765179216861725]",-2.4342253748105957e-05,True
64,1929,77.46888732910156,-7.190859794616699,-1.4195602021792588,0.0034675270610549295,"[-1.0, -0.37652018666267395]",5.699556826994377e-05,True
64,1930,77.46890258789062,-7.190793037414551,-1.41954901690268,0.0034642402442729495,"[-1.0, -0.3765179216861725]",-2.4342359199118117e-05,True
64,1931,77.46888732910156,-7.19086217880249,-1.4195602021792588,0.0034675439323158448,"[-1.0, -0.37652021646499634]",5.699564574670648e-05,True
64,1932,77.46890258789062,-7.190795421600342,-1.41954901690268,0.003464224191778087,"[-1.0, -0.3765179216861725]",-2.4342432945248308e-05,True
64,1933,77.46888732910156,-7.190864562988281,-1.4195602021792588,0.0034675606331926938,"[-1.0, -0.3765202462673187]",5.699572242476647e-05,True
64,1934,77.46890258789062,-7.190797805786133,-1.41954901690268,0.0034642096248221985,"[-1.0, -0.37651798129081726]",-2.4342500002900406e-05,True
64,1935,77.46888732910156,-7.190866947174072,-1.4195602021792588,0.0034675602641381195,"[-1.0, -0.3765202462673187]",5.6995722316556765e-05,True
64,1936,77.46890258789062,-7.190800189971924,-1.41954901690268,0.0034642122464258805,"[-1.0, -0.37651798129081726]",-2.4342489729798006e-05,True
64,1937,77.46888732910156,-7.190869331359863,-1.4195602021792588,0.0034675660668571765,"[-1.0, -0.3765202462673187]",5.6995749952906687e-05,True
64,1938,77.46890258789062,-7.190802574157715,-1.41954901690268,0.00346420288664582,"[-1.0, -0.37651798129081726]",-2.4342533344500734e-05,True
64,1939,77.46888732910156,-7.190871715545654,-1.4195602021792588,0.003467561531402887,"[-1.0, -0.3765203058719635]",5.699573108524012e-05,True
64,1940,77.46890258789062,-7.190804958343506,-1.41954901690268,0.0034642171125610867,"[-1.0, -0.37651798129081726]",-2.434247085554892e-05,True
64,1941,77.46888732910156,-7.190874099731445,-1.4195602021792588,0.003467563887883474,"[-1.0, -0.3765203356742859]",5.6995743231280494e-05,True
64,1942,77.46890258789062,-7.190807342529297,-1.41954901690268,0.0034642100002096592,"[-1.0, -0.37651798129081726]",-2.43425043568228e-05,True
64,1943,77.46888732910156,-7.190876483917236,-1.4195602021792588,0.003467571318897269,"[-1.0, -0.3765203356742859]",5.6995778198509456e-05,True
64,1944,77.46890258789062,-7.190809726715088,-1.41954901690268,0.0034642038516407825,"[-1.0, -0.37651801109313965]",-2.4342533549496913e-05,True
64,1945,77.46888732910156,-7.190878868103027,-1.4195602021792588,0.0034675625161760754,"[-1.0, -0.3765203654766083]",5.699574013879996e-05,True
64,1946,77.46890258789062,-7.190812110900879,-1.41954901690268,0.0034642143453815664,"[-1.0, -0.37651804089546204]",-2.43424878375667e-05,True
64,1947,77.46888732910156,-7.190881252288818,-1.4195602021792588,0.003467568415243434,"[-1.0, -0.3765203654766083]",5.6995768208717246e-05,True
64,1948,77.46890258789062,-7.19081449508667,-1.41954901690268,0.0034642131955101075,"[-1.0, -0.37651804089546204]",-2.4342494521891578e-05,True
64,1949,77.46888732910156,-7.190883636474609,-1.4195602021792588,0.0034675607468721047,"[-1.0, -0.3765203654766083]",5.6995735242924004e-05,True
64,1950,77.46890258789062,-7.190816879272461,-1.41954901690268,0.0034642073991172427,"[-1.0, -0.3765180706977844]",-2.4342522115562785e-05,True
64,1951,77.46888732910156,-7.1908860206604,-1.4195602021792588,0.0034675686256163867,"[-1.0, -0.3765203654766083]",5.6995772235598295e-05,True
64,1952,77.46890258789062,-7.190819263458252,-1.41954901690268,0.0034642160293469064,"[-1.0, -0.3765180706977844]",-2.4342484803643463e-05,True
64,1953,77.46888732910156,-7.190888404846191,-1.4195602021792588,0.003467553650264111,"[-1.0, -0.37652042508125305]",5.699570640260164e-05,True
64,1954,77.46890258789062,-7.190821647644043,-1.41954901690268,0.003464239745691547,"[-1.0, -0.3765181005001068]",-2.4342379589995895e-05,True
64,1955,77.46888732910156,-7.190890789031982,-1.4195602021792588,0.003467542849717625,"[-1.0, -0.37652045488357544]",5.699565932425663e-05,True
64,1956,77.46890258789062,-7.190824031829834,-1.41954901690268,0.0034642299035458233,"[-1.0, -0.3765181303024292]",-2.434242539310768e-05,True
64,1957,77.46888732910156,-7.190893173217773,-1.4195602021792588,0.003467558803946935,"[-1.0, -0.37652045488357544]",5.699573266016625e-05,True
64,1958,77.46890258789062,-7.190826416015625,-1.41954901690268,0.0034642238850755153,"[-1.0, -0.3765181303024292]",-2.434245399678552e-05,True
64,1959,77.46888732910156,-7.1908955574035645,-1.4195602021792588,0.003467542570149543,"[-1.0, -0.37652045488357544]",5.699566114640301e-05,True
64,1960,77.46890258789062,-7.190828800201416,-1.41954901690268,0.00346422198764946,"[-1.0, -0.3765181303024292]",-2.434246403089523e-05,True
64,1961,77.46888732910156,-7.1908979415893555,-1.4195602021792588,0.0034675494041737603,"[-1.0, -0.3765204846858978]",5.699569343783701e-05,True
64,1962,77.46890258789062,-7.190831184387207,-1.41954901690268,0.0034642226046152514,"[-1.0, -0.3765181601047516]",-2.4342462778663337e-05,True
64,1963,77.46888732910156,-7.1909003257751465,-1.4195602021792588,0.0034675592956348155,"[-1.0, -0.3765204846858978]",5.69957394912895e-05,True
64,1964,77.46890258789062,-7.190833568572998,-1.41954901690268,0.0034642215214378425,"[-1.0, -0.3765181601047516]",-2.434246916286499e-05,True
64,1965,77.46888732910156,-7.1909027099609375,-1.4195602021792588,0.003467554039132939,"[-1.0, -0.3765205144882202]",5.699571736114522e-05,True
64,1966,77.46890258789062,-7.190835952758789,-1.41954901690268,0.0034642220283038648,"[-1.0, -0.37651821970939636]",-2.4342468391871203e-05,True
64,1967,77.46888732910156,-7.1909050941467285,-1.4195602021792588,0.0034675688229208078,"[-1.0, -0.3765205442905426]",5.699578544427923e-05,True
64,1968,77.46890258789062,-7.19083833694458,-1.41954901690268,0.0034642189518068415,"[-1.0, -0.37651821970939636]",-2.4342483763774687e-05,True
64,1969,77.46888732910156,-7.1909074783325195,-1.4195602021792588,0.0034675542760711484,"[-1.0, -0.376520574092865]",5.699572152533349e-05,True
64,1970,77.46890258789062,-7.190840721130371,-1.41954901690268,0.0034642226011775646,"[-1.0, -0.37651821970939636]",-2.434246885150975e-05,True
64,1971,77.46888732910156,-7.1909098625183105,-1.4195602021792588,0.003467548401657965,"[-1.0, -0.376520574092865]",5.699569661458834e-05,True
64,1972,77.46890258789062,-7.190843105316162,-1.41954901690268,0.0034642200186895122,"[-1.0, -0.37651824951171875]",-2.4342481964845727e-05,True
64,1973,77.46888732910156,-7.190912246704102,-1.4195602021792588,0.003467564332535221,"[-1.0, -0.376520574092865]",5.6995769841861014e-05,True
64,1974,77.46890258789062,-7.190845489501953,-1.41954901690268,0.0034642146557715098,"[-1.0, -0.37651824951171875]",-2.4342507625643623e-05,True
64,1975,77.46888732910156,-7.190914630889893,-1.4195602021792588,0.0034675642524976766,"[-1.0, -0.3765205442905426]",5.699577102712251e-05,True
64,1976,77.46890258789062,-7.190847873687744,-1.41954901690268,0.003464209066095122,"[-1.0, -0.37651827931404114]",-2.434253428909068e-05,True
64,1977,77.46888732910156,-7.190917015075684,-1.4195602021792588,0.0034675578674866862,"[-1.0, -0.3765206038951874]",5.699574382934536e-05,True
64,1978,77.46890258789062,-7.190850257873535,-1.41954901690268,0.0034642126651236653,"[-1.0, -0.37651827931404114]",-2.4342519599812837e-05,True
64,1979,77.46888732910156,-7.190919399261475,-1.4195602021792588,0.0034675756735479124,"[-1.0, -0.3765206038951874]",5.699582549849862e-05,True
64,1980,77.46890258789062,-7.190852642059326,-1.41954901690268,0.0034641946186772204,"[-1.0, -0.37651827931404114]",-2.434260233648872e-05,True
64,1981,77.46888732910156,-7.190921783447266,-1.4195602021792588,0.0034675827638435013,"[-1.0, -0.37652063369750977]",5.699585894315379e-05,True
64,1982,77.46890258789062,-7.190855026245117,-1.41954901690268,0.0034641992869245204,"[-1.0, -0.3765183091163635]",-2.434258283927918e-05,True
64,1983,77.46888732910156,-7.190924167633057,-1.4195602021792588,0.003467583949322611,"[-1.0, -0.37652063369750977]",5.6995865819687524e-05,True
64,1984,77.46890258789062,-7.190857410430908,-1.41954901690268,0.0034641892983494973,"[-1.0, -0.3765183091163635]",-2.4342629297770098e-05,True
64,1985,77.46888732910156,-7.190926551818848,-1.4195602021792588,0.003467589897542999,"[-1.0, -0.37652066349983215]",5.699589411079344e-05,True
64,1986,77.46890258789062,-7.190859794616699,-1.41954901690268,0.0034641886214888604,"[-1.0, -0.3765183091163635]",-2.4342633839335423e-05,True
64,1987,77.46888732910156,-7.190928936004639,-1.4195602021792588,0.003467597178128249,"[-1.0, -0.37652066349983215]",5.69959284153048e-05,True
64,1988,77.46890258789062,-7.19086217880249,-1.41954901690268,0.0034641714773432754,"[-1.0, -0.3765183389186859]",-2.4342712512104725e-05,True
64,1989,77.46888732910156,-7.19093132019043,-1.4195602021792588,0.0034676046059087134,"[-1.0, -0.37652069330215454]",5.699596338219462e-05,True
64,1990,77.46890258789062,-7.190864562988281,-1.41954901690268,0.003464166647696573,"[-1.0, -0.3765183687210083]",-2.4342735758970915e-05,True
64,1991,77.46888732910156,-7.190933704376221,-1.4195602021792588,0.0034676162648499104,"[-1.0, -0.37652069330215454]",5.6996017385755034e-05,True
64,1992,77.46890258789062,-7.190866947174072,-1.41954901690268,0.0034641595668534874,"[-1.0, -0.3765183985233307]",-2.4342769143326254e-05,True
64,1993,77.46888732910156,-7.190936088562012,-1.4195602021792588,0.0034676168446458903,"[-1.0, -0.37652072310447693]",5.699602153316197e-05,True
64,1994,77.46890258789062,-7.190869331359863,-1.41954901690268,0.0034641541796865227,"[-1.0, -0.3765183985233307]",-2.4342794895480908e-05,True
64,1995,77.46888732910156,-7.190938472747803,-1.4195602021792588,0.0034676269840693977,"[-1.0, -0.3765207529067993]",5.699606870244549e-05,True
64,1996,77.46890258789062,-7.190871715545654,-1.41954901690268,0.00346414302106146,"[-1.0, -0.3765183985233307]",-2.4342846619197e-05,True
64,1997,77.46888732910156,-7.190940856933594,-1.4195602021792588,0.0034676343070170123,"[-1.0, -0.3765207529067993]",5.699610319403477e-05,True
64,1998,77.46890258789062,-7.190874099731445,-1.41954901690268,0.003464146389758949,"[-1.0, -0.37651845812797546]",-2.4342832969961617e-05,True
64,1999,77.46888732910156,-7.190943241119385,-1.4195602021792588,0.0034676218316635225,"[-1.0, -0.3765207827091217]",5.699604859326909e-05,True
64,2000,77.46890258789062,-7.190876483917236,-1.41954901690268,0.0034641606103453424,"[-1.0, -0.37651845812797546]",-2.4342770501437015e-05,True
65,0,6.6421661376953125,3.5037553310394287,0.0020848556593682233,20.7011319893116,"[0.03267344832420349, 1.0]",1.7353212316472146,True
65,1,8.714625358581543,3.511955976486206,0.00445626745202965,20.861115846054613,"[-0.1145719587802887, 1.0]",2.1663342421934764,True
65,2,10.802602767944336,3.459177017211914,-0.02874656028047884,20.995879550046638,"[-0.15286898612976074, 1.0]",2.1824588673380028,True
65,3,12.903688430786133,3.33211612701416,-0.07248565223366832,21.23667753768505,"[-0.03850618004798889, 1.0]",2.1966507117613796,True
65,4,15.023002624511719,3.1615521907806396,-0.09446924808394463,21.40248155128325,"[0.08297210931777954, 1.0]",2.2156253607063605,True
65,5,17.160110473632812,3.002700090408325,-0.07718906103485601,21.552233432359632,"[0.13118618726730347, 1.0]",2.234092899566712,True
65,6,19.31562042236328,2.8952746391296387,-0.042207907484447915,21.699256567923605,"[0.12978100776672363, 1.0]",2.2531566032861248,True
65,7,21.488073348999023,2.8639039993286133,-0.00134929056628863,21.836227656212436,"[0.11387965083122253, 1.0]",2.270715951088698,True
65,8,23.67562484741211,2.9154815673828125,0.041023732905744126,22.04558106113141,"[0.058226048946380615, 1.0]",2.286756613188177,True
65,9,25.880891799926758,3.0290770530700684,0.06915976350632214,22.264628881751374,"[-0.04185420274734497, 1.0]",2.3054577824825295,True
65,10,28.101667404174805,3.1431872844696045,0.057049304765295794,22.193914102719422,"[-0.15917494893074036, 1.0]",2.3206482177102843,True
65,11,30.322967529296875,3.2065861225128174,0.021332852437916827,22.293129706315092,"[-0.18725326657295227, 1.0]",2.321619208800488,True
65,12,32.550289154052734,3.190375566482544,-0.022501846998406627,22.231863303115666,"[-0.12440350651741028, 1.0]",2.32736500961988,True
65,13,34.77113723754883,3.1008007526397705,-0.061138588619112255,22.197788850896757,"[-0.012252090498805046, 1.0]",2.320738133325129,True
65,14,36.991146087646484,2.9764580726623535,-0.07399726246839666,22.376592592099843,"[0.08424633741378784, 1.0]",2.3207035167621055,True
65,15,39.22418212890625,2.8732199668884277,-0.04670771762030057,22.32066665015577,"[0.1093650758266449, 1.0]",2.3334790411854667,True
65,16,41.4547119140625,2.8355419635772705,-0.005330583237902253,22.264922276883215,"[0.10333609580993652, 1.0]",2.3307219354022246,True
65,17,43.67978286743164,2.8800694942474365,0.0393759019812574,22.218477652746586,"[0.057682931423187256, 1.0]",2.3250541028065004,True
65,18,45.903621673583984,2.984506368637085,0.07190561574824805,22.416894052868102,"[-0.03870624303817749, 1.0]",2.32471482939025,True
65,19,48.139747619628906,3.098377227783203,0.06459683645263503,22.34628856764448,"[-0.1579572558403015, 1.0]",2.336684244599322,True
65,20,50.371368408203125,3.172222375869751,0.02773842064982901,22.2626122710303,"[-0.1999797224998474, 1.0]",2.331802543793855,True
65,21,52.59638977050781,3.1688292026519775,-0.01774970234926876,22.201458272871385,"[-0.11849251389503479, 1.0]",2.324927924532609,True
65,22,54.820640563964844,3.0936439037323,-0.057453838934878654,22.41604610194109,"[-0.0007759910076856613, 1.0]",2.325123000915766,True
65,23,57.05742263793945,2.984663963317871,-0.06702004672849782,22.361830833558372,"[0.09390130639076233, 1.0]",2.337410312725622,True
65,24,59.29077911376953,2.898697853088379,-0.03766295676811815,22.305494718617144,"[0.10561755299568176, 1.0]",2.333731202063855,True
65,25,61.520084381103516,2.881727457046509,0.0055641424655021865,22.251546817280232,"[0.08817332983016968, 1.0]",2.3294372280117455,True
65,26,63.744049072265625,2.9353842735290527,0.04470249047752528,22.218006270015806,"[0.0070824939757585526, 1.0]",2.3239457193771806,True
65,27,65.9672622680664,3.019989013671875,0.05553742821445784,22.359223480564903,"[-0.11540672183036804, 1.0]",2.3238297014633233,True
65,28,68.19952392578125,3.0813517570495605,0.02738941338897405,22.26969910004425,"[-0.227977454662323, 1.0]",2.332475303665043,True
65,29,70.42460632324219,3.0769565105438232,-0.013508485155263372,22.179023360866452,"[-0.2152760624885559, 1.0]",2.3248880025848364,True
65,30,72.64410400390625,2.9882988929748535,-0.05919527997168128,22.302006891518026,"[-0.10318300127983093, 1.0]",2.3198567116758935,True
65,31,74.86753845214844,2.8340914249420166,-0.09387283315782113,22.25928069461185,"[0.06864809989929199, 1.0]",2.323601211367941,True
65,32,77.08663177490234,2.6875522136688232,-0.08131389808922584,22.168038088869015,"[0.2149142324924469, 1.0]",2.3188494941538167,True
65,33,79.30372619628906,2.588083505630493,-0.03849426250238697,22.250000012239855,"[0.21978163719177246, 1.0]",2.317219421441798,True
65,34,81.52609252929688,2.5699079036712646,0.00994291192981045,22.15884854908426,"[0.22013026475906372, 1.0]",2.3220811514786917,True
65,35,83.74274444580078,2.6395387649536133,0.057825483064999794,22.221014037573607,"[0.13892653584480286, 1.0]",2.3166464796729875,True
65,36,85.96312713623047,2.7948873043060303,0.10474651988861527,22.37897602875512,"[0.03883719444274902, 1.0]",2.3210880825590854,True
65,37,88.18820190429688,3.0136075019836426,0.13668607715804448,22.315900945157953,"[-0.1652025282382965, 1.0]",2.325496322319617,True
65,38,90.40717315673828,3.225414991378784,0.11940336010592034,22.19713916705001,"[-0.2959195077419281, 1.0]",2.318858378693131,True
65,39,92.62246704101562,3.3920211791992188,0.06866681238854877,22.24246605851683,"[-0.279575914144516, 1.0]",2.3153849815406695,True
65,40,94.84190368652344,3.4746735095977783,0.013403689766368743,22.11424307343417,"[-0.32073524594306946, 1.0]",2.3189507393382662,True
65,41,97.05545043945312,3.4933741092681885,-0.028318323977194026,22.20093414050839,"[0.1055302619934082, 1.0]",2.3134509565619754,True
65,42,99.27973937988281,3.515289783477783,-0.022591329211032907,22.42895869318308,"[0.08822113275527954, 1.0]",2.3252192545490113,True
65,43,101.51996612548828,3.5331060886383057,0.006402905050823193,22.36636177170026,"[-0.11558318138122559, 1.0]",2.34087537357812,True
65,44,103.7546157836914,3.523266077041626,0.00013009541924979828,22.275124965237936,"[-0.21380846202373505, 1.0]",2.334887720546696,True
65,45,105.97940063476562,3.4616973400115967,-0.0319105288135475,22.18519057950447,"[-0.21069389581680298, 1.0]",2.324618208681989,True
65,46,108.19527435302734,3.3245937824249268,-0.07485812929076463,22.238630718952678,"[-0.23291844129562378, 1.0]",2.315947556497006,True
65,47,110.40840911865234,3.1168692111968994,-0.1122389241413897,22.204133325528606,"[-0.00604313425719738, 1.0]",2.313053365589879,True
65,48,112.61901092529297,2.8785648345947266,-0.11970549573159062,22.332216887217896,"[0.14472874999046326, 1.0]",2.3110967826331055,True
65,49,114.83988952636719,2.6684212684631348,-0.09204084464395557,22.25471302104952,"[0.18264159560203552, 1.0]",2.3210248096689416,True
65,50,117.05888366699219,2.527268171310425,-0.051939630739815,22.16255554689523,"[0.21550720930099487, 1.0]",2.3187256405860284,True
65,51,119.27594757080078,2.47098970413208,-0.00663406743344197,22.213014540604515,"[0.20232969522476196, 1.0]",10.0,True
66,0,6.741315841674805,0.003817120101302862,0.0021005683097996553,21.861458221194827,"[0.15123966336250305, 1.0]",1.8396924036701814,True
66,1,8.926233291625977,0.0448392815887928,0.021997843762108893,21.834813104567473,"[0.4280554950237274, 1.0]",2.2831741089217257,True
66,2,11.104144096374512,0.1670646369457245,0.06466674443124987,21.7410037815783,"[0.4923008382320404, 1.0]",2.2757453217656374,True
66,3,13.265713691711426,0.3811686336994171,0.11862252127430928,21.64891995275952,"[0.5114561915397644, 1.0]",2.2589897351243318,True
66,4,15.409429550170898,0.6737053990364075,0.17334901693683769,21.57622109488639,"[0.39778265357017517, 1.0]",2.2408088533864614,True
66,5,17.534120559692383,1.0455267429351807,0.22609891443831032,21.53525723097198,"[0.2448759377002716, 1.0]",2.2215996670608584,True
66,6,19.63975715637207,1.5008636713027954,0.27745238342219913,21.560138399927638,"[0.07907485961914062, 1.0]",2.202657219479362,True
66,7,21.73341941833496,2.0195159912109375,0.31571508406780335,21.619889743690095,"[-0.15901309251785278, 1.0]",2.190951765809496,True
66,8,23.831357955932617,2.534038543701172,0.3041504401921893,21.5769828448316,"[-0.4009036719799042, 1.0]",2.1950349603993984,True
66,9,25.93149185180664,3.029083490371704,0.24369947976653528,21.57281293661125,"[-0.4797999858856201, 1.0]",2.197211554088774,True
66,10,28.044883728027344,3.4543001651763916,0.1744659466980174,21.489577455528817,"[-0.48852071166038513, 1.0]",2.2100949747705827,True
66,11,30.164335250854492,3.794334888458252,0.10735921407603755,21.365385360244343,"[-0.4459194839000702, 1.0]",2.215595756948248,True
66,12,32.283287048339844,4.047237396240234,0.04147087765276858,21.234072542587732,"[-0.37318649888038635, 1.0]",2.214505123926996,True
66,13,34.39787673950195,4.213348865509033,-0.023943549254521024,21.113088666770114,"[-0.27344611287117004, 1.0]",2.209598590162575,True
66,14,36.50606155395508,4.292217254638672,-0.08904412262734418,21.021351946422307,"[-0.13815858960151672, 1.0]",2.2027808982120254,True
66,15,38.60762405395508,4.2833380699157715,-0.15397904738036505,20.978318408964736,"[0.010622235015034676, 1.0]",2.1959649328403414,True
66,16,40.70553207397461,4.190537929534912,-0.21551644437271644,21.04103077342554,"[0.1430874764919281, 1.0]",2.192592658499946,True
66,17,42.805084228515625,4.036378860473633,-0.2596515483800008,21.11438125560654,"[0.25952693819999695, 1.0]",2.194566870191245,True
66,18,44.909271240234375,3.867818832397461,-0.2607270659862291,21.118052224861806,"[0.3357264995574951, 1.0]",2.199218246730628,True
66,19,47.01675796508789,3.7038350105285645,-0.20900861077494426,21.190426971902223,"[0.2932814359664917, 1.0]",2.2028436462270755,True
66,20,49.131507873535156,3.5517072677612305,-0.10780209776531713,21.245854680511417,"[0.34998735785484314, 1.0]",2.210356254509567,True
66,21,51.25393295288086,3.4654128551483154,0.004011919024149435,21.205744514725293,"[0.28246310353279114, 1.0]",2.216406155492297,True
66,22,53.36753845214844,3.4644722938537598,0.11242121751800482,20.88442617574164,"[0.8022031188011169, 1.0]",2.183799773477181,True
66,23,55.44646453857422,3.54256272315979,0.21615586935044462,20.48114589756252,"[0.8636618256568909, 1.0]",2.116306354038591,True
66,24,57.480098724365234,3.6915059089660645,0.3170533225155685,20.02658517064641,"[0.8717588186264038, 1.0]",2.031066886832077,True
66,25,59.46131134033203,3.905911445617676,0.4147294160261321,19.529318743686705,"[0.8776839971542358, 1.0]",1.9348866444967139,True
66,26,61.38401794433594,4.180167198181152,0.5083477841417965,18.98815234600844,"[0.8906623125076294, 1.0]",2.086536504656184,True
66,27,63.24245071411133,4.508011341094971,0.5974984997917714,18.402137414671927,"[0.9249153137207031, 1.0]",1.9642747720839087,True
66,28,65.03150177001953,4.882420539855957,0.6819131163381762,17.780010426446246,"[0.9423314929008484, 1.0]",1.84031735595402,True
66,29,66.74714660644531,5.296607971191406,0.7614965589300962,17.125666391668837,"[0.9635171890258789, 0.99802565574646]",1.7176130096311883,True
66,30,68.38619995117188,5.743809700012207,0.8361189318853617,16.444959191735734,"[0.9794501662254333, 0.9937219023704529]",1.5980864115306188,True
66,31,69.94631958007812,6.217516899108887,0.9056240408060399,15.742373082635229,"[1.0, 0.9789900779724121]",1.483168195558063,True
66,32,71.4258804321289,6.7115607261657715,0.9698316562653595,15.023539973546631,"[1.0, 0.9754441380500793]",1.0412765318044934,True
66,33,72.82376098632812,7.220708847045898,1.0287439420817073,14.291540205312268,"[1.0, 0.9765292406082153]",0.9635412418466008,True
66,34,74.13920593261719,7.740163326263428,1.0823475491601178,13.54902427086178,"[1.0, 0.9734998941421509]",0.8905487566065957,True
66,35,75.37179565429688,8.265535354614258,1.1306412790781009,12.798517321548868,"[1.0, 0.9756326675415039]",0.8222325720222888,True
66,36,76.52131652832031,8.792871475219727,1.1736282943394514,12.04242648268484,"[1.0, 0.9739507436752319]",0.7584088070850639,True
66,37,77.5877685546875,9.318663597106934,1.211312523106777,11.28315146086011,"[1.0, 0.9723834991455078]",0.6988662506659395,True
66,38,78.5712661743164,9.839863777160645,1.2436980267007396,10.523137766577346,"[1.0, 0.9684654474258423]",0.6433545714545365,True
66,39,79.47200775146484,10.353887557983398,1.270787767888053,9.765072800711424,"[1.0, 0.9663266539573669]",0.5916261449776048,True
66,40,80.29022216796875,10.858620643615723,1.2925824291037458,9.012139200898954,"[1.0, 0.9660899639129639]",0.5434433405078458,True
66,41,81.02613067626953,11.35242748260498,1.3090815609393847,8.268377136783421,"[1.0, 0.9668193459510803]",0.4985945359069378,True
66,42,81.679931640625,11.834162712097168,1.3202831327346374,7.539202243822481,"[1.0, 0.967770516872406]",0.45690845301303845,True
66,43,82.25176239013672,12.303179740905762,1.3261828334974899,6.832225231743038,"[1.0, 0.9647170305252075]",0.41825184172937824,True
66,44,82.7417221069336,12.759366989135742,1.3267739886804604,6.1587664545369725,"[1.0, 0.9619892835617065]",0.3825670441250368,True
66,45,83.14986419677734,13.20322322845459,1.322048475642223,5.536293152856497,"[1.0, 0.9600359201431274]",0.34989451753959033,True
66,46,83.47625732421875,13.636054992675781,1.3119968235161537,4.993712577098746,"[1.0, 0.9597437381744385]",0.3204766874666362,True
66,47,83.7211685180664,14.060623168945312,1.2966358767961443,4.593326010462354,"[1.0, 0.9582343101501465]",0.2951191294744683,True
66,48,83.89060974121094,14.48237133026123,1.279112043796828,4.3838485071818845,"[1.0, 0.9573968648910522]",0.2763804795188289,True
66,49,84.01054382324219,14.900617599487305,1.276235663371974,4.230134766408378,"[1.0, 0.9563767313957214]",0.2640282951295092,True
66,50,84.09102630615234,15.313035011291504,1.2967250760479052,4.104778978663396,"[1.0, 0.9565292000770569]",0.2532906946509837,True
66,51,84.12974548339844,15.719708442687988,1.3394697270053015,4.024620033267163,"[1.0, 0.9572509527206421]",0.24294085105177748,True
66,52,84.12310791015625,16.12104034423828,1.4008231994348703,3.9918413828574852,"[1.0, 0.9580861330032349]",0.23294065705601594,True
66,53,84.06782531738281,16.516311645507812,1.478276271279916,4.014754638656732,"[1.0, 0.9583069086074829]",0.22280477381060512,True
66,54,83.96186065673828,16.904930114746094,1.5691475547914644,4.101460092210277,"[1.0, 0.9623064994812012]",0.21285294832573448,True
66,55,83.8089828491211,17.287784576416016,1.6677730742032055,4.218050698507783,"[1.0, 0.9677783250808716]",0.20469926190082716,True
66,56,83.61185455322266,17.66334342956543,1.7708733943535018,4.343463904624132,"[1.0, 0.9798263311386108]",-5.0,False
67,0,6.579979419708252,6.996262073516846,-0.002060088261230497,19.81148269336796,"[-0.3312658965587616, 1.0]",1.6691310918284077,True
67,1,8.555834770202637,6.957623481750488,-0.021015669952087812,19.582770247980044,"[-0.8003498315811157, 0.7498766779899597]",2.063977816610295,True
67,2,10.503975868225098,6.847350597381592,-0.06039383562027201,19.259298640563085,"[-0.8637808561325073, 0.6302781105041504]",2.0348079419049947,True
67,3,12.418221473693848,6.6545538902282715,-0.11130601881153446,19.144190624115797,"[-0.644777238368988, 1.0]",2.000394463277271,True
67,4,14.312586784362793,6.38505220413208,-0.1635717536268304,19.088722743862203,"[-0.4876680374145508, 1.0]",1.9802645630163251,True
67,5,16.188995361328125,6.037097454071045,-0.2126570083102992,19.06208677903482,"[-0.3666994273662567, 1.0]",1.9621879674709888,True
67,6,18.046886444091797,5.606634616851807,-0.2591436835601222,19.101725125737733,"[-0.20130890607833862, 1.0]",1.9438488458294918,True
67,7,19.894866943359375,5.102699279785156,-0.296601710082359,19.33535889800415,"[0.004755200818181038, 1.0]",1.9349896143085967,True
67,8,21.752586364746094,4.558852195739746,-0.3033774576857935,19.479233480648784,"[0.1569732427597046, 1.0]",1.9453759720496382,True
67,9,23.630931854248047,4.034025192260742,-0.2736521857047105,19.606024583175696,"[0.2070559859275818, 1.0]",1.9665726001262438,True
67,10,25.536983489990234,3.5694854259490967,-0.23130339699859803,19.674387789610947,"[0.2814074158668518, 1.0]",1.9945863807954367,True
67,11,27.466350555419922,3.1823081970214844,-0.18478063591600336,19.703742406895834,"[0.32615411281585693, 1.0]",2.018033906260719,True
67,12,29.41329574584961,2.8777358531951904,-0.13766998202277403,19.72238649745232,"[0.33365684747695923, 1.0]",2.035695929668223,True
67,13,31.373544692993164,2.6580214500427246,-0.09172685795143565,19.742255497782097,"[0.3155103027820587, 1.0]",2.049089096883574,True
67,14,33.34382247924805,2.5244815349578857,-0.04708921544645417,19.776412834938455,"[0.28064894676208496, 1.0]",2.0592716440121057,True
67,15,35.32201385498047,2.4779913425445557,-0.003634016465467127,19.835900652957434,"[0.23469704389572144, 1.0]",2.0674529286707304,True
67,16,37.30699157714844,2.51877760887146,0.03897549571136416,19.92875961365051,"[0.17898568511009216, 1.0]",2.074657140429396,True
67,17,39.298858642578125,2.6463005542755127,0.08135637550861219,20.0790404602737,"[0.11021491885185242, 1.0]",2.082222747500919,True
67,18,41.3023681640625,2.8484485149383545,0.11669412632898268,20.354285617254614,"[0.015445085242390633, 1.0]",2.0951038067620207,True
67,19,43.32658004760742,3.086817979812622,0.1255378185188638,20.52560768145817,"[-0.11383560299873352, 1.0]",2.1165771181114836,True
67,20,45.37013244628906,3.298222064971924,0.10212730095652223,20.637028400295243,"[-0.2235713005065918, 1.0]",2.136419026482969,True
67,21,47.430152893066406,3.446605682373047,0.0646153454222107,20.720589379659216,"[-0.2527640163898468, 1.0]",2.15326309898581,True
67,22,49.502567291259766,3.516392946243286,0.02132606137713644,20.7985107243414,"[-0.22420558333396912, 1.0]",2.166007696452896,True
67,23,51.58460998535156,3.502894401550293,-0.02369108158318145,20.90720704630761,"[-0.152878075838089, 1.0]",2.1677447957720752,True
67,24,53.665687561035156,3.4060540199279785,-0.06557168656965828,20.613115503961478,"[-1.0, 0.21962237358093262]",2.1189988583216213,True
67,25,55.707183837890625,3.2377572059631348,-0.09955535313377872,20.019059451258556,"[-1.0, -0.2531193494796753]",1.981972901557233,True
67,26,57.6811637878418,3.0062272548675537,-0.13098464873834814,19.3114631202971,"[-1.0, -0.3450467884540558]",1.793443245223293,True
67,27,59.57490539550781,2.715174436569214,-0.16503143222030303,18.5667490217411,"[-1.0, -0.3839302957057953]",1.9871458688795824,True
67,28,61.38393020629883,2.3680522441864014,-0.20254977934123009,17.846735880547904,"[-1.0, -0.40153390169143677]",1.7556810633195674,True
67,29,63.108882904052734,1.9697846174240112,-0.24147880289157264,17.136317939024227,"[-1.0, -0.41512805223464966]",1.5527029213006787,True
67,30,64.7485122680664,1.5240331888198853,-0.28076469002798543,16.41645162980607,"[-1.0, -0.4254595935344696]",1.3783069393093,True
67,31,66.30001831054688,1.034233808517456,-0.32041609602401167,15.688923114019039,"[-1.0, -0.4317675232887268]",1.2298572936254466,True
67,32,67.76104736328125,0.5044600963592529,-0.36090493302481264,14.954321212415786,"[-1.0, -0.43440669775009155]",1.1041139648359704,True
67,33,69.1292953491211,-0.06093699485063553,-0.4026425262607525,14.210697549769385,"[-1.0, -0.43642887473106384]",0.9974692507158196,True
67,34,70.40249633789062,-0.6572811603546143,-0.44600078617806105,13.45944748160212,"[-1.0, -0.4382568299770355]",0.9065225524334194,True
67,35,71.57870483398438,-1.279479742050171,-0.49129356631120125,12.700662436658261,"[-1.0, -0.44414347410202026]",0.828316704986798,True
67,36,72.65631866455078,-1.9220106601715088,-0.5388003654165807,11.935486696730031,"[-1.0, -0.4500121474266052]",0.7603160445657016,True
67,37,73.63401794433594,-2.5791704654693604,-0.5887787111716065,11.166283912250467,"[-1.0, -0.4514176547527313]",0.7005354347888709,True
67,38,74.51081848144531,-3.2450852394104004,-0.6414479148920496,10.392991544298928,"[-1.0, -0.4526742398738861]",0.6473325497311113,True
67,39,75.28607177734375,-3.9133894443511963,-0.6970262226292396,9.613535475193943,"[-1.0, -0.45873966813087463]",0.5991203047214695,True
67,40,75.9594497680664,-4.577106475830078,-0.7558021878872889,8.829536854030835,"[-1.0, -0.46147409081459045]",0.554477631770588,True
67,41,76.53121948242188,-5.228879451751709,-0.8180663615411232,8.041908768724042,"[-1.0, -0.45993557572364807]",0.5123318682213174,True
67,42,77.0022201538086,-5.86084508895874,-0.8841047670918183,7.250354459748187,"[-1.0, -0.4558269679546356]",0.4716218863426828,True
67,43,77.37403106689453,-6.4642438888549805,-0.9542793281315145,6.4483125262753385,"[-1.0, -0.4629192650318146]",0.43110171501989825,True
67,44,77.64933013916016,-7.029087066650391,-1.029155700075747,5.6362513538398265,"[-1.0, -0.4640926420688629]",-5.0,False
68,0,6.7444682121276855,6.996257305145264,-0.0020540961487780507,21.862607210218982,"[-0.3312658965587616, 1.0]",1.842849944573671,True
68,1,8.924786567687988,6.957446098327637,-0.02063656897091448,21.60088708249432,"[-0.8380522727966309, 0.6824021339416504]",2.2775223474315274,True
68,2,11.074029922485352,6.846689701080322,-0.058155581882115115,21.23049578158023,"[-0.9119971394538879, 0.5364769101142883]",2.2447805858144743,True
68,3,13.185413360595703,6.653567314147949,-0.10605972462213309,21.073435916089544,"[-0.6955559253692627, 0.958462655544281]",2.2062138997327545,True
68,4,15.273929595947266,6.384542942047119,-0.15516029248186936,20.986134089102922,"[-0.5237601399421692, 1.0]",2.1829538387525256,True
68,5,17.342493057250977,6.037787914276123,-0.20105294965055087,20.923037474223186,"[-0.4069526195526123, 1.0]",2.1627171299377155,True
68,6,19.390302658081055,5.6093525886535645,-0.24422026091770022,20.910898381742328,"[-0.25553950667381287, 1.0]",2.1419086435479184,True
68,7,21.420522689819336,5.095233917236328,-0.28597796101986983,21.049270638311658,"[-0.04973691701889038, 1.0]",2.1249417496106835,True
68,8,23.44497299194336,4.514653205871582,-0.3144301088418402,21.132126769338974,"[0.13988876342773438, 1.0]",2.1195448725860486,True
68,9,25.479036331176758,3.936643362045288,-0.2943442815843538,21.217215477930704,"[0.26206156611442566, 1.0]",2.129540808884087,True
68,10,27.53338050842285,3.4025535583496094,-0.24762551184552972,21.260360748345565,"[0.3241339921951294, 1.0]",2.150015800613649,True
68,11,29.609329223632812,2.9467570781707764,-0.1975591486164756,21.23475669916904,"[0.40062955021858215, 1.0]",2.1715051203562217,True
68,12,31.69890594482422,2.5759778022766113,-0.1483734927599114,21.17572891255032,"[0.41874536871910095, 1.0]",2.184867501297883,True
68,13,33.79555130004883,2.290074586868286,-0.10039691203824308,21.102646122374786,"[0.4072471559047699, 1.0]",2.191607262775296,True
68,14,35.89476013183594,2.090160608291626,-0.05365204332073592,21.027862516353707,"[0.3789348900318146, 1.0]",2.193834213110701,True
68,15,37.993099212646484,1.9770385026931763,-0.007981893261130857,20.96067772203115,"[0.3377033472061157, 1.0]",2.192662130559687,True
68,16,40.08793258666992,1.9511890411376953,0.03683151787579586,20.909205817984983,"[0.28552258014678955, 1.0]",2.18892480020437,True
68,17,42.177345275878906,2.0128767490386963,0.08091042918407876,20.88125049911902,"[0.22312867641448975, 1.0]",2.18337831645502,True
68,18,44.2602424621582,2.1623122692108154,0.12429665229283238,20.887647716842654,"[0.14854750037193298, 1.0]",2.1768916010050887,True
68,19,46.33716583251953,2.3999431133270264,0.16699018720205583,20.965804968740112,"[0.05261644721031189, 1.0]",2.1712694927206586,True
68,20,48.41459655761719,2.7041327953338623,0.1968213198364701,21.12844971281696,"[-0.08614540100097656, 1.0]",2.1725087488053325,True
68,21,50.5042839050293,3.0190930366516113,0.18203744683516732,21.20527414791881,"[-0.2498517483472824, 1.0]",2.2941321131940384,True
68,22,52.5970344543457,3.3043088912963867,0.13343715378620224,20.862776775825974,"[-1.0, -0.020389113575220108]",2.1737401807668904,True
68,23,54.65952682495117,3.518014907836914,0.08549332994594216,20.28955340785136,"[-1.0, -0.31696659326553345]",1.9699398798396504,True
68,24,56.6718864440918,3.6557867527008057,0.03972570819043941,19.707725857917012,"[-1.0, -0.3737911880016327]",1.7428380773592071,True
68,25,58.6298942565918,3.7185745239257812,-0.005687446823973374,19.13489949726054,"[-1.0, -0.4003722071647644]",1.9059842752505094,True
68,26,60.53203201293945,3.7092881202697754,-0.04920096903283255,18.575041173637285,"[-1.0, -0.41429874300956726]",1.6740250838917565,True
68,27,62.376441955566406,3.631049633026123,-0.08942815045653418,18.006561273724593,"[-1.0, -0.4244525730609894]",1.4771039521281815,True
68,28,64.15943145751953,3.4861302375793457,-0.12607085021104325,17.420108126858327,"[-1.0, -0.43132999539375305]",1.311788545944884,True
68,29,65.87660217285156,3.277432441711426,-0.15954931511637493,16.8085749537408,"[-1.0, -0.43476802110671997]",1.1732940041138198,True
68,30,67.52263641357422,3.0085861682891846,-0.1906153555482586,16.152948598904366,"[-1.0, -0.4372580647468567]",1.0564607010569795,True
68,31,69.09051513671875,2.684253692626953,-0.2205203909029212,15.433325195773097,"[-1.0, -0.4390410780906677]",0.9561838342716341,True
68,32,70.57196807861328,2.311007261276245,-0.2515404918060007,14.655297891424501,"[-1.0, -0.44167423248291016]",0.8680380817416377,True
68,33,71.96089172363281,1.896169662475586,-0.28711526396338805,13.862747806900401,"[-1.0, -0.44289758801460266]",0.7903532102983009,True
68,34,73.2547378540039,1.4445128440856934,-0.32884366929356723,13.079154418543796,"[-1.0, -0.4430195689201355]",0.7237197782376302,True
68,35,74.45249938964844,0.959362804889679,-0.375458176275715,12.307182190725225,"[-1.0, -0.4444237947463989]",0.6672071119081011,True
68,36,75.55328369140625,0.44439375400543213,-0.4255442468968349,11.544080734855248,"[-1.0, -0.44452038407325745]",0.6186959996644671,True
68,37,76.55596923828125,-0.09601321071386337,-0.4785363588994498,10.783944768473647,"[-1.0, -0.44463837146759033]",0.5761969122359468,True
68,38,77.45922088623047,-0.6565648317337036,-0.5342623389190848,10.025526941259368,"[-1.0, -0.445144385099411]",0.5380020157490565,True
68,39,78.2619857788086,-1.2311413288116455,-0.5928661308126602,9.266624347022562,"[-1.0, -0.44314253330230713]",0.5028148354333076,True
68,40,78.96331787109375,-1.8128926753997803,-0.6545780980144666,8.502894006128352,"[-1.0, -0.4444873631000519]",0.4695194551189974,True
68,41,79.5624771118164,-2.3940608501434326,-0.7197839994084028,7.734180125332722,"[-1.0, -0.4447246789932251]",0.4370648660909325,True
68,42,80.05936431884766,-2.966205596923828,-0.7889865066502217,6.964239531891413,"[-1.0, -0.4402425289154053]",-5.0,False
69,0,6.579712867736816,6.996262550354004,-0.0020603545773401066,19.806794012105716,"[-0.3312658965587616, 1.0]",1.6688434407912922,True
69,1,8.555070877075195,6.957610607147217,-0.021024857857848467,19.57655293547272,"[-0.800258994102478, 0.7500371932983398]",2.063452497548006,True
69,2,10.50256061553955,6.847290992736816,-0.060430320927205905,19.25189100120915,"[-0.8636229634284973, 0.6305811405181885]",2.034123247969797,True
69,3,12.416027069091797,6.654423713684082,-0.1113829841670384,19.13546810670614,"[-0.6445418000221252, 1.0]",1.9995760600324237,True
69,4,14.309476852416992,6.384859085083008,-0.16369132955977506,19.078779564231255,"[-0.48743709921836853, 1.0]",1.979304291364236,True
69,5,16.184843063354492,6.036862850189209,-0.21282638535562803,19.050930182176753,"[-0.3663468658924103, 1.0]",1.9610953967572955,True
69,6,18.04155921936035,5.606383323669434,-0.2593699190947252,19.089285288737038,"[-0.20070916414260864, 1.0]",1.9426179398051762,True
69,7,19.888227462768555,5.1026177406311035,-0.2968218203464543,19.319697630410797,"[0.0054017324000597, 1.0]",1.9336068827450517,True
69,8,21.744441986083984,4.559337139129639,-0.3034329845945214,19.46129850357084,"[0.15730071067810059, 1.0]",1.9437903665814984,True
69,9,23.621097564697266,4.035269737243652,-0.2735279492398579,19.586191806750925,"[0.20679119229316711, 1.0]",1.9647934417436603,True
69,10,25.52529525756836,3.57167649269104,-0.23104027668289806,19.652601315005864,"[0.2812139689922333, 1.0]",1.9926343987886201,True
69,11,27.452621459960938,3.1855664253234863,-0.18440699441506503,19.680490038085573,"[0.32549774646759033, 1.0]",2.0158884075639634,True
69,12,29.397369384765625,2.8821589946746826,-0.13721165199917174,19.69782677164354,"[0.3325122594833374, 1.0]",2.0333881452770832,True
69,13,31.35525894165039,2.6636574268341064,-0.0911754504477349,19.716473644906845,"[0.3139503300189972, 1.0]",2.0466136882868464,True
69,14,33.32301330566406,2.5313663482666016,-0.04643048255082327,19.74938571470277,"[0.2787827253341675, 1.0]",2.0566265997298343,True
69,15,35.29850387573242,2.4861576557159424,-0.002854109740238364,19.807727618838356,"[0.23257213830947876, 1.0]",2.064625344353132,True
69,16,37.28062057495117,2.5283384323120117,0.039839957801204307,19.900009893772975,"[0.17656701803207397, 1.0]",2.0716667437407286,True
69,17,39.2695426940918,2.657362937927246,0.08226824186585624,20.051594271221813,"[0.10726150870323181, 1.0]",2.0791542933611233,True
69,18,41.27016067504883,2.8600244522094727,0.1170897389089145,20.32425033662956,"[0.011392178013920784, 1.0]",2.0920771074718645,True
69,19,43.291481018066406,3.096252918243408,0.12437055501308159,20.48977355943551,"[-0.11894845962524414, 1.0]",2.113524324035038,True
69,20,45.33181381225586,3.3038408756256104,0.10016202123009776,20.599642318399983,"[-0.22267502546310425, 1.0]",2.133031184622253,True
69,21,47.388431549072266,3.44746994972229,0.06233128531330401,20.68350410804605,"[-0.24714483320713043, 1.0]",2.1496935053026136,True
69,22,49.45734786987305,3.51227068901062,0.018854514727488336,20.763850561879057,"[-0.21580681204795837, 1.0]",2.162353648329237,True
69,23,51.5360107421875,3.493659019470215,-0.026253175709892496,20.87829342658954,"[-0.14238885045051575, 1.0]",2.1659666300614435,True
69,24,53.613983154296875,3.3916125297546387,-0.06816760284221335,20.586632021168747,"[-1.0, 0.24013514816761017]",2.1209570093291785,True
69,25,55.652801513671875,3.2180135250091553,-0.10210865882889131,20.00905872081148,"[-1.0, -0.24629899859428406]",1.9872059098254002,True
69,26,57.625282287597656,2.980733633041382,-0.13322982669533978,19.310558278692465,"[-1.0, -0.3412831127643585]",1.8014720395110437,True
69,27,59.518089294433594,2.683756113052368,-0.16666315102019436,18.56888856679676,"[-1.0, -0.38102278113365173]",1.9984558827467342,True
69,28,61.3261604309082,2.3308019638061523,-0.20354034210868477,17.846930975460715,"[-1.0, -0.4009038507938385]",1.7665331542173142,True
69,29,63.04975891113281,1.9268840551376343,-0.24202035669924005,17.133880996109834,"[-1.0, -0.4149205982685089]",1.562363552883057,True
69,30,64.68762969970703,1.4756931066513062,-0.2810781440882879,16.413029556641973,"[-1.0, -0.42391836643218994]",1.386715785391825,True
69,31,66.2370834350586,0.9806405305862427,-0.32072022902049824,15.68484580982751,"[-1.0, -0.43010422587394714]",1.2371795802084316,True
69,32,67.69580841064453,0.44573694467544556,-0.3613629967323071,14.950681079381958,"[-1.0, -0.43252623081207275]",1.1105451258045516,True
69,33,69.06158447265625,-0.12472269684076309,-0.40337223239943487,14.208719628014267,"[-1.0, -0.4347688555717468]",1.0032206062979157,True
69,34,70.33224487304688,-0.7261230945587158,-0.447079632735651,13.460529358790609,"[-1.0, -0.43634775280952454]",0.9117911902453851,True
69,35,71.50597381591797,-1.3535014390945435,-0.49274751910833015,12.707747584667349,"[-1.0, -0.43759796023368835]",0.8333317193433314,True
69,36,72.58128356933594,-2.0015652179718018,-0.5405640438484856,11.9504819457812,"[-1.0, -0.43886393308639526]",0.7653293765015314,True
69,37,73.55692291259766,-2.66471529006958,-0.5907313408828525,11.188608343473545,"[-1.0, -0.43976932764053345]",0.7056648730441047,True
69,38,74.43183898925781,-3.3370065689086914,-0.6435000136700104,10.4221976968535,"[-1.0, -0.4403347671031952]",0.6525442430580655,True
69,39,75.205322265625,-4.012081623077393,-0.6991458325408342,9.65133547323161,"[-1.0, -0.4406788647174835]",0.6044505950778667,True
69,40,75.87704467773438,-4.683103561401367,-0.7579633431118875,8.8761678836837,"[-1.0, -0.4407932460308075]",0.5600501379887065,True
69,41,76.44718170166016,-5.342694282531738,-0.820274654717017,8.096818442754396,"[-1.0, -0.4403955638408661]",0.5181506375834962,True
69,42,76.91653442382812,-5.982878684997559,-0.8864414246322534,7.313000640733656,"[-1.0, -0.4392405152320862]",0.4776465929927441,True
69,43,77.28663635253906,-6.59498405456543,-0.9568908238964466,6.523951146179205,"[-1.0, -0.4377703070640564]",0.4374415843831234,True
69,44,77.56001281738281,-7.169494152069092,-1.032133646806674,5.7282315064080995,"[-1.0, -0.4358685314655304]",-5.0,False
70,0,6.77713680267334,3.503769874572754,0.0020847225013138626,22.387180600641347,"[0.03267344832420349, 1.0]",1.877879115376226,True
70,1,9.012937545776367,3.513364315032959,0.004887832706677031,22.307988794258318,"[-0.12736588716506958, 1.0]",2.33618669267719,True
70,2,11.24087905883789,3.460573673248291,-0.028727385520630477,22.212625597664697,"[-0.16973212361335754, 1.0]",2.3278983282510146,True
70,3,13.463689804077148,3.3265652656555176,-0.0776367384140988,22.417888642648464,"[-0.049165189266204834, 1.0]",2.323691244131176,True
70,4,15.695928573608398,3.1397807598114014,-0.11114290019476769,22.373493256452626,"[0.09251636266708374, 1.0]",2.332919489185287,True
70,5,17.92441749572754,2.9590306282043457,-0.09805372975313631,22.30153368889296,"[0.16960957646369934, 1.0]",2.328845823719159,True
70,6,20.14883804321289,2.82108736038208,-0.055595085652058174,22.231718604615416,"[0.1607426106929779, 1.0]",2.324463281206121,True
70,7,22.369674682617188,2.7634339332580566,-0.00668306959749998,22.15827399921438,"[0.15429869294166565, 1.0]",2.3205488724007615,True
70,8,24.58795928955078,2.7965288162231445,0.04393243744832809,22.2537547689792,"[0.0943879783153534, 1.0]",2.318426503394,True
70,9,26.80960464477539,2.9037559032440186,0.08713144033244902,22.216970918274257,"[-0.013174621388316154, 1.0]",2.3216217243568433,True
70,10,29.028200149536133,3.0457310676574707,0.10237497493789949,22.287695551238482,"[-0.16124898195266724, 1.0]",2.3188901347413156,True
70,11,31.250288009643555,3.1749324798583984,0.06965124988549665,22.185992493625438,"[-0.2611023187637329, 1.0]",2.321924826328736,True
70,12,33.469566345214844,3.2433700561523438,0.017606291124568685,22.234948449302134,"[-0.24006688594818115, 1.0]",2.3193356035931485,True
70,13,35.69118118286133,3.2244911193847656,-0.03604362166729569,22.169750893011027,"[-0.1257612109184265, 1.0]",2.321378716665034,True
70,14,37.91101837158203,3.1332645416259766,-0.08059191511770525,22.353370044441764,"[0.017090024426579475, 1.0]",2.320427353920691,True
70,15,40.140785217285156,3.0073955059051514,-0.09517631735336085,22.29684088227285,"[0.11622226238250732, 1.0]",2.3301026296733527,True
70,16,42.36625289916992,2.8935537338256836,-0.0616580381897327,22.23542334689033,"[0.1268296241760254, 1.0]",2.325527086945772,True
70,17,44.58795928955078,2.8422887325286865,-0.008911602797677887,22.17706151243939,"[0.11549347639083862, 1.0]",2.3215031671868367,True
70,18,46.80977249145508,2.877589225769043,0.04577374702600956,22.333096409392734,"[0.0600469708442688, 1.0]",2.3223121357465644,True
70,19,49.03937911987305,2.978593587875366,0.08704648549367633,22.293594477038432,"[-0.06449681520462036, 1.0]",2.3299278035646416,True
70,20,51.26433563232422,3.085106372833252,0.0850278093873964,22.205549967412384,"[-0.21544107794761658, 1.0]",2.324881487304528,True
70,21,53.48618698120117,3.1660025119781494,0.039194940185186766,22.298941573624518,"[-0.22828105092048645, 1.0]",2.3221965859582636,True
70,22,55.713932037353516,3.1726667881011963,-0.01583955005741,22.224416951692938,"[-0.17402306199073792, 1.0]",2.327754932434962,True
70,23,57.93461990356445,3.1003165245056152,-0.06464304229754791,22.184492288525608,"[-0.021443931385874748, 1.0]",2.3205180815093027,True
70,24,60.15140914916992,2.980497121810913,-0.09332155881217474,22.255642388907788,"[0.13533535599708557, 1.0]",2.3169396363555537,True
70,25,62.37192153930664,2.8696234226226807,-0.07285569846713358,22.1775405190226,"[0.18410366773605347, 1.0]",2.3203113224723206,True
70,26,64.59215545654297,2.8043766021728516,-0.021930332628475213,22.294344292750093,"[0.16058817505836487, 1.0]",2.3205584665537033,True
70,27,66.8195571899414,2.8227975368499756,0.03196405835145821,22.232180269019295,"[0.12453731894493103, 1.0]",2.3274465446090242,True
70,28,69.03961944580078,2.924943685531616,0.08194959464142748,22.187003458882366,"[0.030049355700612068, 1.0]",2.319903771424346,True
70,29,71.25482940673828,3.081791639328003,0.11634365432952887,22.291026010897237,"[-0.10754004120826721, 1.0]",2.3155195779865374,True
70,30,73.47596740722656,3.231761932373047,0.1011840092984162,22.192871913924822,"[-0.24615520238876343, 1.0]",2.321005924100943,True
70,31,75.69425201416016,3.3460001945495605,0.04837978331070669,22.24455286918803,"[-0.29366010427474976, 1.0]",2.31838509484494,True
70,32,77.9156723022461,3.3795976638793945,-0.008609733488117222,22.135189237821375,"[-0.270670086145401, 1.0]",2.3210286396561335,True
70,33,80.13077545166016,3.324847936630249,-0.06489590944305057,22.20396518975833,"[-0.08837288618087769, 1.0]",2.315020992767975,True
70,34,82.35115051269531,3.202389717102051,-0.11066579488548012,22.36126326264904,"[0.05722782015800476, 1.0]",2.321000745717077,True
70,35,84.5802001953125,3.0565996170043945,-0.11952826236104563,22.29075588958806,"[0.17502686381340027, 1.0]",2.329358084120334,True
70,36,86.80363464355469,2.9222190380096436,-0.077645393687642,22.217679861117553,"[0.17471253871917725, 1.0]",2.3234140076172167,True
70,37,89.0266342163086,2.850005626678467,-0.015414376389378148,22.29082490620153,"[0.16836342215538025, 1.0]",2.323308284831813,True
70,38,91.25370788574219,2.866196632385254,0.04808230821694437,22.218844243893823,"[0.12418955564498901, 1.0]",2.3270584685311158,True
70,39,93.47726440429688,2.966447114944458,0.10729090399407681,22.35291952560126,"[0.0011830348521471024, 1.0]",2.324144656419893,True
70,40,95.70494079589844,3.125441074371338,0.149544751007328,22.290009057018143,"[-0.18156716227531433, 1.0]",2.3279814323581443,True
70,41,97.92613983154297,3.2774863243103027,0.14264849536456836,22.165181866975868,"[-0.34483617544174194, 1.0]",2.320942354045923,True
70,42,100.13957214355469,3.410398244857788,0.08376573734680726,22.193634955974954,"[-0.37435171008110046, 1.0]",2.313303669313606,True
70,43,102.35790252685547,3.4785258769989014,0.008233428826089018,22.1801994451901,"[-0.3092612624168396, 1.0]",2.3181412808041366,True
70,44,104.5759506225586,3.4600093364715576,-0.0656025792383037,22.168417801638082,"[-0.16057392954826355, 1.0]",2.3178059758104963,True
70,45,106.79300689697266,3.3544201850891113,-0.136631482355698,22.24919127640345,"[0.006730707362294197, 1.0]",2.317177635157878,True
70,46,109.00989532470703,3.1856391429901123,-0.19294921676954857,22.187065552248807,"[0.17922580242156982, 1.0]",2.3167302227194946,True
70,47,111.22236633300781,3.0200603008270264,-0.2027785448788677,22.18090204164521,"[0.2840127646923065, 1.0]",2.3122850674881845,True
70,48,113.43622589111328,2.8677377700805664,-0.1572225112719723,22.237252618977603,"[0.25730520486831665, 1.0]",2.313927194890868,True
70,49,115.65374755859375,2.740110397338867,-0.06576023837483636,22.149804593032684,"[0.28253769874572754, 1.0]",2.3171957881491156,True
70,50,117.86785888671875,2.6893296241760254,0.030349250624488455,22.10501658562894,"[0.24152573943138123, 1.0]",10.0,True
71,0,6.664433002471924,3.5037550926208496,0.0020836572368780892,20.982100695292903,"[0.03267344832420349, 1.0]",1.7588524556007419,True
71,1,8.764986991882324,3.5122013092041016,0.004537493865276687,21.141789097402604,"[-0.11685946583747864, 1.0]",2.195692040348712,True
71,2,10.881017684936523,3.4597790241241455,-0.02853736897685266,21.27443890299492,"[-0.15615862607955933, 1.0]",2.2117656681176765,True
71,3,13.010018348693848,3.331831216812134,-0.0726551624370515,21.516345127692194,"[-0.041301608085632324, 1.0]",2.2258242168319393,True
71,4,15.157004356384277,3.1575441360473633,-0.09641242357332125,21.680623352894166,"[0.08272191882133484, 1.0]",2.2445488127784534,True
71,5,17.321537017822266,2.992952823638916,-0.07962079342620765,21.829378355272745,"[0.13611778616905212, 1.0]",2.2627648640367157,True
71,6,19.504426956176758,2.8787989616394043,-0.044475722310704846,21.97408482991233,"[0.13433992862701416, 1.0]",2.2817733200890977,True
71,7,21.704124450683594,2.8408076763153076,-0.0035981969488059207,22.104661653126136,"[0.1200401782989502, 1.0]",2.2991684719459036,True
71,8,23.918277740478516,2.887596368789673,0.03947670262851766,22.29840328780385,"[0.06589481234550476, 1.0]",2.3144961045900394,True
71,9,26.14366340637207,2.9999735355377197,0.06989586123162006,22.26065854984226,"[-0.03218764066696167, 1.0]",2.325558629367845,True
71,10,28.36496925354004,3.118234634399414,0.06172608195558382,22.187895076552426,"[-0.1516994833946228, 1.0]",2.321151375012455,True
71,11,30.58553695678711,3.18807315826416,0.025068734815079097,22.290950502351265,"[-0.19092321395874023, 1.0]",2.3208769805076512,True
71,12,32.81263732910156,3.1781673431396484,-0.01971791155289182,22.229086864599996,"[-0.1292840540409088, 1.0]",2.3271312632051533,True
71,13,35.033390045166016,3.093630790710449,-0.058671968817480824,22.194365248408996,"[-0.015886245295405388, 1.0]",2.3206273596822937,True
71,14,37.25328826904297,2.971893310546875,-0.07283612423312213,22.3790672861534,"[0.08115044236183167, 1.0]",2.3206040266646433,True
71,15,39.48659133911133,2.870030403137207,-0.046465236803048704,22.323045341981274,"[0.10914826393127441, 1.0]",2.3337567741072753,True
71,16,41.71737289428711,2.832873582839966,-0.005298358988712337,22.267323630242554,"[0.10250094532966614, 1.0]",2.330984511511873,True
71,17,43.94267272949219,2.8778109550476074,0.03942889888694978,22.220931403786135,"[0.05773988366127014, 1.0]",2.3252940265221156,True
71,18,46.16683578491211,2.98262882232666,0.07200708218578011,22.423482975349113,"[-0.038285911083221436, 1.0]",2.325068728808993,True
71,19,48.40357971191406,3.0971193313598633,0.06483891779572293,22.353109337334615,"[-0.15752574801445007, 1.0]",2.3373329190199588,True
71,20,50.6358528137207,3.1717848777770996,0.02812497848205453,22.269516568736936,"[-0.19985541701316833, 1.0]",2.332485926365957,True
71,21,52.86157989501953,3.1693434715270996,-0.017268069666128483,22.209176294983507,"[-0.11557048559188843, 1.0]",2.325668374626254,True
71,22,55.086753845214844,3.0961854457855225,-0.05637419342896077,22.428097161186276,"[0.0028752703219652176, 1.0]",2.3261003874206505,True
71,23,57.324893951416016,2.9917261600494385,-0.06414729486062942,22.373018684089345,"[0.09769296646118164, 1.0]",2.338818690279574,True
71,24,59.55958938598633,2.912167549133301,-0.034160633618555813,22.315818482076523,"[0.11019590497016907, 1.0]",2.335116617739657,True
71,25,61.78995895385742,2.9024765491485596,0.009035706104475238,22.26112932137189,"[0.09301578998565674, 1.0]",2.3305446498172673,True
71,26,64.01439666748047,2.969980478286743,0.05134747687143637,22.223517708712013,"[0.029557140544056892, 1.0]",2.324443543312251,True
71,27,66.23284912109375,3.082517147064209,0.07273838622111661,22.17107305760835,"[-0.09773200750350952, 1.0]",2.3182222823725187,True
71,28,68.4505844116211,3.17832612991333,0.0492999054673291,22.275918904553357,"[-0.21173062920570374, 1.0]",2.3179769255978337,True
71,29,70.67552185058594,3.2156457901000977,0.00685471032975471,22.199311661154844,"[-0.1818772554397583, 1.0]",2.3248343414400408,True
71,30,72.89923095703125,3.1698362827301025,-0.03916338172626954,22.35816167164161,"[-0.08347341418266296, 1.0]",2.3243208339677,True
71,31,75.13082122802734,3.058030366897583,-0.07382615436835938,22.321477086382583,"[0.03751668334007263, 1.0]",2.3320369178848153,True
71,32,77.35839080810547,2.9396049976348877,-0.06782072611023082,22.256574046216937,"[0.1277136206626892, 1.0]",2.327724163286101,True
71,33,79.58148193359375,2.863098382949829,-0.029310351483248454,22.198211545065124,"[0.11194565892219543, 1.0]",2.3229830774410742,True
71,34,81.80546569824219,2.8661563396453857,0.01886756421682989,22.355545488885312,"[0.0911165177822113, 1.0]",2.3245837193484213,True
71,35,84.03819274902344,2.9470183849334717,0.06138066996220104,22.319583488259962,"[0.013212235644459724, 1.0]",2.33316517647842,True
71,36,86.26585388183594,3.068279504776001,0.07786177552621076,22.267631336684744,"[-0.08929428458213806, 1.0]",2.3278654738275812,True
71,37,88.48834991455078,3.1707990169525146,0.05027861716793325,22.179642238651976,"[-0.2078557014465332, 1.0]",2.3223044227887777,True
71,38,90.70856475830078,3.208040714263916,0.004326571506942933,22.268496955229434,"[-0.1775427758693695, 1.0]",2.3204230800485326,True
71,39,92.93316650390625,3.1579012870788574,-0.04447305914961497,22.21816299465209,"[-0.07399070262908936, 1.0]",2.324583479081403,True
71,40,95.1559066772461,3.042888641357422,-0.08024703575653991,22.39855803361872,"[0.048544347286224365, 1.0]",2.323533684491128,True
71,41,97.39004516601562,2.920922040939331,-0.0733200206031892,22.33549136115955,"[0.12773916125297546, 1.0]",2.3346481998947493,True
71,42,99.6207275390625,2.8361949920654297,-0.03327020570808692,22.276419799665312,"[0.1214962899684906, 1.0]",2.330926262145369,True
71,43,101.84700775146484,2.8299155235290527,0.015207848246842737,22.21474994002505,"[0.120018869638443, 1.0]",2.3262465871324567,True
71,44,104.07138061523438,2.911531925201416,0.06524491670390553,22.37607181402351,"[0.05633646249771118, 1.0]",2.325065186932637,True
71,45,106.302734375,3.0580384731292725,0.10258776150899696,22.3373831050274,"[-0.055944085121154785, 1.0]",2.331871983738248,True
71,46,108.5293197631836,3.2126729488372803,0.09754946020073074,22.25388058906297,"[-0.1958293914794922, 1.0]",2.326727850834377,True
71,47,110.74919128417969,3.334933042526245,0.05332367555832995,22.153065023249194,"[-0.25351470708847046, 1.0]",2.3195603136007152,True
71,48,112.96562194824219,3.378892183303833,-0.00014048174750147524,22.19574382646369,"[-0.2112530767917633, 1.0]",2.3163115112815866,True
71,49,115.1864242553711,3.332942485809326,-0.054519834361938635,22.26638070938639,"[-0.10791885852813721, 1.0]",2.321001020321145,True
71,50,117.40868377685547,3.212132692337036,-0.0999791952212643,22.227370962216174,"[0.01709813065826893, 1.0]",2.322282690814348,True
71,51,119.624755859375,3.054440975189209,-0.11895728062333255,22.172873530975696,"[0.11566755175590515, 1.0]",10.0,True
72,0,6.775820255279541,0.0038193294312804937,0.002099902519526964,22.2890335152267,"[0.15123966336250305, 1.0]",1.8761209060980613,True
72,1,8.999191284179688,0.04484886676073074,0.021930332628475213,22.07744417437375,"[0.43277591466903687, 1.0]",2.3227195276848285,True
72,2,11.201607704162598,0.16802257299423218,0.06514092026333795,21.96164847587133,"[0.4958523213863373, 1.0]",2.301243838124331,True
72,3,13.384724617004395,0.3851929306983948,0.12154507425456273,21.855914316851518,"[0.513791024684906, 1.0]",2.281468527267629,True
72,4,15.548689842224121,0.6810992360115051,0.17878639293445353,21.77363878980765,"[0.3973035216331482, 1.0]",2.261946599773861,True
72,5,17.69269371032715,1.0558959245681763,0.2335046327976027,21.721630356930117,"[0.23908117413520813, 1.0]",2.241751204709213,True
72,6,19.816679000854492,1.5137639045715332,0.2865500080220187,21.73673980077102,"[0.06392091512680054, 1.0]",2.2218006196308133,True
72,7,21.927465438842773,2.0345921516418457,0.3263919631940402,21.768007988937995,"[-0.18948858976364136, 1.0]",2.208742473938502,True
72,8,24.040084838867188,2.5500640869140625,0.3165505177017618,21.693785405716202,"[-0.42758187651634216, 1.0]",2.210241434350137,True
72,9,26.150907516479492,3.0488648414611816,0.2545361485581763,21.675106794177832,"[-0.5057136416435242, 1.0]",2.208360658186105,True
72,10,28.272672653198242,3.483537435531616,0.1789630936727793,21.58228667617054,"[-0.5108432769775391, 1.0]",2.2188854267615175,True
72,11,30.39957046508789,3.833775043487549,0.10571138315155082,21.442081149941938,"[-0.46266260743141174, 1.0]",2.2233871770643874,True
72,12,32.52467727661133,4.09661865234375,0.03401522502303678,21.291474527320695,"[-0.3825685977935791, 1.0]",2.2209184468963805,True
72,13,34.64388656616211,4.272521018981934,-0.037275067355348135,21.151363908718103,"[-0.2704581320285797, 1.0]",2.2143904271400126,True
72,14,36.75517272949219,4.361326694488525,-0.10836895160334059,21.04079065063056,"[-0.11959782242774963, 1.0]",2.2059697212579157,True
72,15,38.85826873779297,4.362588405609131,-0.17937108995177997,20.974760208153324,"[0.03897485136985779, 1.0]",2.1974824292374713,True
72,16,40.95534133911133,4.278743743896484,-0.24786652792418185,20.995623378656678,"[0.17699551582336426, 1.0]",2.1915529065223143,True
72,17,43.050750732421875,4.130527019500732,-0.30109126704801525,21.052125396716523,"[0.30357274413108826, 1.0]",2.190143957595771,True
72,18,45.14795684814453,3.960719585418701,-0.31504703010835655,21.031003395414416,"[0.40041384100914, 1.0]",2.191845631002021,True
72,19,47.24580383300781,3.798395872116089,-0.2759056194610814,21.0574734478287,"[0.3812396824359894, 1.0]",2.1926056153785103,True
72,20,49.3452033996582,3.647998332977295,-0.18322561615550548,21.045144656698085,"[0.406636506319046, 1.0]",2.194102717605532,True
72,21,51.44723129272461,3.5307810306549072,-0.05383966301953258,21.035839119688386,"[0.39281269907951355, 1.0]",2.2006880825622277,True
72,22,53.54389190673828,3.493197441101074,0.0735598382593512,20.71963466350799,"[0.878485918045044, 1.0]",2.163389430098615,True
72,23,55.607242584228516,3.5344979763031006,0.1945995776970708,20.303878898148035,"[0.9056838154792786, 1.0]",2.089971409319648,True
72,24,57.625057220458984,3.6472537517547607,0.31206002862972415,19.82761039626258,"[0.9170865416526794, 1.0]",1.9988676367907128,True
72,25,59.58953857421875,3.8243770599365234,0.4261206881147821,19.30582266785731,"[0.9019198417663574, 1.0]",1.897361284820549,True
72,26,61.49435043334961,4.059812545776367,0.5360301452506793,18.73607388691194,"[0.8946316838264465, 1.0]",2.0387686410306305,True
72,27,63.333351135253906,4.346775531768799,0.6414259438130561,18.114370688048417,"[0.9229309558868408, 1.0]",1.912402691180179,True
72,28,65.1009750366211,4.677310466766357,0.7420920348584792,17.45164236186397,"[0.9279046058654785, 1.0]",1.784651386476169,True
72,29,66.79302215576172,5.043692588806152,0.8380804831862596,16.752757348837857,"[0.9367133378982544, 1.0]",1.6584327661828493,True
72,30,68.40624237060547,5.438105583190918,0.9293634587630066,16.022817195612966,"[0.9493027329444885, 1.0]",1.5354160661966503,True
72,31,69.93836975097656,5.852537155151367,1.0157646603245558,15.266216799303136,"[0.9838685989379883, 0.9923708438873291]",1.0734996066782687,True
72,32,71.38811492919922,6.278874397277832,1.096997465158589,14.489286730432474,"[0.9873758554458618, 0.9912471175193787]",0.9875770844045997,True
72,33,72.75475311279297,6.710241794586182,1.1730750892020145,13.696281063132169,"[0.9864962100982666, 0.9914582967758179]",0.9057507083784585,True
72,34,74.03813171386719,7.140410423278809,1.2440266274897418,12.890891878952335,"[0.9807928800582886, 0.9969233274459839]",0.8281931130181506,True
72,35,75.23851013183594,7.563636302947998,1.3098548264066459,12.075635837968344,"[0.9877529144287109, 0.9932113885879517]",0.7548120992920042,True
72,36,76.35652160644531,7.974507808685303,1.3705472856088994,11.252613912300658,"[0.9708093404769897, 1.0]",0.6853584391052037,True
72,37,77.39286041259766,8.368494033813477,1.4262417571038881,10.424280822165917,"[0.9763228893280029, 1.0]",0.6197163559523033,True
72,38,78.34855651855469,8.741144180297852,1.4769084717440517,9.591891329106796,"[0.9652523994445801, 1.0]",0.5574699079748081,True
72,39,79.22463989257812,9.088723182678223,1.5226362043398511,8.75796720401067,"[0.9701402187347412, 1.0]",0.4984193194409882,True
72,40,80.02232360839844,9.407700538635254,1.5634058290254123,7.922892721892527,"[0.9632882475852966, 1.0]",0.442187190127636,True
72,41,80.74273681640625,9.695104598999023,1.599245811455777,7.089734737804395,"[0.9764605760574341, 1.0]",0.3885304690622391,True
72,42,81.38701629638672,9.948311805725098,1.6301576382157879,6.254759695791872,"[0.9450193643569946, 1.0]",0.33713440453634985,True
72,43,81.9555435180664,10.165968894958496,1.656456528750267,5.42009412195736,"[0.9326010346412659, 1.0]",0.28799386055087267,True
72,44,82.4489517211914,10.346561431884766,1.6780973258339804,4.591591099779236,"[0.9564236402511597, 1.0]",0.24072707370663504,True
72,45,82.86830139160156,10.488368034362793,1.6948510392250735,3.769730868155376,"[0.962749719619751, 1.0]",0.19496401713785844,True
72,46,83.2139892578125,10.590720176696777,1.7068654327521537,2.9514556725690952,"[0.93644779920578, 1.0]",0.1506780239705639,True
72,47,83.48538208007812,10.654338836669922,1.714522853123972,2.1383410701217325,"[0.9050720930099487, 1.0]",0.10796803384896163,True
72,48,83.68106079101562,10.681168556213379,1.718176510402479,1.3356687471846054,"[0.8615216612815857, 1.0]",0.06694810018977371,True
72,49,83.79839324951172,10.675603866577148,1.7184047599526557,0.5738662779486032,"[0.8100208640098572, 1.0]",0.028341586706658584,True
72,50,83.83975219726562,10.652921676635742,1.715732477535843,0.16388905043617508,"[0.7687376737594604, 1.0]",-0.0002792211978823552,True
72,51,83.84313201904297,10.642264366149902,1.7126290126937895,0.11167889765065998,"[0.7601003646850586, 1.0]",-0.0038534895011224156,True
72,52,83.8326416015625,10.654134750366211,1.714171998295111,0.35994769562827184,"[0.7714924216270447, 1.0]",0.00484594738629731,True
72,53,83.8131332397461,10.690324783325195,1.7213533786220778,0.6156373491317907,"[0.7718943357467651, 1.0]",0.015637356419059015,True
72,54,83.78225708007812,10.749322891235352,1.734150183910288,0.86726500648155,"[0.786498486995697, 1.0]",0.0251518631392611,True
72,55,83.73799896240234,10.829630851745605,1.7526830553571222,1.1158457452597563,"[0.7934244871139526, 1.0]",0.03350531609702946,True
72,56,83.67889404296875,10.929859161376953,1.777116859278813,1.3566499396992615,"[0.8210484385490417, 1.0]",0.04088189953164847,True
72,57,83.603271484375,11.048192024230957,1.8076836235853337,1.5956984600989514,"[0.8267083764076233, 1.0]",0.04706509282364777,True
72,58,83.51041412353516,11.18403148651123,1.8438021133687745,1.8409301936218578,"[0.7985435724258423, 1.0]",0.052929980706496065,True
72,59,83.39991760253906,11.337560653686523,1.8844739927602485,2.089958921146516,"[0.7675690650939941, 1.0]",0.05894396649873011,True
72,60,83.27163696289062,11.509505271911621,1.9283174806281687,2.3562118519616835,"[0.6825135350227356, 1.0]",0.06552442688089247,True
72,61,83.12590026855469,11.701744079589844,1.9731763652407086,2.6280840319743795,"[0.6138439178466797, 1.0]",0.07334697542860752,True
72,62,82.96066284179688,11.91317081451416,2.018662391000449,2.8984413919090493,"[0.5732719302177429, 1.0]",0.08034834220094071,True
72,63,82.77249908447266,12.140660285949707,2.0655370888210967,3.1643027478109373,"[0.5551016330718994, 1.0]",0.08516112942752219,True
72,64,82.55836486816406,12.380892753601074,2.114540418011532,3.430436881122686,"[0.5341043472290039, 1.0]",0.08776610578662139,True
72,65,82.318603515625,12.63453197479248,2.1636585960239763,3.717185020883526,"[0.4319998323917389, 1.0]",0.09110370837414818,True
72,66,82.0566635131836,12.90665340423584,2.20792113228942,4.00760332174311,"[0.3315475583076477, 1.0]",0.09821558072398898,True
72,67,81.77445220947266,13.199441909790039,2.244842997905197,4.2966182385250535,"[0.23296144604682922, 1.0]",0.10731935604685598,True
72,68,81.47196197509766,13.512611389160156,2.274268065052401,4.580322260465296,"[0.18710681796073914, 1.0]",0.11670211086867596,True
72,69,81.14761352539062,13.844050407409668,2.2981666068844993,4.8628285290858395,"[0.13141804933547974, 1.0]",0.12504362021429777,True
72,70,80.80293273925781,14.195014953613281,2.31596690929448,5.14368534548756,"[0.07638588547706604, 1.0]",0.13497118177015907,True
72,71,80.4394760131836,14.566838264465332,2.3275057205075207,5.422919511108615,"[0.03787907958030701, 1.0]",0.14664904705050136,True
72,72,80.05870056152344,14.960691452026367,2.333234912381581,5.700494103915595,"[-0.004804281517863274, 1.0]",0.16009203289847185,True
72,73,79.66374206542969,15.379244804382324,2.332342287363214,5.975302531449937,"[-0.052237898111343384, 1.0]",0.17673449857429616,True
72,74,79.25857543945312,15.82567310333252,2.323927563845918,6.247436831927545,"[-0.09488120675086975, 1.0]",0.1973176725946056,True
72,75,78.84722900390625,16.30288314819336,2.3078762259028194,6.517173016361523,"[-0.13229012489318848, 1.0]",0.22197251330792347,True
72,76,78.43360900878906,16.813343048095703,2.284724301282324,6.786508012282808,"[-0.15774524211883545, 1.0]",0.25069160529625706,True
72,77,78.02472686767578,17.360843658447266,2.253393742375169,7.038625230645331,"[-0.22576719522476196, 1.0]",0.2852580666895548,True
72,78,77.63396453857422,17.951038360595703,2.2096274861788614,7.269136114514973,"[-0.29615259170532227, 1.0]",0.429693756183314,True
72,79,77.27513885498047,18.585826873779297,2.1522601334003824,7.424678336817378,"[-0.40805771946907043, 1.0]",0.49611407135235563,True
72,80,76.96331787109375,19.26215171813965,2.0817848681841022,7.565506092395271,"[-0.465813010931015, 1.0]",0.5666386909243207,True
72,81,76.7055892944336,19.978168487548828,2.001501313831114,7.787599019129856,"[-0.41304928064346313, 1.0]",0.6391835205939272,True
72,82,76.50001525878906,20.73484230041504,1.9177893057592992,8.048702159652688,"[-0.37001195549964905, 1.0]",0.7125805092977893,True
72,83,76.33710479736328,21.5295352935791,1.8400902327309356,8.344568305712446,"[-0.26823723316192627, 1.0]",0.780707326880286,True
72,84,76.19831085205078,22.35862159729004,1.7799664416451977,8.640662733326256,"[-0.15546119213104248, 1.0]",0.8402477871070615,True
72,85,76.07003784179688,23.21898078918457,1.7407391773422802,8.926716893908793,"[-0.08422747254371643, 1.0]",0.8933878002931557,True
72,86,75.9415054321289,24.107746124267578,1.7206935138829833,9.200748579323736,"[0.009620340541005135, 1.0]",0.9415314502944407,True
72,87,75.79972076416016,25.022335052490234,1.7191524923629657,9.475406199551024,"[0.040662914514541626, 1.0]",0.9855249382698398,True
72,88,75.64668273925781,25.963083267211914,1.7252841711015212,9.753731055757308,"[0.0184291023761034, 1.0]",0.9051559651511376,True
72,89,75.48644256591797,26.930830001831055,1.7311231850810334,10.031595434659623,"[0.02502879686653614, 1.0]",0.9457756750252206,True
72,90,75.31315612792969,27.924488067626953,1.7389879325437145,10.307851377570733,"[0.04274216294288635, 1.0]",0.9847000466481781,True
72,91,75.12127685546875,28.942842483520508,1.7507537116606575,10.583726675186837,"[0.05317625403404236, 1.0]",1.0659811859318955,True
72,92,74.92164611816406,29.985301971435547,1.7580148536622722,10.78080541546121,"[-0.11328268051147461, 1.0]",1.0909731122846145,True
72,93,74.75578308105469,31.053709030151367,1.7384487256467576,10.969747520800018,"[-0.18006637692451477, 1.0]",1.1177709225594203,True
72,94,74.64051818847656,32.1486930847168,1.6972537098710294,11.193637952824202,"[-0.1950739026069641, 1.0]",1.1453554253531386,True
72,95,74.58305358886719,33.2719612121582,1.6448328292774799,11.460419673883791,"[-0.16983827948570251, 1.0]",1.1748400159738832,True
72,96,74.57384490966797,34.4237174987793,1.5953058518765189,11.741433038232405,"[-0.11939439177513123, 1.0]",1.2045927352931396,True
72,97,74.59724426269531,35.60337448120117,1.5591026215555486,12.024410056482571,"[-0.05323070287704468, 1.0]",1.2337668276760465,True
72,98,74.63544464111328,36.81078338623047,1.5404085456389804,12.3031478572562,"[-0.007570324465632439, 1.0]",1.2627730703869497,True
72,99,74.67475128173828,38.045955657958984,1.5364042936059379,12.579104465635025,"[0.02432623691856861, 1.0]",1.2917782418238732,True
72,100,74.70349884033203,39.3089714050293,1.5435913706009234,12.853332234249185,"[0.04691809415817261, 1.0]",1.3208557421244338,True
72,101,74.71283721923828,40.59971237182617,1.5587113522168483,13.127482185637351,"[0.057742685079574585, 1.0]",1.349814636632243,True
72,102,74.69703674316406,41.917823791503906,1.5784318203003571,13.401935446494528,"[0.06186607480049133, 1.0]",1.3784201291869598,True
72,103,74.65402221679688,43.26287078857422,1.599408576371462,13.678897546556714,"[0.051216453313827515, 1.0]",1.4066020360298177,True
72,104,74.58942413330078,44.63484573364258,1.6164329418307128,13.95788602465202,"[0.023002775385975838, 1.0]",1.4347854321792934,True
72,105,74.51827239990234,46.034263610839844,1.6227943806311256,14.232745421129144,"[-0.024933485314249992, 1.0]",1.4634652315923469,True
72,106,74.4605941772461,47.461708068847656,1.614447621817086,14.50420447867158,"[-0.05374130606651306, 1.0]",1.4927133781618347,True
72,107,74.4283676147461,48.91722106933594,1.596156769295502,14.778258932781563,"[-0.056611478328704834, 1.0]",1.5220151656857983,True
72,108,74.42137908935547,50.400630950927734,1.576941389998524,15.056871233505339,"[-0.03168293833732605, 1.0]",1.551165802142571,True
72,109,74.42826080322266,51.911869049072266,1.5653290942647482,15.335162277474208,"[-0.002039281651377678, 1.0]",1.5802463283931651,True
72,110,74.43742370605469,53.450897216796875,1.563283050537227,15.61269996553843,"[0.012749137356877327, 1.0]",1.6092853175695323,True
72,111,74.4420394897461,55.01771545410156,1.5668928309364034,15.890633962721713,"[0.013159455731511116, 1.0]",1.6383260901369352,True
72,112,74.440185546875,56.61233901977539,1.5717508249256384,16.16877775328137,"[0.00998312421143055, 1.0]",1.6673830655635942,True
72,113,74.43296813964844,58.23476791381836,1.5755548687522853,16.447014005157634,"[0.0034488756209611893, 1.0]",10.0,True
73,0,6.692878723144531,6.996260643005371,-0.002055294571269073,21.224374835371577,"[-0.3312658965587616, 1.0]",1.7883884099037033,True
73,1,8.809671401977539,6.957556247711182,-0.020723388022451772,20.978187843708028,"[-0.8267906904220581, 0.7027551531791687]",2.2111945241296938,True
73,2,10.896964073181152,6.847117900848389,-0.05870832096636036,20.62622504212014,"[-0.8977314233779907, 0.5646690726280212]",2.180110683893154,True
73,3,12.94810962677002,6.654298782348633,-0.10737479356841462,20.48846531394534,"[-0.6801822185516357, 0.9846138954162598]",2.1433436475016214,True
73,4,14.977904319763184,6.385249614715576,-0.15727391028101145,20.415629643284195,"[-0.5124156475067139, 1.0]",2.121665026387943,True
73,5,16.98884391784668,6.038157939910889,-0.20393901732387043,20.367888583303415,"[-0.39552125334739685, 1.0]",2.1025950967083613,True
73,6,18.980159759521484,5.609048843383789,-0.24789036321593816,20.37527438721271,"[-0.2407473623752594, 1.0]",2.0830045764172618,True
73,7,20.956636428833008,5.095630168914795,-0.2891725559054743,20.570794242138927,"[-0.0345231294631958, 1.0]",2.0690452434011486,True
73,8,22.932464599609375,4.518686771392822,-0.31392810297636053,20.67397350535131,"[0.1465420126914978, 1.0]",2.068861051550448,True
73,9,24.9206485748291,3.9450953006744385,-0.29182053697734034,20.777803535236366,"[0.25456494092941284, 1.0]",2.0816840911282903,True
73,10,26.932151794433594,3.4201502799987793,-0.24787624846216083,20.831407039363125,"[0.3197847008705139, 1.0]",2.1052445512816265,True
73,11,28.96636390686035,2.9728281497955322,-0.20002670052448934,20.824383804709445,"[0.39150574803352356, 1.0]",2.1279218395479504,True
73,12,31.016090393066406,2.609678030014038,-0.15255678620020774,20.789920496577693,"[0.4120822250843048, 1.0]",2.1432811284406545,True
73,13,33.07532501220703,2.331045150756836,-0.10640673451216998,20.744443656055946,"[0.40298202633857727, 1.0]",2.1525846155928767,True
73,14,35.139827728271484,2.138167142868042,-0.06166229924747668,20.701055828082,"[0.3760903477668762, 1.0]",2.157657467290822,True
73,15,37.20649719238281,2.0319249629974365,-0.018156899679942384,20.669907660940453,"[0.33615949749946594, 1.0]",2.15968404858556,True
73,16,39.273128509521484,2.0129032135009766,0.02430933443024319,20.660116021276817,"[0.28551775217056274, 1.0]",2.1596018392344174,True
73,17,41.338348388671875,2.0814874172210693,0.06583760320450338,20.681007605064796,"[0.22519037127494812, 1.0]",2.158284413373182,True
73,18,43.401790618896484,2.238067388534546,0.10642484400758256,20.746843156504017,"[0.153725266456604, 1.0]",2.1568030244288776,True
73,19,45.465553283691406,2.483337879180908,0.14602791362982437,20.91941270132807,"[0.06282764673233032, 1.0]",2.157900021950898,True
73,20,47.53725051879883,2.796092987060547,0.1722276929598605,21.127381279003956,"[-0.06866821646690369, 1.0]",2.1667704508629395,True
73,21,49.62881088256836,3.1054694652557373,0.15386280039878297,21.24234840368774,"[-0.22656193375587463, 1.0]",2.187150931586126,True
73,22,51.738548278808594,3.364203929901123,0.11476426664505723,21.308391766741938,"[-0.29900428652763367, 1.0]",2.2245554056927404,True
73,23,53.84990310668945,3.546691417694092,0.07284358108417432,20.83564978384868,"[-1.0, -0.11527115106582642]",2.0854305198918346,True
73,24,55.91641616821289,3.6550216674804688,0.035083285778213735,20.173393175439386,"[-1.0, -0.35097190737724304]",1.8723270136781933,True
73,25,57.91945266723633,3.6935133934020996,-0.0031830101348626627,19.485892605264088,"[-1.0, -0.39017170667648315]",2.0507926439288138,True
73,26,59.853816986083984,3.662137269973755,-0.04349155112986658,18.803381335650542,"[-1.0, -0.4082513451576233]",1.7932514800699806,True
73,27,61.718170166015625,3.56368088722229,-0.08427679795999321,18.142542607638877,"[-1.0, -0.4205816686153412]",1.5722717106521815,True
73,28,63.51180648803711,3.40216064453125,-0.12388093284667079,17.477789553859875,"[-1.0, -0.42849406599998474]",1.3866661362098844,True
73,29,65.23167419433594,3.1804497241973877,-0.16186426789392616,16.797388587369912,"[-1.0, -0.43320176005363464]",1.2315276764470902,True
73,30,66.87401580810547,2.901926279067993,-0.19864372097041105,16.101017237389005,"[-1.0, -0.43522942066192627]",1.101736295510995,True
73,31,68.43492889404297,2.5707130432128906,-0.23499134247613895,15.380450819597188,"[-1.0, -0.4374558627605438]",0.9924733285184849,True
73,32,69.91000366210938,2.1913464069366455,-0.2718042182243048,14.633475550425873,"[-1.0, -0.4406200349330902]",0.899552661857823,True
73,33,71.29495239257812,1.768903374671936,-0.31012976947163473,13.866142258376726,"[-1.0, -0.44042539596557617]",0.8196905508847455,True
73,34,72.5863037109375,1.308717966079712,-0.3508942436452598,13.085055213316927,"[-1.0, -0.4421970248222351]",0.750537912637466,True
73,35,73.78144073486328,0.8161961436271667,-0.39472508149800234,12.297624454251988,"[-1.0, -0.4435134828090668]",0.6902305448838333,True
73,36,74.8784408569336,0.29661768674850464,-0.4419037791570828,11.507938200851443,"[-1.0, -0.4448617994785309]",0.6372721240168618,True
73,37,75.87584686279297,-0.2447255700826645,-0.49250091039138866,10.718047091644536,"[-1.0, -0.4459678530693054]",0.5902971332375437,True
73,38,76.77250671386719,-0.802300751209259,-0.5464933056994372,9.929669858208948,"[-1.0, -0.44330957531929016]",0.5480246099729321,True
73,39,77.56755065917969,-1.3700975179672241,-0.6038382213457325,9.139026133498298,"[-1.0, -0.4456500709056854]",0.5092280275349819,True
73,40,78.26031494140625,-1.9412691593170166,-0.6646198132207193,8.34567141827186,"[-1.0, -0.4456358253955841]",0.47265608345022825,True
73,41,78.85052490234375,-2.5083396434783936,-0.7290302283970487,7.549997714539878,"[-1.0, -0.4401732087135315]",0.43734063844753834,True
73,42,79.33846282958984,-3.0630412101745605,-0.797328059816568,6.747703585245047,"[-1.0, -0.4389505088329315]",-5.0,False
74,0,6.722369194030762,6.996256351470947,-0.002056492993759207,21.581238065764396,"[-0.3312658965587616, 1.0]",1.8194847653267014,True
74,1,8.874516487121582,6.95741081237793,-0.02072165696774242,21.31733940727273,"[-0.8331407308578491, 0.6913022994995117]",2.2480753204235477,True
74,2,10.995378494262695,6.846519947052002,-0.05858901134952532,20.94802910188062,"[-0.9055569767951965, 0.5492716431617737]",2.215128138099576,True
74,3,13.078381538391113,6.653131008148193,-0.1070285826267039,20.791769555252685,"[-0.6880340576171875, 0.9713691473007202]",2.176566007127055,True
74,4,15.138423919677734,6.383750915527344,-0.15668535168010322,20.70368568067515,"[-0.5177471041679382, 1.0]",2.1532089668496592,True
74,5,17.17827033996582,6.036629676818848,-0.20315831165031284,20.64016696587735,"[-0.4004552960395813, 1.0]",2.132727171634534,True
74,6,19.19711685180664,5.607825756072998,-0.24695639262164715,20.628985462657603,"[-0.24632145464420319, 1.0]",2.1116769464227794,True
74,7,21.1987247467041,5.094015121459961,-0.28894099404869245,20.783313841772326,"[-0.03948900103569031, 1.0]",2.0951328071854363,True
74,8,23.195690155029297,4.514926910400391,-0.31659326143725686,20.859101825998927,"[0.14597198367118835, 1.0]",2.0908313665421905,True
74,9,25.201839447021484,3.9387996196746826,-0.29588345553636497,20.9377620656862,"[0.2635890543460846, 1.0]",2.1003692212877754,True
74,10,27.227994918823242,3.408055543899536,-0.24951182884563305,20.97302981475584,"[0.3260202705860138, 1.0]",2.1205341059681593,True
74,11,29.27517318725586,2.955721855163574,-0.1995265588717725,20.943203692782205,"[0.40173080563545227, 1.0]",2.141422685050137,True
74,12,31.33572006225586,2.5884151458740234,-0.1502544834378341,20.882797303102407,"[0.41976335644721985, 1.0]",2.154519462863961,True
74,13,33.40327453613281,2.3059909343719482,-0.10218948576797526,20.80990898355285,"[0.4075222313404083, 1.0]",2.161199064302941,True
74,14,35.47343444824219,2.109553098678589,-0.05537311117520005,20.73672486213447,"[0.3780490458011627, 1.0]",2.16347517398898,True
74,15,37.54286193847656,1.999902606010437,-0.009637047878615412,20.67251356633073,"[0.3356706500053406, 1.0]",2.1624538012828634,True
74,16,39.60899353027344,1.9775290489196777,0.035237083331165486,20.625299475875657,"[0.2825813591480255, 1.0]",2.1589454394383156,True
74,17,41.670005798339844,2.0427210330963135,0.07937831260895578,20.6028869411723,"[0.21961897611618042, 1.0]",2.1537252593016816,True
74,18,43.724876403808594,2.1957080364227295,0.12282339157780076,20.616596843872145,"[0.14473533630371094, 1.0]",2.1476452912661745,True
74,19,45.77445602416992,2.43696928024292,0.16557005655077184,20.711485610645926,"[0.048175424337387085, 1.0]",2.1427813056092346,True
74,20,47.825008392333984,2.7444324493408203,0.19514073203057514,20.855405160767962,"[-0.0923420786857605, 1.0]",2.144401691387518,True
74,21,49.887786865234375,3.0553677082061768,0.17725440951738491,20.928746499787067,"[-0.25572165846824646, 1.0]",2.1569578321494323,True
74,22,51.963558197021484,3.329434871673584,0.12736927440051105,20.97065585801412,"[-0.32577869296073914, 1.0]",2.1848835349803344,True
74,23,54.04138946533203,3.526402473449707,0.07605801651989985,20.560913447036867,"[-1.0, -0.13721172511577606]",2.0375654285793643,True
74,24,56.08350372314453,3.6459946632385254,0.030704116839741502,20.058400419787766,"[-1.0, -0.3556186258792877]",1.8321385289615928,True
74,25,58.07823181152344,3.6915783882141113,-0.012150406157378058,19.535673145637233,"[-1.0, -0.39180564880371094]",2.0205039231744983,True
74,26,60.02092742919922,3.6640007495880127,-0.05312766690209969,19.011517741547742,"[-1.0, -0.40910375118255615]",1.7810515646580451,True
74,27,61.908931732177734,3.565809965133667,-0.09111273300406353,18.485790392833696,"[-1.0, -0.4213416874408722]",1.5735649554733093,True
74,28,63.73906326293945,3.3998208045959473,-0.1253410109143065,17.939715862384013,"[-1.0, -0.4293595850467682]",1.397347216331502,True
74,29,65.50638580322266,3.168794631958008,-0.15600158507022588,17.35419480153851,"[-1.0, -0.43401846289634705]",1.2483776243985576,True
74,30,67.20397186279297,2.87676739692688,-0.1840172407895322,16.708078660415634,"[-1.0, -0.43677082657814026]",1.1212481841735733,True
74,31,68.82466888427734,2.5309624671936035,-0.21380589600455924,16.028991935344816,"[-1.0, -0.4389473795890808]",1.0107861890268102,True
74,32,70.36424255371094,2.1372108459472656,-0.2497837375929297,15.349367977844564,"[-1.0, -0.4398477077484131]",0.9162281004579317,True
74,33,71.8209457397461,1.6977847814559937,-0.2915993614488084,14.68855408161465,"[-1.0, -0.44104740023612976]",0.837623680879505,True
74,34,73.19413757324219,1.214673638343811,-0.3368058551626314,14.038108497753955,"[-1.0, -0.4417925179004669]",0.7724500736744606,True
74,35,74.48226928710938,0.6906350255012512,-0.38385312582191666,13.38731476254499,"[-1.0, -0.4462955892086029]",0.7174488477887133,True
74,36,75.68325805664062,0.1294812262058258,-0.43237392351234316,12.73871140595947,"[-1.0, -0.44350147247314453]",0.6700493448042797,True
74,37,76.79541015625,-0.4642905294895172,-0.48259182060742223,12.089318502495562,"[-1.0, -0.44438275694847107]",0.6285620586655774,True
74,38,77.81704711914062,-1.085693597793579,-0.5348178743224761,11.43970255101231,"[-1.0, -0.44376516342163086]",0.5916287986186347,True
74,39,78.74671936035156,-1.7294474840164185,-0.5893952329639607,10.78993221442139,"[-1.0, -0.4442818760871887]",0.5582746473909104,True
74,40,79.58322143554688,-2.3899359703063965,-0.6466177763581662,10.140754959450012,"[-1.0, -0.4450627863407135]",0.5276673875274421,True
74,41,80.3257064819336,-3.0612237453460693,-0.706739836389195,9.49458736244163,"[-1.0, -0.4426770508289337]",-5.0,False
75,0,6.567690849304199,0.0038110825698822737,0.0021066935803073505,19.69594316668353,"[0.15123966336250305, 1.0]",1.6563225935542751,True
75,1,8.536457061767578,0.04451325535774231,0.022342723123274233,19.692049329082117,"[0.3976236879825592, 1.0]",2.0573804344442483,True
75,2,10.500431060791016,0.16527633368968964,0.06665905524273796,19.629374764740426,"[0.4605303108692169, 1.0]",2.0523061854647695,True
75,3,12.450518608093262,0.377050518989563,0.12316361040705814,19.565118967707978,"[0.4866285026073456, 1.0]",2.038130582656932,True
75,4,14.384527206420898,0.6676008701324463,0.18045246651240632,19.51874532209101,"[0.37666642665863037, 1.0]",2.0218429522770465,True
75,5,16.300912857055664,1.037867546081543,0.23572264651147457,19.50805094683351,"[0.22588470578193665, 1.0]",2.0041718798955164,True
75,6,18.200075149536133,1.4922233819961548,0.28953780844897903,19.58600577592067,"[0.06472307443618774, 1.0]",1.9872993184721117,True
75,7,20.0893497467041,2.0109031200408936,0.3300291754528164,19.632338911750576,"[-0.17359039187431335, 1.0]",1.9776201222708463,True
75,8,21.982276916503906,2.5259761810302734,0.32063953523946864,19.608654554078587,"[-0.40527865290641785, 1.0]",1.9811661152931583,True
75,9,23.88026237487793,3.018699884414673,0.26513220074532917,19.61153538528538,"[-0.4814527928829193, 1.0]",1.9862373676078076,True
75,10,25.794191360473633,3.441554546356201,0.2013898395284457,19.553684818420738,"[-0.49856916069984436, 1.0]",2.0019205672785967,True
75,11,27.71817970275879,3.7798945903778076,0.1396969139284332,19.45930627613405,"[-0.467546284198761, 1.0]",2.0115552205277596,True
75,12,29.64566993713379,4.031952381134033,0.07957911495514836,19.356726467028626,"[-0.4131523072719574, 1.0]",2.0145955034766287,True
75,13,31.572402954101562,4.197636127471924,0.020394354469772225,19.26340621276234,"[-0.33438101410865784, 1.0]",2.013418344925204,True
75,14,33.49586486816406,4.276181697845459,-0.03813287154246314,19.19577929141329,"[-0.2290782332420349, 1.0]",2.0098429208738597,True
75,15,35.415252685546875,4.266941547393799,-0.09627793393827222,19.17849264268713,"[-0.09411394596099854, 1.0]",2.0056910342749044,True
75,16,37.33374786376953,4.172393321990967,-0.15192508438964136,19.28940311783302,"[0.04350781440734863, 1.0]",2.0052974922529048,True
75,17,39.25836181640625,4.015536785125732,-0.19082814211935517,19.410667927307195,"[0.15548381209373474, 1.0]",2.0119619583096013,True
75,18,41.19285202026367,3.8442227840423584,-0.18591887096590298,19.49073223567967,"[0.21834611892700195, 1.0]",2.02219849891798,True
75,19,43.139198303222656,3.6782946586608887,-0.12716461047073846,19.688894447403406,"[0.1915094554424286, 1.0]",2.0349463079723,True
75,20,45.10639190673828,3.5631556510925293,-0.047061918045280926,19.76335756621638,"[0.21946436166763306, 1.0]",2.0561287125635985,True
75,21,47.0833625793457,3.5333259105682373,0.030852055438295167,19.79234566047961,"[0.1535111665725708, 1.0]",2.06603622807958,True
75,22,49.065120697021484,3.5896079540252686,0.10530605003364091,19.90518609434476,"[0.015504034236073494, 1.0]",2.071331455100333,True
75,23,51.052452087402344,3.7082200050354004,0.16440758673495193,19.9593510486373,"[-0.18468359112739563, 1.0]",2.0886934580229717,True
75,24,53.03864669799805,3.844912052154541,0.18611234961909773,19.778503728962093,"[0.3827674686908722, 1.0]",2.0941935250113755,True
75,25,54.99981689453125,4.062602519989014,0.2037496665703653,19.567964239639625,"[0.5313563346862793, 1.0]",2.0661185270130167,True
75,26,56.928348541259766,4.362475395202637,0.21985899484620042,19.343504746342575,"[0.6738690733909607, 1.0]",2.02549835965475,True
75,27,58.82090759277344,4.7392730712890625,0.2340280771098575,19.146322053401367,"[0.8197399973869324, 1.0]",1.9769368303325459,True
75,28,60.67937088012695,5.185061931610107,0.24648314889594047,18.990183254116925,"[0.9278331995010376, 1.0]",1.924668279894975,True
75,29,62.50843048095703,5.682703495025635,0.26550637487848494,18.821842766810246,"[1.0, 0.9908985495567322]",1.8658441655630538,True
75,30,64.30657958984375,6.226444244384766,0.29393708425368104,18.645638428118293,"[1.0, 0.9732445478439331]",1.7989047560225822,True
75,31,66.0700912475586,6.820858001708984,0.3277690837937204,18.471434656040095,"[1.0, 0.9646178483963013]",1.9695335546476536,True
75,32,67.79586029052734,7.469193935394287,0.36302241240753474,18.295456378599805,"[1.0, 0.9599820971488953]",1.890515917809738,True
75,33,69.48120880126953,8.171719551086426,0.39844751491166,18.118652895897004,"[1.0, 0.9564595222473145]",1.8128164637915305,True
75,34,71.1241455078125,8.927051544189453,0.4339919270326211,17.942870870638593,"[1.0, 0.9536898136138916]",1.7372842689545602,True
75,35,72.72301483154297,9.733362197875977,0.46981570475193024,17.767250212771618,"[1.0, 0.952043890953064]",1.6646851712046111,True
75,36,74.27605438232422,10.588942527770996,0.5060030705390632,17.591460927568583,"[1.0, 0.9504139423370361]",1.2095894407422882,True
75,37,75.78144073486328,11.49210262298584,0.5425781925809119,17.41575539161695,"[1.0, 0.9496122598648071]",1.160754059831914,True
75,38,77.2374496459961,12.44108772277832,0.5795394064017945,17.240259833429462,"[1.0, 0.9492126107215881]",1.1149459194429774,True
75,39,78.64238739013672,13.434059143066406,0.616884847788949,17.065067217361015,"[1.0, 0.9489107131958008]",1.0721739317778938,True
75,40,79.9946517944336,14.469087600708008,0.6546111877910112,16.89023458734876,"[1.0, 0.9484515190124512]",1.032386042477902,True
75,41,81.29268646240234,15.544157028198242,0.6927190921982547,16.715848019602806,"[1.0, 0.9485945105552673]",0.9954639438038682,True
75,42,82.53502655029297,16.65717315673828,0.7312158847036772,16.541825945657585,"[1.0, 0.9483270645141602]",0.9612701221455695,True
75,43,83.72026824951172,17.80596351623535,0.7701098876856847,16.368185252866603,"[1.0, 0.9480759501457214]",-5.0,False
76,0,6.623604774475098,3.503732919692993,0.0020744693311174345,20.488726356996647,"[0.03267344832420349, 1.0]",1.7158040430815826,True
76,1,8.675250053405762,3.5118234157562256,0.004434296373036162,20.674072729431316,"[-0.11283943057060242, 1.0]",2.144678606213105,True
76,2,10.745030403137207,3.4595630168914795,-0.028482108384233484,20.833963999195326,"[-0.1507110595703125, 1.0]",2.163533187727824,True
76,3,12.830604553222656,3.3338663578033447,-0.07160374643868828,21.106192852960223,"[-0.03794112801551819, 1.0]",2.18055201792377,True
76,4,14.93748950958252,3.1654043197631836,-0.09262527534517417,21.29766285582306,"[0.081199049949646, 1.0]",2.202724439211067,True
76,5,17.06474494934082,3.009485960006714,-0.07560288228960488,21.470230678842277,"[0.12726983428001404, 1.0]",2.2238714778130912,True
76,6,19.21265983581543,2.9048445224761963,-0.041252365285327386,21.6416275159155,"[0.12630337476730347, 1.0]",2.245302210296229,True
76,7,21.379907608032227,2.8755853176116943,-0.0009657953693169574,21.80412118266098,"[0.1102481484413147, 1.0]",2.2653663175387715,True
76,8,23.565011978149414,2.9279263019561768,0.040585110274207636,22.04833081381518,"[0.05482164025306702, 1.0]",2.284321858779356,True
76,9,25.77098274230957,3.0402956008911133,0.06714255213864195,22.294891473257646,"[-0.04461473226547241, 1.0]",2.3062977757898158,True
76,10,27.99492073059082,3.1499385833740234,0.05348785943953338,22.22498735730434,"[-0.15800201892852783, 1.0]",2.3239504313891195,True
76,11,30.214982986450195,3.2065629959106445,0.01781761295706641,22.145313642349304,"[-0.17623764276504517, 1.0]",2.319716167249947,True
76,12,32.43321228027344,3.1820228099823,-0.027636421580079507,22.29000840744339,"[-0.10889819264411926, 1.0]",2.3185343316567373,True
76,13,34.65890884399414,3.087498426437378,-0.06582681740208862,22.256331954198064,"[0.012135745957493782, 1.0]",2.3258500575145944,True
76,14,36.880279541015625,2.9706215858459473,-0.06989146701582172,22.199638138450965,"[0.09716463088989258, 1.0]",2.3212690686445137,True
76,15,39.10455322265625,2.884389877319336,-0.036476651660542814,22.434922811283126,"[0.09278300404548645, 1.0]",2.325230834291399,True
76,16,41.345802307128906,2.869638442993164,0.00698986575507643,22.384747677789935,"[0.07942140102386475, 1.0]",2.341980449022711,True
76,17,43.58297348022461,2.926356554031372,0.043876377907382746,22.3504995872288,"[0.011690618470311165, 1.0]",2.3377484212382327,True
76,18,45.81505584716797,3.015718936920166,0.05379825086458112,22.294259445719664,"[-0.0945468544960022, 1.0]",2.332406534449098,True
76,19,48.042137145996094,3.0755796432495117,0.025361149902770386,22.222647228093567,"[-0.15453213453292847, 1.0]",2.327083211354546,True
76,20,50.262901306152344,3.064603090286255,-0.017407752465302906,22.154381312915895,"[-0.1440461277961731, 1.0]",2.3204588760643716,True
76,21,52.48325729370117,2.984381914138794,-0.055010921266949175,22.413290914304415,"[-0.0019519906491041183, 1.0]",2.321215796663198,True
76,22,54.71916580200195,2.8737287521362305,-0.06184991894627245,22.34823110874115,"[0.14274168014526367, 1.0]",2.3364755482901165,True
76,23,56.95114517211914,2.7913427352905273,-0.034540267231946586,22.283397483334692,"[0.13717150688171387, 1.0]",2.3322546587921935,True
76,24,59.1781005859375,2.7783820629119873,0.006432066664759262,22.220695790794633,"[0.12421369552612305, 1.0]",2.3269485448769354,True
76,25,61.40373229980469,2.851811408996582,0.05331169133342417,22.399845496919855,"[0.07776203751564026, 1.0]",2.326431018603327,True
76,26,63.63779830932617,2.9927709102630615,0.08929113081844875,22.363555251381857,"[-0.03575533628463745, 1.0]",2.3347020081527026,True
76,27,65.86740112304688,3.144707202911377,0.08512434897691179,22.291634414541218,"[-0.15428826212882996, 1.0]",2.3299151685861386,True
76,28,68.09156036376953,3.2585103511810303,0.046870569920958616,22.195365444628575,"[-0.23305457830429077, 1.0]",2.324038385223485,True
76,29,70.3134536743164,3.294224500656128,-0.0011345066243730884,22.28802665602561,"[-0.16712543368339539, 1.0]",2.32218943049899,True
76,30,72.54008483886719,3.241992235183716,-0.04944824354004673,22.24038153181438,"[-0.05585220456123352, 1.0]",2.326712881443946,True
76,31,74.76025390625,3.1214234828948975,-0.08688669582827124,22.205738652686406,"[0.018307926133275032, 1.0]",2.3200948913199015,True
76,32,76.97880554199219,2.974443197250366,-0.09366417448641329,22.351186948742264,"[0.12712249159812927, 1.0]",2.3191319770115277,True
76,33,79.20807647705078,2.8487002849578857,-0.05801443434434006,22.28854854789812,"[0.1413322389125824, 1.0]",2.329569403524135,True
76,34,81.434814453125,2.792588710784912,-0.010513760509469172,22.222552118861426,"[0.14157986640930176, 1.0]",2.326739460609095,True
76,35,83.65564727783203,2.8240303993225098,0.03918202385389957,22.1667118291742,"[0.0914318859577179, 1.0]",2.3205830279383153,True
76,36,85.87516784667969,2.9285056591033936,0.08258222855837616,22.377002371785498,"[-0.00855022482573986, 1.0]",2.320217079520691,True
76,37,88.10599517822266,3.0707709789276123,0.09740218739244888,22.312320913964303,"[-0.14856389164924622, 1.0]",2.331232775655808,True
76,38,90.33155059814453,3.2006869316101074,0.06546675802270929,22.222979104737675,"[-0.22218918800354004, 1.0]",2.3255588258931947,True
76,39,92.55110168457031,3.2667174339294434,0.015954199142337977,22.13722165584054,"[-0.19924050569534302, 1.0]",2.3191685838770635,True
76,40,94.76768493652344,3.244513511657715,-0.03722207044965575,22.239508777376425,"[-0.10973048210144043, 1.0]",2.3166610414513187,True
76,41,96.98851013183594,3.1503472328186035,-0.08141136978512264,22.203911704711658,"[0.02514970488846302, 1.0]",2.3207427979837023,True
76,42,99.20825958251953,3.0296366214752197,-0.09317202231696697,22.33795252160422,"[0.12365907430648804, 1.0]",2.3202702370308126,True
76,43,101.43716430664062,2.922260046005249,-0.05745357261876993,22.277152250713243,"[0.13483497500419617, 1.0]",2.3291519092493034,True
76,44,103.66311645507812,2.878019094467163,-0.005420331766638142,22.215052986788432,"[0.13305121660232544, 1.0]",2.325919886878048,True
76,45,105.88782501220703,2.9214344024658203,0.04907633309381687,22.343549603215735,"[0.08355304598808289, 1.0]",2.325254530343377,True
76,46,108.11788177490234,3.038444995880127,0.09541054237123348,22.3063236906582,"[-0.02117261104285717, 1.0]",2.3304352193032742,True
76,47,110.3421630859375,3.187058448791504,0.11201761545480338,22.24021854754041,"[-0.16472426056861877, 1.0]",2.324362294499088,True
76,48,112.55976104736328,3.321833610534668,0.0792088024055726,22.134277076942883,"[-0.2661229074001312, 1.0]",2.317202208272024,True
76,49,114.77375030517578,3.399139165878296,0.022463763794818625,22.18623884096733,"[-0.2601042687892914, 1.0]",2.313827332596853,True
76,50,116.99351501464844,3.389064073562622,-0.03588622884687176,22.233225925739276,"[-0.16816246509552002, 1.0]",2.319814226138483,True
76,51,119.21316528320312,3.290334701538086,-0.09152086244111857,22.179333620567892,"[-0.03869184851646423, 1.0]",10.0,True
77,0,6.585688591003418,0.003811611793935299,0.002105761473925938,19.920616822986283,"[0.15123966336250305, 1.0]",1.6753313667068563,True
77,1,8.576884269714355,0.044544558972120285,0.022305039393849313,19.914534014338926,"[0.4009244740009308, 1.0]",2.0808110817754626,True
77,2,10.563074111938477,0.1654525101184845,0.06644227393000524,19.848623776259387,"[0.46408694982528687, 1.0]",2.0755086492172885,True
77,3,12.535125732421875,0.37745869159698486,0.12266812928624837,19.78130593096682,"[0.48949483036994934, 1.0]",2.061067497172749,True
77,4,14.490906715393066,0.6682012677192688,0.179676954002975,19.731953312936966,"[0.37908419966697693, 1.0]",2.044574772879408,True
77,5,16.428905487060547,1.0386115312576294,0.234672295777548,19.717780942547357,"[0.22797167301177979, 1.0]",2.0267287859089436,True
77,6,18.34943962097168,1.4930384159088135,0.28822060897382507,19.788553505520742,"[0.06632125377655029, 1.0]",2.0095826246859763,True
77,7,20.2597713470459,2.011643886566162,0.32847854990811776,19.83598169760186,"[-0.1718912422657013, 1.0]",1.9995936437134272,True
77,8,22.173799514770508,2.526538372039795,0.3188703973273297,19.810222816738783,"[-0.4046992361545563, 1.0]",2.0031741703999337,True
77,9,24.092552185058594,3.019460439682007,0.2627870210894052,19.812763017216668,"[-0.4811428189277649, 1.0]",2.007910103865561,True
77,10,26.027008056640625,3.442507266998291,0.19842973597682345,19.75253658720071,"[-0.49732333421707153, 1.0]",2.0233422862244343,True
77,11,27.97110366821289,3.780933380126953,0.13616955706462353,19.654692400297485,"[-0.4651864171028137, 1.0]",2.032541727373604,True
77,12,29.91823387145996,4.03296422958374,0.07544708736583594,19.548517216987122,"[-0.40910854935646057, 1.0]",2.0350985307235123,True
77,13,31.864166259765625,4.1985626220703125,0.015599599243193651,19.45186569977574,"[-0.3275945484638214, 1.0]",2.033465783954655,True
77,14,33.80644607543945,4.276995658874512,-0.0436380249898205,19.381149414614853,"[-0.21936354041099548, 1.0]",2.029494988039595,True
77,15,35.74433135986328,4.267634391784668,-0.10252704143614277,19.361177915294686,"[-0.0819346010684967, 1.0]",2.0250105850426543,True
77,16,37.681053161621094,4.173270225524902,-0.15873239045199306,19.46760320611489,"[0.05506491661071777, 1.0]",2.0243260161853294,True
77,17,39.62349319458008,4.016951084136963,-0.19793105906270547,19.58377189721577,"[0.16633915901184082, 1.0]",2.0305670064964554,True
77,18,41.575260162353516,3.8460421562194824,-0.19343018366241704,19.656097920030717,"[0.229193776845932, 1.0]",2.040219408413576,True
77,19,43.53773880004883,3.679487705230713,-0.13489390290247538,19.84357973083328,"[0.1999349594116211, 1.0]",2.051774746484062,True
77,20,45.52009963989258,3.5584566593170166,-0.05151272601707557,19.915286251563987,"[0.23059412837028503, 1.0]",2.071979627975788,True
77,21,47.51190185546875,3.521925687789917,0.029857631087259584,19.9318183924192,"[0.16531223058700562, 1.0]",2.0814953983420583,True
77,22,49.50730895996094,3.5736935138702393,0.1088917301253236,20.020787474587138,"[0.023091228678822517, 1.0]",2.0855006481278298,True
77,23,51.50639724731445,3.6899068355560303,0.17402905512119027,20.076590567717467,"[-0.19085970520973206, 1.0]",2.1008743941171466,True
77,24,53.5037956237793,3.8245108127593994,0.2022927842960378,19.866117057557243,"[0.4088588058948517, 1.0]",2.099232395092933,True
77,25,55.473262786865234,4.039450645446777,0.22633513682700013,19.61179622586284,"[0.5692724585533142, 1.0]",2.0627539888567767,True
77,26,57.405860900878906,4.334573745727539,0.2485514929565502,19.328364247182073,"[0.7113004922866821, 1.0]",2.0124714122365073,True
77,27,59.29681396484375,4.703922748565674,0.26867047656960885,19.041842065835347,"[0.8419403433799744, 1.0]",1.953082602873474,True
77,28,61.143775939941406,5.14227294921875,0.28489538603675246,18.769645486550125,"[0.9388787746429443, 1.0]",1.8882402771619797,True
77,29,62.946678161621094,5.647005558013916,0.2963951819398236,18.558345054770328,"[1.0, 0.9893895387649536]",1.8224052313059256,True
77,30,64.71224975585938,6.2069854736328125,0.30961564622319493,18.383376316524064,"[1.0, 0.9722589254379272]",2.00156663806328,True
77,31,66.44507598876953,6.809931755065918,0.33340033791869317,18.205493349016038,"[1.0, 0.9651541709899902]",1.9232967001979813,True
77,32,68.14238739013672,7.458397388458252,0.36574056777412434,18.031076207647807,"[1.0, 0.9585981369018555]",1.8444502458948862,True
77,33,69.80076599121094,8.15703296661377,0.40130548623547924,17.85654620460077,"[1.0, 0.9550578594207764]",1.768644500234847,True
77,34,71.41708374023438,8.907455444335938,0.43756855237659664,17.67998101447936,"[1.0, 0.952533483505249]",1.6961407035933305,True
77,35,72.98890686035156,9.708911895751953,0.47401957111164794,17.503714537861192,"[1.0, 0.9507409334182739]",1.626930642296859,True
77,36,74.5145263671875,10.559615135192871,0.510744895438977,17.32847976857421,"[1.0, 0.9495079517364502]",1.1837118182713526,True
77,37,75.99229431152344,11.457674980163574,0.5478349396775926,17.153464080637715,"[1.0, 0.9490976333618164]",1.1373721440381266,True
77,38,77.42047119140625,12.40126895904541,0.5853217283396024,16.97853053788644,"[1.0, 0.9484452605247498]",1.093922068997061,True
77,39,78.79736328125,13.388521194458008,0.6232115864325953,16.80382840593146,"[1.0, 0.9479711651802063]",1.0533656121100434,True
77,40,80.121337890625,14.417471885681152,0.6615033155340821,16.629408741818754,"[1.0, 0.9475926756858826]",1.0156314216111695,True
77,41,81.39081573486328,15.486075401306152,0.7001975814343337,16.45549486605449,"[1.0, 0.9481984376907349]",0.9806021337705834,True
77,42,82.60430145263672,16.592205047607422,0.7392953828187592,16.282049220967096,"[1.0, 0.9481381177902222]",0.9481407774415679,True
77,43,83.76040649414062,17.73365020751953,0.7788005146919135,16.109176198453522,"[1.0, 0.9488434195518494]",-5.0,False
78,0,6.624176025390625,6.9962615966796875,-0.0020586235226307537,20.362694118789264,"[-0.3312658965587616, 1.0]",1.7158081489251766,True
78,1,8.6549711227417,6.957579612731934,-0.020912206143737677,20.124811066286444,"[-0.8109031915664673, 0.7311749458312988]",2.1213567471493633,True
78,2,10.657123565673828,6.847167491912842,-0.05976506328690423,19.788318740895793,"[-0.8772711753845215, 0.6044508814811707]",2.09119987726616,True
78,3,12.624324798583984,6.654240608215332,-0.10982250492630641,19.663080469519805,"[-0.6583747863769531, 1.0]",2.0556850950229952,True
78,4,14.570931434631348,6.384792804718018,-0.16118462918373755,19.599051350093177,"[-0.4968469440937042, 1.0]",2.0348023671227824,True
78,5,16.499059677124023,6.03708028793335,-0.20934882960420254,19.562127325284763,"[-0.3777005970478058, 1.0]",2.0161578154564572,True
78,6,18.40802764892578,5.607093811035156,-0.25488196002572305,19.586447524536307,"[-0.21624204516410828, 1.0]",1.9971069856621713,True
78,7,20.305057525634766,5.099432945251465,-0.29380472514750355,19.810705304393437,"[-0.009502438828349113, 1.0]",1.9861780505787547,True
78,8,22.207847595214844,4.541905879974365,-0.3071871096251515,19.94203182637026,"[0.15354079008102417, 1.0]",1.9925292127987444,True
78,9,24.128217697143555,3.9965407848358154,-0.2798139415188272,20.057164172411614,"[0.22392192482948303, 1.0]",2.010627340704563,True
78,10,26.074806213378906,3.5084896087646484,-0.23764531566045743,20.116701467647793,"[0.2960602939128876, 1.0]",2.0371136728397667,True
78,11,28.044254302978516,3.098102569580078,-0.191252117364896,20.131309852745506,"[0.34999027848243713, 1.0]",2.0600389839369644,True
78,12,30.030487060546875,2.770958423614502,-0.1445044523282446,20.13060587439371,"[0.36350271105766296, 1.0]",2.076820484003131,True
78,13,32.02871322631836,2.5285027027130127,-0.09898650192493719,20.126944949285452,"[0.34971216320991516, 1.0]",2.088797418043269,True
78,14,34.035343170166016,2.3720126152038574,-0.054826896835624694,20.133439776867053,"[0.31838756799697876, 1.0]",2.097230422843558,True
78,15,36.04793167114258,2.3023712635040283,-0.01187716582953513,20.161104373017704,"[0.2751527428627014, 1.0]",2.1033134706551424,True
78,16,38.0650634765625,2.3202178478240967,0.02999491704145374,20.22106348972211,"[0.22216615080833435, 1.0]",2.1081265911236713,True
78,17,40.08642578125,2.4257113933563232,0.07099081991380629,20.32309310193964,"[0.15881887078285217, 1.0]",2.1128162236462282,True
78,18,42.11371994018555,2.6180050373077393,0.11191867902030772,20.51703201047582,"[0.0787310004234314, 1.0]",2.119620802982688,True
78,19,44.153594970703125,2.875521659851074,0.14110585930314024,20.76704737803644,"[-0.03669768571853638, 1.0]",2.133326743718742,True
78,20,46.21572494506836,3.136721611022949,0.13138412290185997,20.897080000877796,"[-0.1818387508392334, 1.0]",2.1561668343691847,True
78,21,48.295894622802734,3.352475643157959,0.0984907544880187,20.985967460979307,"[-0.25854334235191345, 1.0]",2.1746065313087817,True
78,22,50.390785217285156,3.4949264526367188,0.05736915041221469,21.04642171259077,"[-0.26566290855407715, 1.0]",2.1992008985200986,True
78,23,52.487117767333984,3.558023691177368,0.015079084408137433,20.74601157725857,"[-1.0, 0.19520080089569092]",2.151776893354376,True
78,24,54.54910659790039,3.5476481914520264,-0.020911806669574595,20.168692959657918,"[-1.0, -0.2464768886566162]",2.014923204403502,True
78,25,56.550628662109375,3.4690558910369873,-0.05399412636275702,19.49038260445683,"[-1.0, -0.3366973102092743]",1.8252813923540019,True
78,26,58.47959899902344,3.3245675563812256,-0.08851069146100166,18.769097478693574,"[-1.0, -0.3779699504375458]",2.023846100035058,True
78,27,60.330413818359375,3.11683988571167,-0.12560479702027916,18.05926434337421,"[-1.0, -0.39900001883506775]",1.7875238034451106,True
78,28,62.10228729248047,2.8506453037261963,-0.16382502024649703,17.357080973468136,"[-1.0, -0.4123724699020386]",1.5792327584902108,True
78,29,63.79341506958008,2.529881715774536,-0.20223912160007274,16.64103619013066,"[-1.0, -0.4282362461090088]",1.399959125511806,True
78,30,65.40048217773438,2.158078670501709,-0.24102673129653152,15.916277019067211,"[-1.0, -0.4322604835033417]",1.2472217766447564,True
78,31,66.9206771850586,1.739090085029602,-0.28067840360866647,15.182791839599501,"[-1.0, -0.4333471953868866]",1.1180346578803244,True
78,32,68.35120391845703,1.2770655155181885,-0.3216336932743955,14.438502074369342,"[-1.0, -0.43706271052360535]",1.0086562438079392,True
78,33,69.6893539428711,0.7765275239944458,-0.36433308713801793,13.6864856846073,"[-1.0, -0.4399315416812897]",0.915564450478602,True
78,34,70.93282318115234,0.2423066645860672,-0.4091110782324465,12.929040784682543,"[-1.0, -0.4439205825328827]",0.8358102912425465,True
78,35,72.07977294921875,-0.32053571939468384,-0.45615595204675063,12.170391607990808,"[-1.0, -0.44025522470474243]",0.7669369456165445,True
78,36,73.1286392211914,-0.9067586660385132,-0.5055743681825877,11.404900899742453,"[-1.0, -0.4479079246520996]",0.7068162507770828,True
78,37,74.07792663574219,-1.5105804204940796,-0.5575958911259233,10.639062386198974,"[-1.0, -0.441677987575531]",0.6534686341459823,True
78,38,74.92654418945312,-2.126161813735962,-0.612394025821775,9.869394249097647,"[-1.0, -0.4400421977043152]",0.6055755740725199,True
78,39,75.6735610961914,-2.7468512058258057,-0.6702012662333079,9.093011887617637,"[-1.0, -0.445036917924881]",0.5615263177700528,True
78,40,76.3185043334961,-3.3652968406677246,-0.7313831312201344,8.31347184859017,"[-1.0, -0.4423147141933441]",0.520064551468912,True
78,41,76.8614273071289,-3.973823308944702,-0.7962835680370386,7.530780758901852,"[-1.0, -0.43689611554145813]",0.4802773499193666,True
78,42,77.3030014038086,-4.5637993812561035,-0.8652956592609158,6.736312320063047,"[-1.0, -0.45024681091308594]",0.4409146582334015,True
78,43,77.64485168457031,-5.125354290008545,-0.939035394051901,5.937274182855464,"[-1.0, -0.4469791650772095]",0.40070499151170613,True
78,44,77.88970184326172,-5.648248672485352,-1.018011169862092,5.131019032779258,"[-1.0, -0.4381452798843384]",-5.0,False
79,0,6.585508346557617,0.0038101256359368563,0.0021045630514349156,19.92303300712753,"[0.15123966336250305, 1.0]",1.675161995089691,True
79,1,8.57707405090332,0.04449370130896568,0.022276543570185936,19.923594374832774,"[0.40095821022987366, 1.0]",2.0812218790324506,True
79,2,10.56432056427002,0.16522246599197388,0.06631111324631878,19.863940026684734,"[0.4641914665699005, 1.0]",2.0766342434867804,True
79,3,12.538040161132812,0.3769500255584717,0.12235507470010987,19.801027018267128,"[0.48972561955451965, 1.0]",2.062824218444995,True
79,4,14.495923042297363,0.6674439311027527,0.17915177863601173,19.755197598255847,"[0.3795623481273651, 1.0]",2.046781270356702,True
79,5,16.43639373779297,1.0376821756362915,0.2339287412011979,19.744585660509184,"[0.22874534130096436, 1.0]",2.029321330967897,True
79,6,18.359790802001953,1.4920387268066406,0.2872457588568018,19.819630515578456,"[0.06767120957374573, 1.0]",2.0125854015290874,True
79,7,20.273433685302734,2.010730504989624,0.3272572242322074,19.872842862346058,"[-0.16934531927108765, 1.0]",2.0030706761813386,True
79,8,22.191268920898438,2.5260376930236816,0.3173709044755606,19.85425683986519,"[-0.40253496170043945, 1.0]",2.0071793913750966,True
79,9,24.114662170410156,3.0191633701324463,0.2614529105413297,19.8632833208156,"[-0.47913897037506104, 1.0]",2.012778024455389,True
79,10,26.05440330505371,3.4421560764312744,0.19767219980474948,19.80794421024392,"[-0.495591938495636, 1.0]",2.0288768835896525,True
79,11,28.004215240478516,3.7805447578430176,0.13602295004661435,19.714307628647752,"[-0.4641760289669037, 1.0]",2.0385263197537196,True
79,12,29.957422256469727,4.032630920410156,0.07590328686056669,19.611872541376943,"[-0.40910425782203674, 1.0]",2.041460442427407,True
79,13,31.90976905822754,4.198312759399414,0.016679244749111533,19.518539695008503,"[-0.3291580379009247, 1.0]",2.0401802303853507,True
79,14,33.8587760925293,4.276825428009033,-0.041907636071541354,19.45083094722398,"[-0.22265681624412537, 1.0]",2.0365357735642657,True
79,15,35.80379104614258,4.267521858215332,-0.10012859855841771,19.438250068711515,"[-0.07957309484481812, 1.0]",2.032487078922483,True
79,16,37.748504638671875,4.173678398132324,-0.1553383248007414,19.556638431174598,"[0.05497989058494568, 1.0]",2.0327184654695825,True
79,17,39.70011520385742,4.018666744232178,-0.19280114501294054,19.68129246081315,"[0.16274771094322205, 1.0]",2.040176381259206,True
79,18,41.66260528564453,3.849184513092041,-0.1860889138015045,19.791873743257085,"[0.21112555265426636, 1.0]",2.051553513631766,True
79,19,43.639244079589844,3.6844379901885986,-0.12528641611196,19.992828019278218,"[0.1950930655002594, 1.0]",2.0666065200320647,True
79,20,45.63724899291992,3.570831298828125,-0.0436105944305929,20.07609530347463,"[0.20354029536247253, 1.0]",2.088347342195714,True
79,21,47.645687103271484,3.542736053466797,0.035783430828795204,20.111114430980603,"[0.13838815689086914, 1.0]",2.0989381252909753,True
79,22,49.65866470336914,3.603548526763916,0.11325904799694442,20.20006773975132,"[0.023070814087986946, 1.0]",2.103877904926537,True
79,23,51.67545700073242,3.7290592193603516,0.1771101993443569,20.27317243861598,"[-0.17995741963386536, 1.0]",2.1228292942611144,True
79,24,53.69148254394531,3.8752052783966064,0.20485980527076464,20.05335529316708,"[0.4480990469455719, 1.0]",2.121460417485495,True
79,25,55.678123474121094,4.101377487182617,0.22813050687587655,19.779495053619463,"[0.6357914805412292, 1.0]",2.0825915738406002,True
79,26,57.62565994262695,4.405898094177246,0.24906867884024386,19.46846262574944,"[0.8041864633560181, 1.0]",2.028253050413703,True
79,27,59.529178619384766,4.7821478843688965,0.26729655176323686,19.164183550839976,"[0.9170916080474854, 1.0]",1.9639873689202267,True
79,28,61.387603759765625,5.225747585296631,0.281145388905812,18.90028584527275,"[0.9640324711799622, 1.0]",1.8955218003386243,True
79,29,63.20344543457031,5.734683513641357,0.2907523430641099,18.71021234098562,"[1.0, 0.9880673885345459]",1.8284055747049046,True
79,30,64.98504638671875,6.2949090003967285,0.305041134418766,18.542146980906907,"[1.0, 0.9660992622375488]",2.005999118106274,True
79,31,66.73489379882812,6.8975138664245605,0.33060481772243655,18.37013634294343,"[1.0, 0.9606547355651855]",1.9249295696920794,True
79,32,68.4495849609375,7.5469889640808105,0.363648654737867,18.201996163904276,"[1.0, 0.9562791585922241]",1.844323122060085,True
79,33,70.1257095336914,8.247754096984863,0.3990870730474425,18.03226970038776,"[1.0, 0.953117847442627]",1.7670875315427286,True
79,34,71.76022338867188,9.000924110412598,0.4349586545083195,17.860969358823926,"[1.0, 0.9517608880996704]",1.69322751086018,True
79,35,73.35092163085938,9.80546760559082,0.47097677640817803,17.69076356229768,"[1.0, 0.9498966336250305]",1.2300328382906882,True
79,36,74.89620208740234,10.65953540802002,0.5072619467863442,17.521669593352556,"[1.0, 0.9511020183563232]",1.1801772950941087,True
79,37,76.3944320678711,11.561330795288086,0.5438948594238475,17.352718070460792,"[1.0, 0.950867772102356]",1.1332826550444,True
79,38,77.84385681152344,12.509086608886719,0.5809038104072695,17.18316613787057,"[1.0, 0.9461866617202759]",1.089386310562201,True
79,39,79.24272918701172,13.500954627990723,0.618294858428091,17.01368426228805,"[1.0, 0.9452345371246338]",1.0484534788407698,True
79,40,80.58939361572266,14.535029411315918,0.6560704669103199,16.844491150405275,"[1.0, 0.9453912377357483]",1.010426894945849,True
79,41,81.88227081298828,15.609317779541016,0.694231900855474,16.67513171102689,"[1.0, 0.9418559074401855]",0.9751775312897233,True
79,42,83.11981201171875,16.721712112426758,0.7327770297346818,16.505645004671212,"[1.0, 0.9384856224060059]",0.9425264295170516,True
79,43,84.30059814453125,17.870037078857422,0.7717123782926123,16.33695500166275,"[1.0, 0.941005527973175]",-5.0,False
80,0,6.62954044342041,0.0038138290401548147,0.0021046962094892763,20.465224439603798,"[0.15123966336250305, 1.0]",1.7216339533986273,True
80,1,8.675029754638672,0.04465145617723465,0.022230470883327413,20.44991848831576,"[0.4088055491447449, 1.0]",2.1375139444156828,True
80,2,10.714595794677734,0.16601812839508057,0.06599872445045296,20.372685226378188,"[0.4724368751049042, 1.0]",2.1312431235577645,True
80,3,12.7390718460083,0.3787528872489929,0.12166251965863495,20.295719234158824,"[0.4960642158985138, 1.0]",2.115806787884281,True
80,4,14.746580123901367,0.6701147556304932,0.17812153476831494,20.23749677764171,"[0.3844837248325348, 1.0]",2.098577013392454,True
80,5,16.73573875427246,1.0409879684448242,0.23258304590238055,20.213323639402326,"[0.2325071394443512, 1.0]",2.080118586748404,True
80,6,18.706703186035156,1.495661973953247,0.2856204316435269,20.266447151609512,"[0.06934651732444763, 1.0]",2.062163443944938,True
80,7,20.666584014892578,2.014127492904663,0.3254452094265172,20.31354869607373,"[-0.16936782002449036, 1.0]",2.051291797989754,True
80,8,22.630002975463867,2.528508424758911,0.3154463711138149,20.279452279551794,"[-0.40462765097618103, 1.0]",2.054676495829272,True
80,9,24.596946716308594,3.02193021774292,0.25790864260459845,20.2770889993708,"[-0.4816490113735199, 1.0]",2.0581906413418953,True
80,10,26.578603744506836,3.445617914199829,0.1917698358808071,20.207838400840576,"[-0.4954582750797272, 1.0]",2.072592301002025,True
80,11,28.56863021850586,3.784470319747925,0.12776848224791415,20.099565760656326,"[-0.4601456820964813, 1.0]",2.0804745199219767,True
80,12,30.560407638549805,4.036629676818848,0.06521468982553369,19.983268698742705,"[-0.3990940749645233, 1.0]",2.0817021291882876,True
80,13,32.5497932434082,4.202218532562256,0.0033948645995787174,19.876825359928674,"[-0.3116597831249237, 1.0]",2.0788313189780774,True
80,14,34.53446578979492,4.280607223510742,-0.05792814792502199,19.79776597826291,"[-0.19375380873680115, 1.0]",2.073762493288902,True
80,15,36.51390075683594,4.271205902099609,-0.11899123592723093,19.770065788273275,"[-0.05034869909286499, 1.0]",2.0684002630882454,True
80,16,38.491329193115234,4.17762565612793,-0.17689794540547776,19.86164303119972,"[0.08494371175765991, 1.0]",2.0668058299196956,True
80,17,40.47312927246094,4.023094177246094,-0.21714390211486467,19.96131875272821,"[0.19563350081443787, 1.0]",2.0716260137329803,True
80,18,42.462562561035156,3.8539514541625977,-0.21393465984326454,20.0127530070308,"[0.2594345211982727, 1.0]",2.0794906771058574,True
80,19,44.45992660522461,3.6883773803710938,-0.15694967041829422,20.16264475856209,"[0.22639688849449158, 1.0]",2.0880959456029826,True
80,20,46.47357940673828,3.5543322563171387,-0.06533146943933321,20.22935959795392,"[0.2661634087562561, 1.0]",2.1046849197044644,True
80,21,48.49598693847656,3.5020792484283447,0.02549297637672865,20.22104741604162,"[0.19484901428222656, 1.0]",2.1134022451104686,True
80,22,50.519493103027344,3.5396475791931152,0.11491912946244476,20.26025731317947,"[0.036358535289764404, 1.0]",2.113621008366436,True
80,23,52.53588104248047,3.665278673171997,0.2030639025896699,20.012853245297126,"[0.5373475551605225, 1.0]",2.1136824376805095,True
80,24,54.5202751159668,3.869518280029297,0.28858532888511235,19.69378497489141,"[0.6077513098716736, 1.0]",2.0808874125707,True
80,25,56.46251678466797,4.147974967956543,0.3724156478883538,19.328447670401495,"[0.6121044158935547, 1.0]",2.03048640397152,True
80,26,58.35529327392578,4.497414588928223,0.45499534644369444,18.925379675215474,"[0.6178446412086487, 1.0]",1.9674430299806687,True
80,27,60.192718505859375,4.913362979888916,0.5360523160667547,18.494638976787733,"[0.6182431578636169, 1.0]",1.8951481836940436,True
80,28,61.969757080078125,5.390388488769531,0.614988344197676,18.021220756040915,"[0.6664332747459412, 1.0]",1.8160976076399071,True
80,29,63.68085861206055,5.921900749206543,0.6912763246777045,17.505825893419402,"[0.7196782827377319, 1.0]",1.7312575780371717,True
80,30,65.32120513916016,6.500872611999512,0.7645895542201142,16.9546181511019,"[0.7613213658332825, 1.0]",1.8711617842737547,True
80,31,66.8868408203125,7.120436668395996,0.8347396141777823,16.372043495743096,"[0.7974646687507629, 1.0]",1.7683281517870406,True
80,32,68.37464904785156,7.773833274841309,0.901514583506966,15.762422645882044,"[0.8352649211883545, 1.0]",1.6657336102495934,True
80,33,69.78236389160156,8.45416259765625,0.9645281706915485,15.127854165262448,"[0.8884480595588684, 1.0]",1.5647314479229504,True
80,34,71.10848999023438,9.154439926147461,1.0232638223485964,14.4744169853033,"[0.9227179884910583, 1.0]",1.4662141492842962,True
80,35,72.3520736694336,9.868502616882324,1.0774014930941087,13.805834312717499,"[0.9529745578765869, 1.0]",1.3712354444245882,True
80,36,73.51261901855469,10.590743064880371,1.1266650797020716,13.126472845094108,"[0.9779075384140015, 1.0]",1.2803949573785922,True
80,37,74.59001159667969,11.316192626953125,1.1708295450603732,12.440812801842014,"[0.9948936700820923, 0.9935289025306702]",0.9044225468859128,True
80,38,75.5843276977539,12.040675163269043,1.2097552063698398,11.753869488432624,"[1.0, 0.9899352192878723]",0.8429966732846381,True
80,39,76.49574279785156,12.76087474822998,1.2434024491092552,11.07030225632179,"[1.0, 0.9876677989959717]",0.7854477402525626,True
80,40,77.32445526123047,13.474125862121582,1.2717534300993156,10.394381573243324,"[1.0, 0.9892374277114868]",0.7318115137465195,True
80,41,78.07071685791016,14.17824649810791,1.2947951164954388,9.731026463034999,"[1.0, 0.9869945049285889]",0.6820239908163224,True
80,42,78.73477172851562,14.871540069580078,1.3125125945955176,9.086687454345313,"[1.0, 0.9847956895828247]",0.6360071523869908,True
80,43,79.31683349609375,15.552814483642578,1.3248981079428788,8.469679244968031,"[1.0, 0.9813168048858643]",0.593707634176523,True
80,44,79.81709289550781,16.221426010131836,1.3319482277176178,7.891016089296881,"[1.0, 0.977267861366272]",0.555132267973232,True
80,45,80.23572540283203,16.877365112304688,1.3336538658825159,7.366148550388404,"[1.0, 0.9737356901168823]",0.5203869575246611,True
80,46,80.57289123535156,17.521493911743164,1.3299979782065963,6.919846663883416,"[1.0, 0.9716489315032959]",0.4897956185798781,True
80,47,80.82907104492188,18.15647315979004,1.3210067136028112,6.611867830682533,"[1.0, 0.9636325836181641]",0.46450901182348353,True
80,48,81.01457977294922,18.787010192871094,1.3124537054459129,6.430768468413873,"[1.0, 0.9626074433326721]",0.4471977279512802,True
80,49,81.15460205078125,19.41130256652832,1.3210838786953971,6.272923390349563,"[1.0, 0.9640396237373352]",-5.0,False
81,0,6.650545120239258,6.9962615966796875,-0.002056892467923177,20.69589009389542,"[-0.3312658965587616, 1.0]",1.7436766256617873,True
81,1,8.714645385742188,6.957595348358154,-0.020824588143874223,20.457581696877664,"[-0.8171370029449463, 0.7200627326965332]",2.156159383138879,True
81,2,10.750053405761719,6.84725284576416,-0.05928982219037948,20.11734919357058,"[-0.8853696584701538, 0.5887904167175293]",2.125936091390599,True
81,3,12.750310897827148,6.654480934143066,-0.10873526941128109,19.99047563017094,"[-0.667026162147522, 1.0]",2.090214632401199,True
81,4,14.72998332977295,6.3852739334106445,-0.1594529086849139,19.9254564951463,"[-0.5028576254844666, 1.0]",2.0693369861739592,True
81,5,16.691280364990234,6.037843704223633,-0.20694253040126132,19.886617469677585,"[-0.3850894272327423, 1.0]",2.0507868138308343,True
81,6,18.633480072021484,5.608191967010498,-0.2517527457448798,19.906648643998274,"[-0.22668412327766418, 1.0]",2.0317796259292424,True
81,7,20.562946319580078,5.097682952880859,-0.2916427709745779,20.133643496844424,"[-0.020151285454630852, 1.0]",2.020067643294394,True
81,8,22.496309280395508,4.530287265777588,-0.309909126575322,20.26090882181799,"[0.1504981517791748, 1.0]",2.0245370505136107,True
81,9,24.445621490478516,3.9703309535980225,-0.28477367957493627,20.374685829787325,"[0.23685255646705627, 1.0]",2.040998296317051,True
81,10,26.420541763305664,3.464614152908325,-0.24273714650663436,20.434672293352968,"[0.3066313862800598, 1.0]",2.066876298147237,True
81,11,28.4185848236084,3.0363259315490723,-0.19640972828999814,20.443668327273603,"[0.368422269821167, 1.0]",2.0900395677754657,True
81,12,30.43331527709961,2.6914448738098145,-0.1498709882408633,20.433151135510034,"[0.3868936002254486, 1.0]",2.106679633601006,True
81,13,32.45952606201172,2.4310240745544434,-0.10462774290399768,20.416473782891483,"[0.37681421637535095, 1.0]",2.1180849169351212,True
81,14,34.49339294433594,2.2563467025756836,-0.06082220508161118,20.407081605853474,"[0.3485659956932068, 1.0]",2.1256987495505593,True
81,15,36.53227996826172,2.168315887451172,-0.01829684879522553,20.416072559997886,"[0.30769744515419006, 1.0]",2.130759350445772,True
81,16,38.57454299926758,2.167562961578369,0.023112776152470538,20.454042710625153,"[0.2568187713623047, 1.0]",2.1343062232036725,True
81,17,40.61954879760742,2.254546880722046,0.06344754928421104,20.530882966306777,"[0.19977858662605286, 1.0]",2.1373947716882244,True
81,18,42.66790771484375,2.4289376735687256,0.10315394955674773,20.66360017981349,"[0.12559446692466736, 1.0]",2.1413451180454888,True
81,19,44.72492599487305,2.680525064468384,0.13758089928431083,20.9444206516517,"[0.022984297946095467, 1.0]",2.1512681729617293,True
81,20,46.801475524902344,2.9743237495422363,0.14887909389286325,21.11666989169932,"[-0.11437180638313293, 1.0]",2.1715745445419437,True
81,21,48.89752960205078,3.2441565990448,0.12700628554393312,21.21825645169029,"[-0.2503095269203186, 1.0]",2.191536231181044,True
81,22,51.01032257080078,3.4524877071380615,0.0905790355216114,21.280890836033194,"[-0.30252698063850403, 1.0]",2.228937493028541,True
81,23,53.125240325927734,3.584568738937378,0.05053787590005232,20.911161844623457,"[-1.0, -0.0298137404024601]",2.1347775962667774,True
81,24,55.200496673583984,3.644188404083252,0.014514494257040766,20.2362004142052,"[-1.0, -0.3278364837169647]",1.9544523271776906,True
81,25,57.209686279296875,3.6364712715148926,-0.021252957605213396,19.52427145585417,"[-1.0, -0.38028019666671753]",2.1651827146413907,True
81,26,59.14600372314453,3.5614166259765625,-0.05983337336886496,18.80570471200818,"[-1.0, -0.4012909531593323]",1.9036047623315944,True
81,27,61.007266998291016,3.420836925506592,-0.10043206576463248,18.117399223600863,"[-1.0, -0.4171348810195923]",1.6721859707987707,True
81,28,62.79396438598633,3.2193057537078857,-0.14088894483235315,17.43654614231073,"[-1.0, -0.4270327389240265]",1.4747404509399629,True
81,29,64.5041275024414,2.9600136280059814,-0.18030612581050676,16.742886609686707,"[-1.0, -0.4338298738002777]",1.3080684182442832,True
81,30,66.1343002319336,2.6461024284362793,-0.2187556472065797,16.038318025628286,"[-1.0, -0.43747252225875854]",1.1677950381481874,True
81,31,67.68131256103516,2.2816388607025146,-0.25695136935076945,15.317374909613394,"[-1.0, -0.44010862708091736]",1.0495867149591198,True
81,32,69.14154052734375,1.8709962368011475,-0.2955751946401879,14.57665025825421,"[-1.0, -0.4423271119594574]",0.9492918740797643,True
81,33,70.51131439208984,1.4189790487289429,-0.3353827950341479,13.818251299095733,"[-1.0, -0.44405287504196167]",0.8634452402413698,True
81,34,71.78743743896484,0.9307993054389954,-0.3771048087777107,13.046901143998705,"[-1.0, -0.4449182450771332]",0.7893146176269201,True
81,35,72.96736145019531,0.4118891954421997,-0.4213111523441535,12.266846624966938,"[-1.0, -0.44613218307495117]",0.7247471570435448,True
81,36,74.04907989501953,-0.13221514225006104,-0.46838305724352214,11.481188972435517,"[-1.0, -0.4471151828765869]",0.6679695677112718,True
81,37,75.0309829711914,-0.6958892941474915,-0.5185741895696463,10.692030072919973,"[-1.0, -0.44788989424705505]",0.6174825006811294,True
81,38,75.91183471679688,-1.273247241973877,-0.5720521953131463,9.900118618572556,"[-1.0, -0.44927406311035156]",0.5719353307072002,True
81,39,76.69075775146484,-1.8579566478729248,-0.6289422430452554,9.105821613796454,"[-1.0, -0.44988879561424255]",0.5300790091888578,True
81,40,77.36724090576172,-2.4431333541870117,-0.6893730966046796,8.308396378832976,"[-1.0, -0.44947609305381775]",0.49076983270173746,True
81,41,77.94121551513672,-3.021165132522583,-0.753535571483523,7.505449845724255,"[-1.0, -0.45079895853996277]",0.4528929932804752,True
81,42,78.41316986083984,-3.58357572555542,-0.8217327354138355,6.697207880259978,"[-1.0, -0.4475099444389343]",0.41536630177152994,True
81,43,78.78439331054688,-4.1210126876831055,-0.8943323709421582,5.880173103150795,"[-1.0, -0.4448132812976837]",-5.0,False
82,0,6.575080394744873,3.5037248134613037,0.0020728714344633303,19.88374676318134,"[0.03267344832420349, 1.0]",1.6645572551791892,True
82,1,8.566390991210938,3.51131272315979,0.004271710388486838,20.079357005528298,"[-0.10804980993270874, 1.0]",2.081667702990942,True
82,2,10.576922416687012,3.4585676193237305,-0.02879196717706467,20.253487312676324,"[-0.14395415782928467, 1.0]",2.1016721183831177,True
82,3,12.60453987121582,3.334886312484741,-0.07104448260977136,20.533580343589602,"[-0.03270837664604187, 1.0]",2.120018566074962,True
82,4,14.654831886291504,3.174281120300293,-0.08896902148460395,20.731776704798598,"[0.08109918236732483, 1.0]",2.143585010247277,True
82,5,16.726402282714844,3.029979705810547,-0.07129535238445683,20.914744318590262,"[0.11846250295639038, 1.0]",2.165686745856996,True
82,6,18.819541931152344,2.9380362033843994,-0.03697532857466079,21.099614715123657,"[0.11777240037918091, 1.0]",2.1880879146555565,True
82,7,20.933242797851562,2.921046257019043,0.003471430480917803,21.286222785413866,"[0.09881862998008728, 1.0]",2.209488869233581,True
82,8,23.066797256469727,2.9804461002349854,0.04281683926769464,21.559624142052314,"[0.03980031609535217, 1.0]",2.2305727672573994,True
82,9,25.223674774169922,3.0900721549987793,0.06255578979319854,21.791886608639327,"[-0.06106424331665039, 1.0]",2.254941007439072,True
82,10,27.40321159362793,3.1843795776367188,0.044062532867578774,21.93982442826799,"[-0.159942626953125, 1.0]",2.2782660293852137,True
82,11,29.599639892578125,3.221137523651123,0.008472847008087037,22.074395309645418,"[-0.16440674662590027, 1.0]",2.2957630778435996,True
82,12,31.810504913330078,3.1785318851470947,-0.03325622411236395,22.252355453340606,"[-0.09241116046905518, 1.0]",2.3110006202919857,True
82,13,34.03163146972656,3.070739269256592,-0.06585198427438943,22.216869057407912,"[0.015742870047688484, 1.0]",2.32110246715482,True
82,14,36.254878997802734,2.9489166736602783,-0.06353583307434718,22.422959085223617,"[0.09535285830497742, 1.0]",2.324150843959678,True
82,15,38.49345016479492,2.866750955581665,-0.03164514481092162,22.369385101680958,"[0.09288260340690613, 1.0]",2.3392333999497517,True
82,16,40.72921371459961,2.8590190410614014,0.009770072775064698,22.31702207186263,"[0.08491230010986328, 1.0]",2.336190149128069,True
82,17,42.95928192138672,2.926400899887085,0.04952214626029594,22.281027621673385,"[0.024865956977009773, 1.0]",2.3303328310846396,True
82,18,45.183753967285156,3.0345757007598877,0.06693242872863436,22.229593298050975,"[-0.07928994297981262, 1.0]",2.324505215739667,True
82,19,47.40335464477539,3.121612787246704,0.041593383062911826,22.152637676825172,"[-0.17419108748435974, 1.0]",2.3192875470359477,True
82,20,49.621826171875,3.1434712409973145,-0.0014748586116857254,22.273867305113576,"[-0.15985742211341858, 1.0]",2.3187039299726204,True
82,21,51.846649169921875,3.0809531211853027,-0.04718961661954957,22.226197374670807,"[-0.06482601165771484, 1.0]",2.3248408862328938,True
82,22,54.064937591552734,2.9564433097839355,-0.07882943510829143,22.181151626726937,"[0.07669216394424438, 1.0]",2.3181036039511307,True
82,23,56.28401184082031,2.8438572883605957,-0.06344155717175859,22.34103270451216,"[0.14819154143333435, 1.0]",2.3196088964378827,True
82,24,58.51502227783203,2.7805306911468506,-0.02096640147192108,22.281069230794394,"[0.12894853949546814, 1.0]",2.3312752485502934,True
82,25,60.741878509521484,2.7985422611236572,0.02599990909022587,22.227081809129814,"[0.09562075138092041, 1.0]",2.3268780998305374,True
82,26,62.96138381958008,2.8999617099761963,0.07253958124574211,22.18231110511984,"[0.043304264545440674, 1.0]",2.319325710031633,True
82,27,65.1785888671875,3.059307098388672,0.10544240388145276,22.388655344630816,"[-0.04770126938819885, 1.0]",2.3179539966582605,True
82,28,67.40742492675781,3.2325212955474854,0.09797356860432593,22.29067762538781,"[-0.24585548043251038, 1.0]",2.3291441088845577,True
82,29,69.62962341308594,3.370356559753418,0.05746342631480328,22.16786120549246,"[-0.31736671924591064, 1.0]",2.3219538617528412,True
82,30,71.8469009399414,3.4305081367492676,0.008756340506126392,22.199626946676315,"[-0.2644543945789337, 1.0]",2.3171758481155122,True
82,31,74.0678482055664,3.4012627601623535,-0.041881803408967855,22.25077149102994,"[-0.17135629057884216, 1.0]",2.3210757373346347,True
82,32,76.28841400146484,3.2846837043762207,-0.09063576085283032,22.200150142129985,"[-0.04167500138282776, 1.0]",2.3204664715380225,True
82,33,78.50437927246094,3.106182813644409,-0.12605793387975606,22.355266412406475,"[0.08477005362510681, 1.0]",2.3165639698519227,True
82,34,80.73014831542969,2.9260332584381104,-0.11499582850183998,22.282995621679234,"[0.1608193814754486, 1.0]",2.3260425232663064,True
82,35,82.95208740234375,2.7778830528259277,-0.06443025572645045,22.215297048026258,"[0.16213029623031616, 1.0]",2.3219079236301807,True
82,36,85.17442321777344,2.7100539207458496,-0.006315819683177182,22.271004462258958,"[0.17811214923858643, 1.0]",2.3225553355098527,True
82,37,87.39955139160156,2.7315425872802734,0.05254350251699069,22.20192892110156,"[0.11316576600074768, 1.0]",2.325036853973082,True
82,38,89.61917114257812,2.840773105621338,0.11065407697668306,22.269177953762675,"[0.04961085319519043, 1.0]",2.3198310517684946,True
82,39,91.83741760253906,3.0141937732696533,0.15607841726767457,22.199446824108374,"[-0.20890209078788757, 1.0]",2.3181439706694253,True
82,40,94.05069732666016,3.17952823638916,0.152474893996688,22.175831277519872,"[-0.31762731075286865, 1.0]",2.313070964869933,True
82,41,96.26427459716797,3.3287136554718018,0.09484262326877335,22.235482606174337,"[-0.3425525426864624, 1.0]",2.313636942235597,True
82,42,98.48336029052734,3.4171507358551025,0.019409517498661266,22.130450187970688,"[-0.29119178652763367, 1.0]",2.318672719205243,True
82,43,100.69791412353516,3.4201231002807617,-0.054733553039417515,22.160526914621265,"[-0.11040952801704407, 1.0]",2.3142762041236082,True
82,44,102.91656494140625,3.3514232635498047,-0.11967580148543622,22.30918362142688,"[0.06569764018058777, 1.0]",2.319042144167515,True
82,45,105.14263153076172,3.2423689365386963,-0.15582381906746257,22.240549086103854,"[0.18280822038650513, 1.0]",2.326149060242936,True
82,46,107.36259460449219,3.138479232788086,-0.14147151132080715,22.157142666536366,"[0.22681888937950134, 1.0]",2.3196702157298823,True
82,47,109.58201599121094,3.048058271408081,-0.07611966869913545,22.368395293139937,"[0.1726013422012329, 1.0]",2.3200791655378796,True
82,48,111.81625366210938,3.0131752490997314,0.006927547785569033,22.29647239196093,"[0.19134479761123657, 1.0]",2.334571796662262,True
82,49,114.04393768310547,3.064730167388916,0.08695900065186635,22.223023398461514,"[0.07727131247520447, 1.0]",2.3276876262891704,True
82,50,116.26237487792969,3.1810271739959717,0.15436999942838892,22.171543248422736,"[-0.125616192817688, 1.0]",2.318209139442121,True
82,51,118.47541809082031,3.3050060272216797,0.1822266644306172,22.14095009483344,"[-0.31185317039489746, 1.0]",10.0,True
83,0,6.714386940002441,3.503751516342163,0.002079129863024498,21.615430062155447,"[0.03267344832420349, 1.0]",1.8116563752821409,True
83,1,8.87832260131836,3.5127639770507812,0.004724447773800655,21.777989355232975,"[-0.12212720513343811, 1.0]",2.2619366134144663,True
83,2,11.058013916015625,3.4612627029418945,-0.02801325887432604,21.909452677250936,"[-0.16379377245903015, 1.0]",2.2782838517448947,True
83,3,13.25070858001709,3.3312880992889404,-0.07302480919635457,22.15358127302539,"[-0.04805493354797363, 1.0]",2.292385779730079,True
83,4,15.460882186889648,3.149087429046631,-0.1008283441348361,22.31350882816578,"[0.08192753791809082, 1.0]",2.3105843965993045,True
83,5,17.682899475097656,2.9731569290161133,-0.08539013245370075,22.249478937272947,"[0.1475413739681244, 1.0]",2.322139943425736,True
83,6,19.902896881103516,2.848008155822754,-0.048216398377830316,22.182152925538297,"[0.14418569207191467, 1.0]",2.319817094170782,True
83,7,22.123626708984375,2.80328369140625,-0.002601508910843542,22.29481714204388,"[0.13269120454788208, 1.0]",2.321056505020057,True
83,8,24.35087776184082,2.848642587661743,0.04508824936142286,22.243996489594302,"[0.07546567916870117, 1.0]",2.3273490370596197,True
83,9,26.57185935974121,2.9604363441467285,0.0812407943173028,22.209258130372767,"[-0.031543582677841187, 1.0]",2.320923259487068,True
83,10,28.7913875579834,3.088772773742676,0.08174972440161721,22.32593048554606,"[-0.1667463481426239, 1.0]",2.319994885427145,True
83,11,31.018964767456055,3.188730001449585,0.04354867593524858,22.2361847091187,"[-0.22884035110473633, 1.0]",2.3276400406636903,True
83,12,33.24081802368164,3.2151949405670166,-0.003716308143150826,22.15746016868438,"[-0.17951911687850952, 1.0]",2.3215618269846656,True
83,13,35.46035385131836,3.154421091079712,-0.05293951457108559,22.325959330565574,"[-0.06577697396278381, 1.0]",2.320002644624264,True
83,14,37.687889099121094,3.028391122817993,-0.09009886757706997,22.28616542781713,"[0.06148403882980347, 1.0]",2.3278229922279117,True
83,15,39.9113883972168,2.9005539417266846,-0.0822842208323964,22.218021791419712,"[0.14333507418632507, 1.0]",2.323480396157092,True
83,16,42.135986328125,2.8093488216400146,-0.037498506570806,22.387569452431617,"[0.12956702709197998, 1.0]",2.3253419934441455,True
83,17,44.372642517089844,2.7972776889801025,0.013715279613908393,22.329146653726813,"[0.1177908182144165, 1.0]",2.3371373489066145,True
83,18,46.603485107421875,2.8702354431152344,0.06150810222036096,22.283945320341417,"[0.041756510734558105, 1.0]",2.3311203442735677,True
83,19,48.82728958129883,2.999556303024292,0.09449481443040941,22.239656516068024,"[-0.08352282643318176, 1.0]",2.323882928199259,True
83,20,51.04597854614258,3.1203246116638184,0.08020229465022677,22.147647942579155,"[-0.21827834844589233, 1.0]",2.3183533805853562,True
83,21,53.26213073730469,3.199256658554077,0.03092862131963514,22.237520866245323,"[-0.2313416302204132, 1.0]",2.3162210350602135,True
83,22,55.483978271484375,3.1961288452148438,-0.022752716773092097,22.17357027423104,"[-0.13610652089118958, 1.0]",2.321628600413727,True
83,23,57.705352783203125,3.119539976119995,-0.06702390831207872,22.38264779450305,"[0.003398628905415535, 1.0]",2.3220964267940136,True
83,24,59.93860626220703,3.0051651000976562,-0.08250952426061708,22.327685150760807,"[0.10702553391456604, 1.0]",2.3337280621823298,True
83,25,62.16782760620117,2.9042725563049316,-0.05174548629634845,22.266690209109004,"[0.12537482380867004, 1.0]",2.3294214499351313,True
83,26,64.39295196533203,2.8676135540008545,-0.002835467612607445,22.208915973040053,"[0.10926979780197144, 1.0]",2.3250644810095396,True
83,27,66.61913299560547,2.909447431564331,0.04436773112850201,22.430536931913274,"[0.02873420901596546, 1.0]",2.3271184464670474,True
83,28,68.85806274414062,3.003464937210083,0.06991516914952278,22.375311781046335,"[-0.12272951006889343, 1.0]",2.339618651549865,True
83,29,71.09164428710938,3.0886456966400146,0.04835155380315115,22.26925167149458,"[-0.26680460572242737, 1.0]",2.3337931754904755,True
83,30,73.31604766845703,3.1187245845794678,0.003636146994339562,22.157756723764525,"[-0.272495836019516, 1.0]",2.3241132866045966,True
83,31,75.53335571289062,3.0640370845794678,-0.04657522535606873,22.227857193037234,"[-0.16655942797660828, 1.0]",2.3173334018022613,True
83,32,77.7509536743164,2.9293758869171143,-0.09234804027569687,22.189457090997976,"[-0.01437300257384777, 1.0]",2.317450518335272,True
83,33,79.9636459350586,2.7495956420898438,-0.11571794463141494,22.236373872548704,"[0.19635450839996338, 1.0]",2.3127559431686566,True
83,34,82.1781005859375,2.579817056655884,-0.09120035100392698,22.138091093136865,"[0.24610522389411926, 1.0]",2.314076060798022,True
83,35,84.39102172851562,2.4638009071350098,-0.04228167704664365,22.20273461512626,"[0.24896258115768433, 1.0]",2.312833448346193,True
83,36,86.61161804199219,2.4329450130462646,0.009758621182377247,22.22942188409888,"[0.24578064680099487, 1.0]",2.3206287119550075,True
83,37,88.83160400390625,2.4908905029296875,0.06003910256307332,22.14321390749074,"[0.18517160415649414, 1.0]",2.319630424497771,True
83,38,91.04498291015625,2.634768486022949,0.1097424769355495,22.27602071551667,"[0.03852984309196472, 1.0]",2.313620999469825,True
83,39,93.2612533569336,2.8443703651428223,0.1474449816458554,22.234007463809316,"[-0.07324802875518799, 1.0]",2.3163234803644857,True
83,40,95.47087097167969,3.064911365509033,0.1446338819572226,22.105213732260307,"[-0.33411192893981934, 1.0]",2.3090910765412653,True
83,41,97.67491149902344,3.2619454860687256,0.09568218480242141,22.173121587908064,"[-0.30313223600387573, 1.0]",2.3038195744893364,True
83,42,99.88726043701172,3.386735200881958,0.03636546468503177,22.10955274805927,"[-0.4946141242980957, 1.0]",2.311841925354548,True
83,43,102.10054016113281,3.424145460128784,-0.020412730281293534,22.196216352752746,"[-0.08909419178962708, 1.0]",2.313162697708481,True
83,44,104.31885528564453,3.396237373352051,-0.0639305135478967,22.160909826291117,"[0.3244483768939972, 1.0]",2.318039218730029,True
83,45,106.53726196289062,3.3498940467834473,-0.07122730861860482,22.328493321565297,"[0.016800614073872566, 0.9560534954071045]",2.3188848971931377,True
83,46,108.76477813720703,3.229100227355957,-0.07144701940853615,22.287795248435028,"[0.004901262000203133, 1.0]",2.3278112529343638,True
83,47,110.9865493774414,3.0657877922058105,-0.07453921575022804,22.241982051784635,"[-0.04562970995903015, 1.0]",2.321860159467406,True
83,48,113.20065307617188,2.862130641937256,-0.09273206810488599,22.203728916574704,"[-0.03180292248725891, 1.0]",2.314020478855055,True
83,49,115.4142074584961,2.6412899494171143,-0.10238442915976975,22.380578836252305,"[0.09430950880050659, 1.0]",2.314266987087354,True
83,50,117.64190673828125,2.4549193382263184,-0.08167595483942236,22.305984822657802,"[0.1719377338886261, 1.0]",10.0,True
84,0,6.684046745300293,6.996257781982422,-0.0020575582581949803,21.10380154955984,"[-0.3312658965587616, 1.0]",1.7790138522733123,True
84,1,8.788602828979492,6.95745849609375,-0.020806611806516884,20.847707242122713,"[-0.824613094329834, 0.7066712975502014]",2.1983707662687513,True
84,2,10.862669944763184,6.846689224243164,-0.05908715563142408,20.48919551928194,"[-0.8946536779403687, 0.5707219839096069]",2.1662684956204603,True
84,3,12.89983081817627,6.65335750579834,-0.10819051981030547,20.34398953433318,"[-0.6762240529060364, 0.9914131760597229]",2.128708826317585,True
84,4,14.914828300476074,6.383813381195068,-0.15853904495685267,20.26365276722864,"[-0.5088706612586975, 1.0]",2.1061839197523335,True
84,5,16.910133361816406,6.036349773406982,-0.2057000325946845,20.208605618614797,"[-0.3912181556224823, 1.0]",2.086243786624099,True
84,6,18.88496208190918,5.607013702392578,-0.25021410442508696,20.2089049207086,"[-0.23402419686317444, 1.0]",2.065768792235962,True
84,7,20.844463348388672,5.094742774963379,-0.2913285179659484,20.398433157720163,"[-0.026832519099116325, 1.0]",2.051294215689233,True
84,8,22.80326271057129,4.5218329429626465,-0.3141064016113413,20.4911630497445,"[0.15037739276885986, 1.0]",2.0510095959064674,True
84,9,24.773725509643555,3.953800678253174,-0.2904728443077058,20.58141924903111,"[0.2509448826313019, 1.0]",2.0630791856929056,True
84,10,26.766666412353516,3.4367218017578125,-0.246221360160785,20.62098188164279,"[0.31762561202049255, 1.0]",2.0857353211773537,True
84,11,28.78105354309082,2.998108386993408,-0.19804823815066896,20.60490912941356,"[0.385188490152359, 1.0]",2.1071092218196656,True
84,12,30.809967041015625,2.644028663635254,-0.1501350406629447,20.564560874977296,"[0.402863472700119, 1.0]",2.1214540218622027,True
84,13,32.84762191772461,2.3746869564056396,-0.10344689727665646,20.515111674613063,"[0.39112433791160583, 1.0]",2.129972879244743,True
84,14,34.88990783691406,2.1912825107574463,-0.058076752313848345,20.468912638068417,"[0.3617209196090698, 1.0]",2.134396026060761,True
84,15,36.933773040771484,2.0946686267852783,-0.01385203293588333,20.43567213429864,"[0.31956911087036133, 1.0]",2.1358257284617657,True
84,16,38.977012634277344,2.0854036808013916,0.02942500056817643,20.423975925019562,"[0.2670406103134155, 1.0]",2.1351474851684475,True
84,17,41.018226623535156,2.1638615131378174,0.0718547493714281,20.443084389462676,"[0.20484280586242676, 1.0]",2.1332078690103944,True
84,18,43.05705642700195,2.3304171562194824,0.11342882451643721,20.50949690613293,"[0.13031995296478271, 1.0]",2.131122539544395,True
84,19,45.096981048583984,2.5827581882476807,0.15213680569630306,20.716756556475026,"[0.0320870578289032, 1.0]",2.133150026086169,True
84,20,47.146907806396484,2.895665407180786,0.1723484673152953,20.85931404232449,"[-0.10971727967262268, 1.0]",2.1437936710029604,True
84,21,49.21198654174805,3.1990649700164795,0.1497038748824604,20.944412476298492,"[-0.2571868896484375, 1.0]",2.159328591494906,True
84,22,51.29268264770508,3.445333957672119,0.10960186202999367,20.983939996822638,"[-0.3153284192085266, 1.0]",2.193413388889402,True
84,23,53.37495040893555,3.6134824752807617,0.06672656637637164,20.599187867498127,"[-1.0, -0.06897595524787903]",2.0794085702504397,True
84,24,55.4211311340332,3.7060539722442627,0.02864935490069076,20.050775486283108,"[-1.0, -0.3349059224128723]",1.8942687089778716,True
84,25,57.414100646972656,3.726576089859009,-0.007120760122654168,19.45474361905506,"[-1.0, -0.3814202845096588]",2.103516507418591,True
84,26,59.34623718261719,3.6757590770721436,-0.04233760342953463,18.82606187342371,"[-1.0, -0.40262576937675476]",1.857428411950147,True
84,27,61.21200942993164,3.5559093952178955,-0.07716189679173802,18.17977761901676,"[-1.0, -0.41716548800468445]",1.6379138746082071,True
84,28,63.00712966918945,3.371612310409546,-0.11136647256827992,17.51286090189704,"[-1.0, -0.42631614208221436]",1.4479387309296976,True
84,29,64.72755432128906,3.1278488636016846,-0.14655242320651496,16.83359453512245,"[-1.0, -0.43252062797546387]",1.2858504053316242,True
84,30,66.37006378173828,2.8285272121429443,-0.18406744137608033,16.14976213379852,"[-1.0, -0.4350896179676056]",1.1493833959929634,True
84,31,67.93209075927734,2.476628303527832,-0.22418942793672336,15.466590173876561,"[-1.0, -0.43715500831604004]",1.0354437947286756,True
84,32,69.41146850585938,2.0750558376312256,-0.26656364983124625,14.785981793680865,"[-1.0, -0.4390046298503876]",0.9403582856781699,True
84,33,70.80619812011719,1.6271971464157104,-0.31071380069868937,14.106598012832086,"[-1.0, -0.4401404559612274]",0.8604576267967206,True
84,34,72.1142578125,1.136961579322815,-0.35649620299824125,13.426387953835647,"[-1.0, -0.44162631034851074]",0.7925797636314887,True
84,35,73.3336181640625,0.6086957454681396,-0.4040430826780259,12.745241118947545,"[-1.0, -0.442553848028183]",0.7342078660610858,True
84,36,74.46235656738281,0.047099098563194275,-0.45358919738813164,12.06312134816209,"[-1.0, -0.44330739974975586]",0.6833830451972313,True
84,37,75.49871826171875,-0.5428147315979004,-0.5054056569275316,11.380727848132754,"[-1.0, -0.44366395473480225]",0.6385517870399179,True
84,38,76.44123840332031,-1.1557238101959229,-0.5597469263383807,10.699287856297044,"[-1.0, -0.4431937038898468]",0.5984702915921473,True
84,39,77.28872680664062,-1.785967469215393,-0.6168427032646981,10.019102838185296,"[-1.0, -0.4428163468837738]",0.5620758457503727,True
84,40,78.04031372070312,-2.4274895191192627,-0.6769297427273937,9.340421741091491,"[-1.0, -0.4420689642429352]",0.5284414160400936,True
84,41,78.6954574584961,-3.0738072395324707,-0.7402908724342314,8.663467712070073,"[-1.0, -0.44116127490997314]",0.49674277619983087,True
84,42,79.2540512084961,-3.717965602874756,-0.8072563243603827,7.988654063018555,"[-1.0, -0.4400480091571808]",-5.0,False
85,0,6.619783401489258,3.503730297088623,0.0020728714344633303,20.442723033748102,"[0.03267344832420349, 1.0]",1.7117756551411243,True
85,1,8.666873931884766,3.5117881298065186,0.004424575835058064,20.630736621927007,"[-0.1124679446220398, 1.0]",2.1399288451941794,True
85,2,10.73237419128418,3.4595508575439453,-0.028473852584854242,20.793471859711616,"[-0.15021157264709473, 1.0]",2.159070882768116,True
85,3,12.81396484375,3.3340675830841064,-0.07149948368201109,21.068838925323636,"[-0.03764715790748596, 1.0]",2.1764004276297766,True
85,4,14.917198181152344,3.166168451309204,-0.09229690758276732,21.262751471669787,"[0.08103853464126587, 1.0]",2.198915719024858,True
85,5,17.041059494018555,3.0110630989074707,-0.07527145189194506,21.43779677884076,"[0.12651678919792175, 1.0]",2.2203313983709942,True
85,6,19.185821533203125,2.9072604179382324,-0.040971002316160465,21.611908841002528,"[0.1256006360054016, 1.0]",2.2420156289690816,True
85,7,21.350175857543945,2.8787600994110107,-0.0007214503393022653,21.777668507798207,"[0.1093980073928833, 1.0]",2.2623538326259123,True
85,8,23.532752990722656,2.9315812587738037,0.04068324776037713,22.027223993718547,"[0.05381712317466736, 1.0]",2.2816996411504444,True
85,9,25.73661231994629,3.0438952445983887,0.0668264349172496,22.275686064055808,"[-0.04571107029914856, 1.0]",2.304099916511884,True
85,10,27.958669662475586,3.1525189876556396,0.05271900483282721,22.205673655774536,"[-0.15857034921646118, 1.0]",2.321982873980282,True
85,11,30.181896209716797,3.207620143890381,0.016950887180300356,22.325932252869652,"[-0.17965388298034668, 1.0]",2.3236932423791243,True
85,12,32.41240692138672,3.1823768615722656,-0.02675331736260933,22.267928858671358,"[-0.11303392052650452, 1.0]",2.330716391533943,True
85,13,34.63663101196289,3.0871076583862305,-0.06347071878569466,22.234654548820693,"[-0.0002331119030714035, 1.0]",2.324280036045865,True
85,14,36.85558319091797,2.9651803970336914,-0.07051264934008294,22.17895452460643,"[0.09018439054489136, 1.0]",2.3187574743158073,True
85,15,39.076904296875,2.8734426498413086,-0.03946698209053867,22.3905061363751,"[0.10485470294952393, 1.0]",2.322078383570719,True
85,16,41.31364822387695,2.851895570755005,0.0028146949561049794,22.337268312014857,"[0.09949558973312378, 1.0]",2.33726163440602,True
85,17,43.54586410522461,2.9088783264160156,0.04332350566508225,22.29635955185314,"[0.04096248745918274, 1.0]",2.3325494993309954,True
85,18,45.77207946777344,3.0162627696990967,0.06642243337988418,22.25282745576721,"[-0.05194646120071411, 1.0]",2.3263530860997808,True
85,19,47.99353790283203,3.1136083602905273,0.0489891145681165,22.176286515921486,"[-0.16705849766731262, 1.0]",2.3212517243802404,True
85,20,50.21409225463867,3.1532294750213623,0.00916367099485349,22.294128064005747,"[-0.183786541223526, 1.0]",2.3208779280946663,True
85,21,52.441341400146484,3.1104841232299805,-0.03583070193814386,22.244106917764384,"[-0.0800665020942688, 1.0]",2.3273476266377524,True
85,22,54.66253662109375,3.004488945007324,-0.06818118496377323,22.20668104172994,"[0.038812071084976196, 1.0]",2.32112528563505,True
85,23,56.88486099243164,2.8966338634490967,-0.060059076271248735,22.38435365972404,"[0.12626740336418152, 1.0]",2.323053962806649,True
85,24,59.12013626098633,2.831753969192505,-0.023190673614355894,22.32538596255496,"[0.12325790524482727, 1.0]",2.3357395053861847,True
85,25,61.3511848449707,2.8439536094665527,0.020507405658046096,22.25914926754781,"[0.1407437026500702, 1.0]",2.33121475568834,True
85,26,63.57455825805664,2.9351770877838135,0.06274234422755853,22.219476444363053,"[0.03446367383003235, 1.0]",2.323361057085571,True
85,27,65.79466247558594,3.075227737426758,0.08681332574023948,22.341017900364008,"[-0.11910265684127808, 1.0]",2.320638798080935,True
85,28,68.02181243896484,3.2030093669891357,0.06533133628127885,22.23254605510407,"[-0.2794401943683624, 1.0]",2.3271964206268745,True
85,29,70.24146270751953,3.2745163440704346,0.022902253268299866,22.115140935094114,"[-0.2916634976863861, 1.0]",2.319168402762611,True
85,30,72.45585632324219,3.2625014781951904,-0.025053687954920356,22.214024007654427,"[-0.14461249113082886, 1.0]",2.314356723757101,True
85,31,74.68042755126953,3.1827609539031982,-0.06343476611097909,22.436015256593485,"[0.029183002188801765, 1.0]",2.3255332966820146,True
85,32,76.91941833496094,3.0837576389312744,-0.0628347559173843,22.376500708043647,"[0.11667895317077637, 1.0]",2.3396850368776025,True
85,33,79.1549072265625,3.0152299404144287,-0.027361716513637724,22.323499668565862,"[0.0823211669921875, 1.0]",2.335944640110109,True
85,34,81.3863296508789,3.0166611671447754,0.01620240575593357,22.277596921068472,"[0.05916553735733032, 1.0]",2.3316716104612145,True
85,35,83.61197662353516,3.0928852558135986,0.05566778994981725,22.23665791364564,"[0.03460678458213806, 1.0]",2.3257119332676552,True
85,36,85.83030700683594,3.219118595123291,0.07712234884955027,22.1568496199393,"[-0.19201037287712097, 1.0]",2.318036206590508,True
85,37,88.04554748535156,3.328413486480713,0.0545215654166471,22.238751610419513,"[-0.2925763726234436, 1.0]",2.3153148607625127,True
85,38,90.26611328125,3.3790407180786133,0.01322645639582376,22.14236077733023,"[-0.2389710247516632, 1.0]",2.3202064193964236,True
85,39,92.48435974121094,3.3469414710998535,-0.03213170434207857,22.299976279707355,"[-0.09731152653694153, 1.0]",2.3185963532196205,True
85,40,94.71074676513672,3.2475993633270264,-0.06723549646068605,22.26496086730351,"[0.023191304877400398, 1.0]",2.326579347828647,True
85,41,96.93302917480469,3.133543014526367,-0.06539498583133163,22.205653046743194,"[0.10498830676078796, 1.0]",2.322207848378313,True
85,42,99.15939331054688,3.0554141998291016,-0.03098827612805266,22.484882242086456,"[0.0728001594543457, 1.0]",2.3275461058315767,True
85,43,101.40547180175781,3.0474660396575928,0.009378854410932114,22.433182662811305,"[0.0927969217300415, 1.0]",2.347027813193588,True
85,44,103.6468734741211,3.1176180839538574,0.047886832192933326,22.39188034241629,"[0.04118868708610535, 1.0]",2.3421651339041545,True
85,45,105.88189697265625,3.2378687858581543,0.06907653972225702,22.3425567818819,"[-0.06995522975921631, 1.0]",2.335565004053625,True
85,46,108.11214447021484,3.3377952575683594,0.04736325472262326,22.260789741417625,"[-0.182947039604187, 1.0]",2.330421051394973,True
85,47,110.33604431152344,3.373797655105591,0.0060070261547826576,22.173460362174183,"[-0.1998063623905182, 1.0]",2.3236804129383777,True
85,48,112.55609130859375,3.324441432952881,-0.041102296157901286,22.291786713626884,"[-0.12682276964187622, 1.0]",2.3203600372816333,True
85,49,114.78053283691406,3.1993532180786133,-0.08186317506405505,22.25649467340555,"[-0.008706865832209587, 1.0]",2.3245957543506375,True
85,50,116.99919891357422,3.0366883277893066,-0.09628565710543313,22.203470899247005,"[0.08919975161552429, 1.0]",2.3185816957067678,True
85,51,119.21993255615234,2.8940553665161133,-0.06707051363115557,22.400318746095014,"[0.11994585394859314, 1.0]",10.0,True
86,0,6.674549102783203,6.996258735656738,-0.0020571587840318983,20.98925922172262,"[-0.3312658965587616, 1.0]",1.7690007692809548,True
86,1,8.767767906188965,6.957507610321045,-0.02080501390986278,20.739397390093433,"[-0.8225312232971191, 0.7104076743125916]",2.186546091661182,True
86,2,10.83112621307373,6.846896171569824,-0.05911671671952412,20.386943843451547,"[-0.8920993804931641, 0.5757067203521729]",2.1550995541802975,True
86,3,12.85817813873291,6.653766632080078,-0.10828333097429521,20.2482128424634,"[-0.6737432479858398, 0.9955681562423706]",2.1181688834502648,True
86,4,14.86363410949707,6.384345531463623,-0.15869617146116788,20.173230209617458,"[-0.5072212219238281, 1.0]",2.0962355067074387,True
86,5,16.84987449645996,6.036899089813232,-0.20590309862780298,20.123741556170682,"[-0.38971230387687683, 1.0]",2.076797223965659,True
86,6,18.81612777709961,5.607461929321289,-0.250448862075177,20.130605753751443,"[-0.23239582777023315, 1.0]",2.05684100653153,True
86,7,20.767902374267578,5.0954976081848145,-0.291225320473707,20.334357893189132,"[-0.025487003847956657, 1.0]",2.04327920768732,True
86,8,22.720426559448242,4.523410320281982,-0.3129183654490566,20.438538469202907,"[0.15013036131858826, 1.0]",2.044497608292077,True
86,9,24.685914993286133,3.956597328186035,-0.2890034451762542,20.53694255531861,"[0.24734711647033691, 1.0]",2.0579046753368244,True
86,10,26.674945831298828,3.4416091442108154,-0.24559471835628965,20.583601002657332,"[0.3148868978023529, 1.0]",2.0816570425246534,True
86,11,28.686031341552734,3.0046916007995605,-0.1981136187554302,20.575680728207605,"[0.38130953907966614, 1.0]",2.1036760735308406,True
86,12,30.71239471435547,2.6519346237182617,-0.15074090981093757,20.54460540523938,"[0.39990898966789246, 1.0]",2.1188140971263114,True
86,13,32.74839401245117,2.3837974071502686,-0.1046273434298346,20.505027400306048,"[0.38923829793930054, 1.0]",2.12827192139708,True
86,14,34.78997802734375,2.201512575149536,-0.0598849055359576,20.469680968012128,"[0.3606453537940979, 1.0]",2.133697579248633,True
86,15,36.83420944213867,2.1059556007385254,-0.016344485400089148,20.448682359398767,"[0.3192593455314636, 1.0]",2.136250485412216,True
86,16,38.8790283203125,2.0977139472961426,0.0261831345732233,20.45116469175026,"[0.2675105631351471, 1.0]",2.1368491192867043,True
86,17,40.923248291015625,2.177194833755493,0.06778450711940565,20.487236558899475,"[0.20616066455841064, 1.0]",2.136412535218173,True
86,18,42.966835021972656,2.344834804534912,0.10843526431448414,20.575271207160487,"[0.13273394107818604, 1.0]",2.1361754513892532,True
86,19,45.01393127441406,2.5978000164031982,0.1457505454022927,20.81512083854975,"[0.03629717230796814, 1.0]",2.14076429621488,True
86,20,47.07448959350586,2.909518003463745,0.16444939836406558,20.978982835972626,"[-0.10225394368171692, 1.0]",2.1549637418536736,True
86,21,49.15260314941406,3.2077200412750244,0.14386049997666284,21.073377314282492,"[-0.24688062071800232, 1.0]",2.1729437538224743,True
86,22,51.2471809387207,3.4480247497558594,0.10648356670961867,21.124251299740635,"[-0.3075062930583954, 1.0]",2.208453032579889,True
86,23,53.34363555908203,3.611450433731079,0.06545757011694864,20.730215007388228,"[-1.0, -0.06287199258804321]",2.096724739170986,True
86,24,55.40159606933594,3.700566053390503,0.0286424306818569,20.121027361402682,"[-1.0, -0.33377519249916077]",1.9085874289916893,True
86,25,57.40038299560547,3.719247341156006,-0.0068684256093689555,19.465771785022245,"[-1.0, -0.381100594997406]",2.1128411146004473,True
86,26,59.33257293701172,3.6679952144622803,-0.0434040662880566,18.789681541855188,"[-1.0, -0.40242907404899597]",1.8595410227950406,True
86,27,61.1942138671875,3.5489659309387207,-0.0807831300839732,18.121198682534242,"[-1.0, -0.41690900921821594]",1.6357548777028414,True
86,28,62.983455657958984,3.3665363788604736,-0.11778402500509788,17.443796947101337,"[-1.0, -0.4259868562221527]",1.444358983066065,True
86,29,64.69676971435547,3.1243784427642822,-0.15421633503349064,16.74385199402945,"[-1.0, -0.4321625828742981]",1.2822611099608086,True
86,30,66.32971954345703,2.826357841491699,-0.1907590330890674,16.02224125871373,"[-1.0, -0.4347881078720093]",1.1452721934153367,True
86,31,67.8780746459961,2.4768354892730713,-0.22836220189071454,15.279645787718382,"[-1.0, -0.43693503737449646]",1.0293892431619103,True
86,32,69.33792114257812,2.080232620239258,-0.2679848457469678,14.524061861172914,"[-1.0, -0.43886083364486694]",0.9311268229037458,True
86,33,70.70624542236328,1.640947937965393,-0.3102414890793632,13.765713344100979,"[-1.0, -0.4400365352630615]",0.8476789983001565,True
86,34,71.9810562133789,1.1634353399276733,-0.3552238777874557,13.009708987128304,"[-1.0, -0.44148266315460205]",0.7765728057578464,True
86,35,73.16081237792969,0.6522765159606934,-0.4027643658806239,12.254935469082408,"[-1.0, -0.44234946370124817]",0.7154694375422769,True
86,36,74.24390411376953,0.11227187514305115,-0.45280090170546927,11.499894613267134,"[-1.0, -0.44303157925605774]",0.662271627170553,True
86,37,75.228759765625,-0.4512975513935089,-0.5053846179549204,10.743358968180889,"[-1.0, -0.4435196816921234]",0.6151735644457588,True
86,38,76.11396789550781,-1.032594919204712,-0.560670111130257,9.9843503148608,"[-1.0, -0.44299179315567017]",0.5726744871277956,True
86,39,76.89827728271484,-1.6251965761184692,-0.6188952015168221,9.221767481022049,"[-1.0, -0.4425671100616455]",0.5334923464366914,True
86,40,77.58079528808594,-2.22202467918396,-0.6803700142235574,8.455162980719138,"[-1.0, -0.44173309206962585]",0.4965199519614858,True
86,41,78.16107940673828,-2.8153178691864014,-0.7454797755021421,7.684215649225855,"[-1.0, -0.44107574224472046]",0.4607607528175378,True
86,42,78.63928985595703,-3.396576404571533,-0.8146846795889404,6.909107347429751,"[-1.0, -0.43993014097213745]",0.4252781779220863,True
86,43,79.01641082763672,-3.9565093517303467,-0.888527212398003,6.130419524519463,"[-1.0, -0.4384613633155823]",-5.0,False
87,0,6.57905387878418,6.996260643005371,-0.00206141984177588,19.793061002472932,"[-0.3312658965587616, 1.0]",1.668122653295308,True
87,1,8.5529203414917,6.957554817199707,-0.021059079477856457,19.556480838970128,"[-0.7999919652938843, 0.7505091428756714]",2.061870626482885,True
87,2,10.498283386230469,6.847043991088867,-0.06057439794217956,19.22684591723636,"[-0.8631143569946289, 0.6315588355064392]",2.031883851366333,True
87,3,12.40908145904541,6.653887748718262,-0.11168658453130753,19.104956406812562,"[-0.643712043762207, 1.0]",1.996770376645598,True
87,4,14.299311637878418,6.384066581726074,-0.16416124433411916,19.04323059138583,"[-0.4865795075893402, 1.0]",1.975924716494244,True
87,5,16.170928955078125,6.035903453826904,-0.2134875150962401,19.010341200185145,"[-0.3650052845478058, 1.0]",1.9571638526005402,True
87,6,18.023357391357422,5.605365753173828,-0.26025755068604806,19.043318936106832,"[-0.19840064644813538, 1.0]",1.9381233714917776,True
87,7,19.865156173706055,5.102259159088135,-0.29769666876454526,19.26062581906939,"[0.007906796410679817, 1.0]",1.9284715985344452,True
87,8,21.71567726135254,4.5611467361450195,-0.30370515965792766,19.392817172475283,"[0.15860149264335632, 1.0]",1.937788764922623,True
87,9,23.58587074279785,4.039961814880371,-0.2730881281858313,19.509828131191963,"[0.20588675141334534, 1.0]",1.9579877080356765,True
87,10,25.48291015625,3.579981565475464,-0.23004079232579056,19.568233247314527,"[0.28058356046676636, 1.0]",1.9850964630650638,True
87,11,27.40233039855957,3.1979758739471436,-0.18295530530486293,19.59006124962145,"[0.3230739235877991, 1.0]",2.007575517932867,True
87,12,29.338518142700195,2.8990695476531982,-0.13541614879224007,19.601947086554034,"[0.32817938923835754, 1.0]",2.024396506030118,True
87,13,31.287179946899414,2.6852591037750244,-0.08900603942375618,19.615480591171092,"[0.3079822361469269, 1.0]",2.036931466859489,True
87,14,33.24503707885742,2.55779767036438,-0.0438261773208346,19.643164589112033,"[0.271614670753479, 1.0]",2.046251372609012,True
87,15,35.20989990234375,2.5175352096557617,0.00024767398137726104,19.69612630319704,"[0.2243882715702057, 1.0]",2.053495391850715,True
87,16,37.18068313598633,2.565025568008423,0.04333775357691394,19.78559910122389,"[0.16718411445617676, 1.0]",2.0598184295980855,True
87,17,39.15789794921875,2.6998825073242188,0.08596004892697806,19.9430872510858,"[0.09563344717025757, 1.0]",2.066958705862308,True
87,18,41.146846771240234,2.904791831970215,0.11893238006714046,20.199252753900822,"[-0.0048044603317976, 1.0]",2.079845459414038,True
87,19,43.1561393737793,3.1328322887420654,0.12035024703149855,20.34525075909679,"[-0.13649225234985352, 1.0]",2.100846230954998,True
87,20,45.183204650878906,3.3261544704437256,0.09292061991006406,20.445436601315908,"[-0.2260197103023529, 1.0]",2.119069741805531,True
87,21,47.225372314453125,3.4520530700683594,0.05364471962773898,20.522451982913072,"[-0.23798540234565735, 1.0]",2.1345186974973274,True
87,22,49.27873992919922,3.4981701374053955,0.009307614851772783,20.604729062140002,"[-0.19632652401924133, 1.0]",2.1460888955257236,True
87,23,51.341609954833984,3.4601974487304688,-0.036218591350913876,20.73541358665157,"[-0.1144731342792511, 1.0]",2.1551294732028166,True
87,24,53.4044189453125,3.338332414627075,-0.07830452605743687,20.455584335733498,"[-1.0, 0.35129037499427795]",2.124556572103417,True
87,25,55.43018341064453,3.1444361209869385,-0.11216382299864947,19.95783106914583,"[-1.0, -0.20557644963264465]",2.00494742401573,True
87,26,57.39603042602539,2.885082721710205,-0.14248950464749033,19.327992022700716,"[-1.0, -0.32481852173805237]",1.8327919344267334,True
87,27,59.28819274902344,2.565582036972046,-0.17501828630810046,18.648234454839976,"[-1.0, -0.37199026346206665]",2.046677438262976,True
87,28,61.10073471069336,2.1897637844085693,-0.21126191137326078,17.97447380282264,"[-1.0, -0.3942922055721283]",1.817183074972148,True
87,29,62.832420349121094,1.761826992034912,-0.24911315363044828,17.2985658178342,"[-1.0, -0.41342151165008545]",1.6117068218667483,True
87,30,64.48103332519531,1.2854409217834473,-0.2874658691208971,16.614194300554892,"[-1.0, -0.42153963446617126]",1.4328682754294597,True
87,31,66.04383850097656,0.7642521858215332,-0.3266393708593087,15.920416567646159,"[-1.0, -0.4300749599933624]",1.2796669176318827,True
87,32,67.51832580566406,0.20225253701210022,-0.36714218945583355,15.222251381902737,"[-1.0, -0.43263599276542664]",1.14947453116413,True
87,33,68.90245056152344,-0.3965482711791992,-0.40938631593110575,14.52195261346293,"[-1.0, -0.43361324071884155]",1.0392860333222087,True
87,34,70.19436645507812,-1.0279991626739502,-0.4535825394854065,13.818670632930086,"[-1.0, -0.43908438086509705]",0.9458520297441133,True
87,35,71.39252471923828,-1.687591791152954,-0.4997541627782738,13.11758993536661,"[-1.0, -0.4376883804798126]",0.866158045316928,True
87,36,72.4957275390625,-2.3706212043762207,-0.5479471253385118,12.414102084473232,"[-1.0, -0.4416690170764923]",0.797680536338087,True
87,37,73.50273132324219,-3.0719337463378906,-0.5982827341537726,11.708652025827721,"[-1.0, -0.4439053535461426]",0.7380652251261802,True
87,38,74.41255187988281,-3.786128520965576,-0.6510154542662132,11.005794683239309,"[-1.0, -0.43969112634658813]",0.6855821244057506,True
87,39,75.22469329833984,-4.50762939453125,-0.7064450244565226,10.302977501338386,"[-1.0, -0.44034314155578613]",0.6388409436067604,True
87,40,75.9388427734375,-5.2303080558776855,-0.7647994113140122,9.598444224254976,"[-1.0, -0.4438742399215698]",0.5963868179995983,True
87,41,76.55501556396484,-5.947578430175781,-0.8263341451452746,8.895889894198469,"[-1.0, -0.44193488359451294]",0.5570755349818993,True
87,42,77.07388305664062,-6.652685642242432,-0.8914095516457969,8.198662695597056,"[-1.0, -0.4357767403125763]",0.5201082293739201,True
87,43,77.49661254882812,-7.33833122253418,-0.9603827607177582,7.493279692969702,"[-1.0, -0.44827765226364136]",-5.0,False
88,0,6.686380863189697,6.996259689331055,-0.002055694045432155,21.140852402289312,"[-0.3312658965587616, 1.0]",1.7815146989999993,True
88,1,8.794795036315918,6.957536697387695,-0.020753348584714892,20.893187917801292,"[-0.8252846002578735, 0.7054636478424072]",2.2024335187563264,True
88,2,10.873566627502441,6.847031593322754,-0.05885705851324197,20.540926105197254,"[-0.8957356214523315, 0.5685878396034241]",2.171205758659911,True
88,3,12.916119575500488,6.654093265533447,-0.10770475922747469,20.40267641627774,"[-0.6778789758682251, 0.9885393977165222]",2.134364991871297,True
88,4,14.937219619750977,6.384904384613037,-0.1577894982680501,20.328929758182905,"[-0.5105476975440979, 1.0]",2.112580228162311,True
88,5,16.93932342529297,6.0376811027526855,-0.20465181238962948,20.280424256734616,"[-0.39343318343162537, 1.0]",2.093365714697298,True
88,6,18.92165756225586,5.608452796936035,-0.24881887432999417,20.287459368593346,"[-0.23773202300071716, 1.0]",2.0736277041215607,True
88,7,20.88927459716797,5.095426559448242,-0.2899713710744436,20.486398758791225,"[-0.031227318570017815, 1.0]",2.05980582932667,True
88,8,22.856731414794922,4.520064353942871,-0.3136816274174734,20.589748337469597,"[0.1480010747909546, 1.0]",2.0601106851455664,True
88,9,24.836711883544922,3.9486563205718994,-0.2908910937569029,20.69130097069383,"[0.2522742450237274, 1.0]",2.0730913231181223,True
88,10,26.840085983276367,3.4270904064178467,-0.24713296020191944,20.74196793535837,"[0.31834715604782104, 1.0]",2.096712955440558,True
88,11,28.865903854370117,2.9833436012268066,-0.19941377399960736,20.73424480955843,"[0.3881729543209076, 1.0]",2.119121972736763,True
88,12,30.907123565673828,2.6237738132476807,-0.1519743528698081,20.700668403953728,"[0.40806153416633606, 1.0]",2.1343727191215027,True
88,13,32.95787048339844,2.3487563133239746,-0.1058344211939124,20.656980969057074,"[0.3984110951423645, 1.0]",2.1437033320853662,True
88,14,35.013973236083984,2.1595280170440674,-0.06108812171645539,20.616140780196055,"[0.3709075450897217, 1.0]",2.148875386196429,True
88,15,37.07239532470703,2.0569677352905273,-0.017569539501525178,20.58829229080239,"[0.3304446041584015, 1.0]",2.1510694039316576,True
88,16,39.13097381591797,2.0416605472564697,0.024920929374579792,20.582524654274362,"[0.27939388155937195, 1.0]",2.1511998521551723,True
88,17,41.18840789794922,2.1139988899230957,0.0664788923949935,20.608390668703603,"[0.21870896220207214, 1.0]",2.150171840040416,True
88,18,43.244415283203125,2.274387836456299,0.10709462902173783,20.681299154205192,"[0.146619975566864, 1.0]",2.14907323144783,True
88,19,45.30174255371094,2.523296356201172,0.1465577495286956,20.880104031603345,"[0.053973257541656494, 1.0]",2.1512877386500278,True
88,20,47.368507385253906,2.8391950130462646,0.17197975266237364,21.06100371530809,"[-0.08101147413253784, 1.0]",2.1615393482618552,True
88,21,49.45321273803711,3.149258852005005,0.1532179159408198,21.166013362109723,"[-0.238785058259964, 1.0]",2.179952412912697,True
88,22,51.55524444580078,3.4065909385681152,0.11443909467595859,21.223151424649146,"[-0.3089969754219055, 1.0]",2.2156646477441146,True
88,23,53.65884780883789,3.5873076915740967,0.07255010073204815,20.77500042618576,"[-1.0, -0.10294458270072937]",2.085477900028515,True
88,24,55.71982192993164,3.6935789585113525,0.03488927449280155,20.13321894655678,"[-1.0, -0.34632185101509094]",1.8810714591752538,True
88,25,57.71919250488281,3.7296369075775146,-0.0025864620506848013,19.460368924772787,"[-1.0, -0.38756003975868225]",2.0682589354910177,True
88,26,59.651123046875,3.695604085922241,-0.04163519469202637,18.783751485186464,"[-1.0, -0.4066283702850342]",1.8131201596695812,True
88,27,61.51336669921875,3.5939784049987793,-0.08117421529005142,18.124098204599388,"[-1.0, -0.4195336699485779]",1.5920648346851967,True
88,28,63.30481719970703,3.428863286972046,-0.11968432360092418,17.458790213599624,"[-1.0, -0.42759913206100464]",1.4052394163654516,True
88,29,65.022216796875,3.203390121459961,-0.15685379661905063,16.77480229768298,"[-1.0, -0.43255993723869324]",1.2483157756804133,True
88,30,66.66146850585938,2.9211103916168213,-0.19319808917341685,16.07060302032751,"[-1.0, -0.4352940022945404]",1.1164674122271254,True
88,31,68.21830749511719,2.5863101482391357,-0.22958312809246095,15.340116153391435,"[-1.0, -0.4378810226917267]",1.0050834309479724,True
88,32,69.68818664550781,2.2036526203155518,-0.26706232674536423,14.585739121098849,"[-1.0, -0.4395247995853424]",0.9102117141185584,True
88,33,71.06710815429688,1.7781260013580322,-0.3066797774374921,13.81593375047392,"[-1.0, -0.44085028767585754]",0.8288675849141027,True
88,34,72.35208892822266,1.31480073928833,-0.34914694365405907,13.040124346159981,"[-1.0, -0.4416988790035248]",0.7588013744794838,True
88,35,73.54106140136719,0.8186789155006409,-0.3947168256986231,12.262889849713357,"[-1.0, -0.44344988465309143]",0.6981354215181573,True
88,36,74.6324234008789,0.29472485184669495,-0.44338889093896583,11.486396917529163,"[-1.0, -0.4438454806804657]",0.6451644197788544,True
88,37,75.6247787475586,-0.25194251537323,-0.49511733300433747,10.710604918865625,"[-1.0, -0.44368454813957214]",0.5983273360034229,True
88,38,76.51692962646484,-0.8157700300216675,-0.5498930971470326,9.934553020236722,"[-1.0, -0.4426911473274231]",0.5561897659694764,True
88,39,77.30784606933594,-1.3905982971191406,-0.6077749060690874,9.156779869094777,"[-1.0, -0.44179195165634155]",0.517446889718518,True
88,40,77.99675750732422,-1.9695327281951904,-0.6689272099678139,8.375293326329112,"[-1.0, -0.4419054388999939]",0.4809175484076544,True
88,41,78.58330535888672,-2.544879198074341,-0.7336409591923037,7.58900529291137,"[-1.0, -0.4411633610725403]",0.44553890386257583,True
88,42,79.06763458251953,-3.1081273555755615,-0.8023129647449778,6.796637767117197,"[-1.0, -0.4403030574321747]",0.41032549781536554,True
88,43,79.45069885253906,-3.649819850921631,-0.875431650369757,5.997149571229018,"[-1.0, -0.4382117688655853]",-5.0,False
89,0,6.767093658447266,3.503753185272217,0.0020768661760985907,22.278083193554597,"[0.03267344832420349, 1.0]",1.8673450328182613,True
89,1,8.991889953613281,3.5133113861083984,0.004888365338894474,22.19923129803885,"[-0.12734225392341614, 1.0]",2.3246928360071903,True
89,2,11.214653968811035,3.460724353790283,-0.028584906402310928,22.322849086125025,"[-0.16947117447853088, 1.0]",2.3232168360853165,True
89,3,13.441618919372559,3.3269174098968506,-0.07645163172901359,22.283906752921627,"[-0.04952734708786011, 1.0]",2.327242530949671,True
89,4,15.661653518676758,3.144359827041626,-0.10925698266882833,22.23937086402097,"[0.0897357165813446, 1.0]",2.3201117681922936,True
89,5,17.87737274169922,2.9720709323883057,-0.09574623382663816,22.167898636982933,"[0.16538852453231812, 1.0]",2.315474766888884,True
89,6,20.094362258911133,2.8429040908813477,-0.052206878955204594,22.31097036343852,"[0.15637031197547913, 1.0]",2.3173888838473875,True
89,7,22.32269287109375,2.7927756309509277,-0.004132160747366775,22.243382399003114,"[0.14698368310928345, 1.0]",2.328425832978131,True
89,8,24.54555320739746,2.8316636085510254,0.04263641010384145,22.189715322263773,"[0.08367455005645752, 1.0]",2.322714055253898,True
89,9,26.767114639282227,2.9395503997802734,0.08095530344844626,22.40313765040873,"[-0.021764544770121574, 1.0]",2.322375551311605,True
89,10,29.000732421875,3.075436592102051,0.08583235035270853,22.3325534571035,"[-0.15859109163284302, 1.0]",2.3341142731497393,True
89,11,31.22917366027832,3.1878268718719482,0.05014359490066589,22.23968957361331,"[-0.23057574033737183, 1.0]",2.3285198414845802,True
89,12,33.45106506347656,3.2280125617980957,0.002426139753062273,22.156114603148108,"[-0.1881844699382782, 1.0]",2.321593918912409,True
89,13,35.67028045654297,3.1791763305664062,-0.048583648292152226,22.3033064507702,"[-0.07775172591209412, 1.0]",2.319580272094872,True
89,14,37.89623260498047,3.0631747245788574,-0.08820695793867728,22.265928980286034,"[0.04949381947517395, 1.0]",2.3261488288487873,True
89,15,40.11791229248047,2.937020778656006,-0.08680040940895228,22.20088095535314,"[0.1345963478088379, 1.0]",2.3215836517990893,True
89,16,42.3413200378418,2.839207410812378,-0.04393230429027373,22.40417660921817,"[0.11692497134208679, 1.0]",2.32422654010281,True
89,17,44.57951354980469,2.8160784244537354,0.007276555046423994,22.34876683126383,"[0.10907140374183655, 1.0]",2.3387629627035778,True
89,18,46.81282424926758,2.875293254852295,0.05366775597116735,22.30652356632113,"[0.03516814112663269, 1.0]",2.333690055511336,True
89,19,49.039794921875,2.9870221614837646,0.08306932072175144,22.260120904561767,"[-0.08721768856048584, 1.0]",2.32714121667795,True
89,20,51.26167297363281,3.0870773792266846,0.06466794285374,22.173814731442867,"[-0.2014654278755188, 1.0]",2.3216602180493053,True
89,21,53.481361389160156,3.1384947299957275,0.015886022218431606,22.269350560081783,"[-0.21669477224349976, 1.0]",2.3199004930477116,True
89,22,55.70648956298828,3.106984853744507,-0.03585613512655428,22.2200856433612,"[-0.07154086232185364, 1.0]",2.3251185592232506,True
89,23,57.92953109741211,3.0116777420043945,-0.07356130299795094,22.373310389563027,"[0.07471996545791626, 1.0]",2.3237214311768617,True
89,24,60.16243362426758,2.9205422401428223,-0.06308629148234246,22.301363323443198,"[0.1618044376373291, 1.0]",2.333258661810963,True
89,25,62.390708923339844,2.868478775024414,-0.018640929208063817,22.241019299399742,"[0.1294846534729004, 1.0]",2.3283598859195647,True
89,26,64.6133804321289,2.8968241214752197,0.032990973267792434,22.18348700333283,"[0.10457873344421387, 1.0]",2.3224972003040603,True
89,27,66.83450317382812,3.0042238235473633,0.08106808832061141,22.39280403681765,"[0.01741093583405018, 1.0]",2.321890359864898,True
89,28,69.06614685058594,3.1623620986938477,0.10730754875088966,22.339837375952563,"[-0.11852654814720154, 1.0]",2.332172944949599,True
89,29,71.29287719726562,3.3137552738189697,0.08448612242167375,22.243115312002132,"[-0.2395528256893158, 1.0]",2.326824365583697,True
89,30,73.51252746582031,3.4132940769195557,0.035266111787047194,22.128215113571382,"[-0.286470502614975, 1.0]",2.3192272365657587,True
89,31,75.72607421875,3.4274048805236816,-0.0185973865242417,22.137669817867113,"[-0.25976309180259705, 1.0]",2.3131662671100894,True
89,32,77.94107818603516,3.351471424102783,-0.0733238821867701,22.234707362597444,"[-0.07617762684822083, 1.0]",2.3150601504168447,True
89,33,80.1587905883789,3.2097361087799072,-0.11508118281477664,22.19452590018375,"[0.06637778878211975, 1.0]",2.317587768894577,True
89,34,82.37471008300781,3.0559868812561035,-0.11694699347448623,22.289157731163616,"[0.1681884527206421, 1.0]",2.3162207044191425,True
89,35,84.59725189208984,2.9195728302001953,-0.07055632518195942,22.227039967545863,"[0.14548757672309875, 1.0]",2.3225634889359874,True
89,36,86.81753540039062,2.852590799331665,-0.011182213943079056,22.160711834685547,"[0.14681577682495117, 1.0]",2.320006711556866,True
89,37,89.0367202758789,2.8740038871765137,0.049659165898380486,22.26687683656702,"[0.07479962706565857, 1.0]",2.319385821252833,True
89,38,91.26002502441406,2.9716811180114746,0.10359084113357486,22.22232251925387,"[-0.0251499991863966, 1.0]",2.3233051998717986,True
89,39,93.47644805908203,3.1107237339019775,0.13270318658977587,22.153517740982792,"[-0.19286707043647766, 1.0]",2.3161138645023915,True
89,40,95.68785095214844,3.2389798164367676,0.11157899282326778,22.165625824694892,"[-0.3231510818004608, 1.0]",2.3111482092775333,True
89,41,97.90372467041016,3.338047981262207,0.04730053727895189,22.224888119548343,"[-0.3258524239063263, 1.0]",2.3158857147996863,True
89,42,100.12394714355469,3.358736515045166,-0.020383169193194384,22.137092909729894,"[-0.20856744050979614, 1.0]",2.319839391238316,True
89,43,102.33985900878906,3.2913994789123535,-0.08633994885647844,22.233953666336483,"[-0.050184279680252075, 1.0]",2.315964656732889,True
89,44,104.55793762207031,3.158090591430664,-0.1401122339004317,22.186998533950394,"[0.10325196385383606, 1.0]",2.317920106684027,True
89,45,106.77294158935547,3.015533447265625,-0.1533904887794577,22.226893818560473,"[0.21383696794509888, 1.0]",2.3150249894686783,True
89,46,108.98944091796875,2.883559226989746,-0.11233067004094277,22.143272703251167,"[0.20694595575332642, 1.0]",2.3161440557779116,True
89,47,111.20503234863281,2.791252374649048,-0.03511537686934929,22.227362043699653,"[0.21686437726020813, 1.0]",2.3156145598607107,True
89,48,113.42559051513672,2.7819347381591797,0.04316265073524139,22.13899518514546,"[0.17332085967063904, 1.0]",2.3201836448370607,True
89,49,115.63947296142578,2.8618714809417725,0.1199398539075176,22.165666831475672,"[0.05259817838668823, 1.0]",2.313627947030703,True
89,50,117.85376739501953,3.0095319747924805,0.18527704914319365,22.28756500387702,"[-0.13041400909423828, 1.0]",10.0,True
90,0,6.629234313964844,6.996262073516846,-0.0020578245743045898,20.42817777081209,"[-0.3312658965587616, 1.0]",1.7211611139334981,True
90,1,8.666608810424805,6.9575982093811035,-0.020885707690892374,20.192024078225952,"[-0.8121375441551208, 0.7289782762527466]",2.128238604811978,True
90,2,10.67551326751709,6.847254753112793,-0.05963536734181751,19.85621612362831,"[-0.8789201974868774, 0.6012681722640991]",2.0982574296486125,True
90,3,12.649579048156738,6.654440879821777,-0.10953475037052307,19.73223011064565,"[-0.6602127552032471, 1.0]",2.0628608161375537,True
90,4,14.603208541870117,6.385112285614014,-0.1607322912725877,19.669431421078073,"[-0.4982043206691742, 1.0]",2.0421419351082304,True
90,5,16.53852653503418,6.037503242492676,-0.2087192583225077,19.63356353968382,"[-0.3794439136981964, 1.0]",2.02366902909264,True
90,6,18.454849243164062,5.607599258422852,-0.2540558474555805,19.65855825414208,"[-0.21881985664367676, 1.0]",2.0047862202735223,True
90,7,20.3592472076416,5.099227428436279,-0.2931654333278306,19.887047961655973,"[-0.012187866494059563, 1.0]",1.993889680304991,True
90,8,22.26927947998047,4.5392303466796875,-0.3076156122445459,20.020352359740386,"[0.15261229872703552, 1.0]",2.000123857957699,True
90,9,24.19681167602539,3.9902915954589844,-0.28084857960232235,20.137501495633,"[0.22654345631599426, 1.0]",2.0181509527752706,True
90,10,26.150667190551758,3.4979147911071777,-0.23888941136368835,20.19959292276787,"[0.2981990575790405, 1.0]",2.0447536826788224,True
90,11,28.12765121459961,3.083005666732788,-0.19265853273656663,20.215005653524972,"[0.35409146547317505, 1.0]",2.067951549488714,True
90,12,30.121604919433594,2.751255989074707,-0.14606985841699327,20.214261272464825,"[0.3691321611404419, 1.0]",2.0849178805600763,True
90,13,32.12766647338867,2.5040981769561768,-0.10073819613193713,20.209857890791564,"[0.35656410455703735, 1.0]",2.09700591446364,True
90,14,34.14220428466797,2.34281849861145,-0.056798834464774295,20.215167450979543,"[0.32621529698371887, 1.0]",2.1055060648087047,True
90,15,36.16276931762695,2.268310070037842,-0.014101970604187386,20.241379120583066,"[0.28376325964927673, 1.0]",2.111651239001608,True
90,16,38.187931060791016,2.281214952468872,0.02749087982650611,20.299552135606707,"[0.23148509860038757, 1.0]",2.1165097277742926,True
90,17,40.21733856201172,2.381643056869507,0.06821727079654316,20.39804105071684,"[0.16916391253471375, 1.0]",2.121198685948929,True
90,18,42.25218200683594,2.568687677383423,0.10890504593077388,20.57221680492792,"[0.09148663282394409, 1.0]",2.1274184204463946,True
90,19,44.298988342285156,2.8228378295898438,0.13902246838237087,20.844855974366595,"[-0.01856827549636364, 1.0]",2.1406081873338683,True
90,20,46.3682746887207,3.0914604663848877,0.13492333083252106,20.988359918824194,"[-0.16128399968147278, 1.0]",2.163733966070256,True
90,21,48.45634078979492,3.3202896118164062,0.10527182841363292,21.08652802610754,"[-0.2512756586074829, 1.0]",2.182955477191703,True
90,22,50.56026077270508,3.4790260791778564,0.06586037323182303,21.152540452170122,"[-0.2699972987174988, 1.0]",2.213533857164815,True
90,23,52.66640853881836,3.559558153152466,0.024402145594232927,20.844390021624168,"[-1.0, 0.13413795828819275]",2.154241295980764,True
90,24,54.737060546875,3.5671753883361816,-0.01142030054453258,20.221799071075505,"[-1.0, -0.2736113965511322]",2.004703519402697,True
90,25,56.744083404541016,3.507473945617676,-0.04523166058612382,19.520354700909404,"[-1.0, -0.35317447781562805]",1.804406821879736,True
90,26,58.67721176147461,3.381985664367676,-0.08133626864238241,18.791549047563738,"[-1.0, -0.38751810789108276]",1.9918157466369075,True
90,27,60.532413482666016,3.192780017852783,-0.12013905835705518,18.08784236181874,"[-1.0, -0.40447792410850525]",1.755299819335991,True
90,28,62.3099479675293,2.9445433616638184,-0.1596197557272072,17.394195188546995,"[-1.0, -0.41749152541160583]",1.5495109859122669,True
90,29,64.00830841064453,2.640859842300415,-0.1987449210918335,16.691428233113417,"[-1.0, -0.42170700430870056]",1.3737543776063774,True
90,30,65.62431335449219,2.2848730087280273,-0.2374904528430699,15.976426693402702,"[-1.0, -0.42785096168518066]",1.2248271927335552,True
90,31,67.15486145019531,1.880641222000122,-0.2764696769799597,15.24885391524616,"[-1.0, -0.43004995584487915]",1.098827238845578,True
90,32,68.59676361083984,1.432573676109314,-0.31632308374466866,14.503855204650737,"[-1.0, -0.43676313757896423]",0.9918901426266802,True
90,33,69.94670104980469,0.9454910755157471,-0.3577208576255142,13.745641341632886,"[-1.0, -0.441180020570755]",0.9004640855447802,True
90,34,71.2020034790039,0.4244127869606018,-0.40121986560643297,12.98060551019669,"[-1.0, -0.44068264961242676]",0.8218932391710955,True
90,35,72.36067199707031,-0.12554562091827393,-0.44711744962313027,12.211445982672545,"[-1.0, -0.4397176206111908]",0.7539312079888093,True
90,36,73.42105865478516,-0.6990149617195129,-0.4955699372315969,11.437006282289072,"[-1.0, -0.44280096888542175]",0.6944779008229469,True
90,37,74.38166809082031,-1.2902634143829346,-0.5467841228904744,10.658306577299982,"[-1.0, -0.4450100362300873]",0.6416884926455972,True
90,38,75.2413101196289,-1.8932666778564453,-0.6009921010887647,9.876582081782342,"[-1.0, -0.4447309970855713]",0.5941118326583619,True
90,39,75.9991455078125,-2.5015716552734375,-0.6583912120632425,9.090688699889235,"[-1.0, -0.44644495844841003]",0.5504419500851411,True
90,40,76.65471649169922,-3.1080574989318848,-0.7192116860901452,8.300376742994285,"[-1.0, -0.4478575885295868]",0.509414864825185,True
90,41,77.2081298828125,-3.7050628662109375,-0.7837217034912438,7.50878753130035,"[-1.0, -0.4388931691646576]",0.47001521966710463,True
90,42,77.66004943847656,-4.284252643585205,-0.8522000972326689,6.7075585290384945,"[-1.0, -0.4435252547264099]",0.4311694074718422,True
90,43,78.0119857788086,-4.835840225219727,-0.9251573952953898,5.896342294606391,"[-1.0, -0.44578322768211365]",0.3914580745741345,True
90,44,78.26666259765625,-5.3492560386657715,-1.003174433113152,5.07837858836187,"[-1.0, -0.43021008372306824]",-5.0,False
91,0,6.7074456214904785,0.0038134304340928793,0.0020996362034182425,21.446521166161492,"[0.15123966336250305, 1.0]",1.8039549667382053,True
91,1,8.851151466369629,0.04469244182109833,0.022016619047794173,21.43476848712002,"[0.42249128222465515, 1.0]",2.2401623030711906,True
91,2,10.98935604095459,0.16634248197078705,0.06483465673797895,21.35643525432922,"[0.4867704212665558, 1.0]",2.2343085332294423,True
91,3,13.112611770629883,0.3795425295829773,0.11899096961112221,21.275758964288176,"[0.5075132846832275, 1.0]",2.21899664501459,True
91,4,15.218963623046875,0.6712757349014282,0.17387485809407455,21.21267470946131,"[0.3948552906513214, 1.0]",2.201808888609568,True
91,5,17.30705451965332,1.0424779653549194,0.22677162892966418,21.181904888210738,"[0.2426549792289734, 1.0]",2.1834094686033936,True
91,6,19.376909255981445,1.497429609298706,0.2782465380592605,21.22057298300309,"[0.07857659459114075, 1.0]",2.165347314751639,True
91,7,21.435693740844727,2.0160562992095947,0.3165802119479162,21.287215495862398,"[-0.1575903594493866, 1.0]",2.154576954594662,True
91,8,23.499433517456055,2.5311074256896973,0.3050366070449133,21.258497846365916,"[-0.39818161725997925, 1.0]",2.159403016919975,True
91,9,25.567089080810547,3.02604341506958,0.24565503895497987,21.266279127041873,"[-0.4768979251384735, 1.0]",2.1633538194261805,True
91,10,27.64956283569336,3.450654983520508,0.1783288618591774,21.194375546755328,"[-0.4875970184803009, 1.0]",2.1778484448432116,True
91,11,29.739402770996094,3.790151834487915,0.11321657057755807,21.0805692689232,"[-0.44847235083580017, 1.0]",2.1847024970128888,True
91,12,31.829879760742188,4.042750358581543,0.04935649764049277,20.958598222763463,"[-0.38089820742607117, 1.0]",2.184790681748529,True
91,13,33.91699981689453,4.208641052246094,-0.013941248832400888,20.845850033837845,"[-0.28824594616889954, 1.0]",2.180926381304614,True
91,14,35.99856948852539,4.287271022796631,-0.07683912166762052,20.76125469874368,"[-0.16127759218215942, 1.0]",2.174995317775206,True
91,15,38.07426452636719,4.278098106384277,-0.13951755002901667,20.726669727760214,"[-0.015351442620158195, 1.0]",2.168965051616718,True
91,16,40.14729690551758,4.184169292449951,-0.1992306816746643,20.807095556235417,"[0.11739298701286316, 1.0]",2.16666430915345,True
91,17,42.22366714477539,4.027698516845703,-0.24211130365046607,20.90185897563703,"[0.23148605227470398, 1.0]",2.1704286046481793,True
91,18,44.306678771972656,3.855567693710327,-0.2420431267265606,20.928263463497814,"[0.30432161688804626, 1.0]",2.177188812783006,True
91,19,46.395301818847656,3.6856493949890137,-0.18945235310022035,21.0416561725785,"[0.2585504651069641, 1.0]",2.1833104996516033,True
91,20,48.49605941772461,3.5303854942321777,-0.09190821922167025,21.124506023193508,"[0.30417364835739136, 1.0]",2.195817875981324,True
91,21,50.6067008972168,3.448167085647583,0.010413891968591216,21.096793022285322,"[0.2480076253414154, 1.0]",2.2040763210663377,True
91,22,52.70978927612305,3.4526076316833496,0.10950958349822137,20.79767244511976,"[0.7549439668655396, 1.0]",2.1814127074278487,True
91,23,54.780296325683594,3.5368595123291016,0.20471000245944815,20.42094160740473,"[0.8229540586471558, 1.0]",2.1244225321174164,True
91,24,56.80784606933594,3.6935465335845947,0.29742622475584746,19.994635737135777,"[0.8388222455978394, 1.0]",2.0491450932349675,True
91,25,58.78531265258789,3.9178078174591064,0.3871426624003824,19.526838495126132,"[0.8561080098152161, 1.0]",1.9617806468119656,True
91,26,60.706539154052734,4.204239845275879,0.47293606402214916,19.01471358266108,"[0.8880332708358765, 1.0]",1.8661122319409136,True
91,27,62.56564712524414,4.546721458435059,0.5542745963514584,18.460420639934398,"[0.9274628162384033, 1.0]",2.010200278138056,True
91,28,64.3575439453125,4.938677787780762,0.6308257637262136,17.871258466265235,"[0.9553050398826599, 1.0]",1.8915920233841066,True
91,29,66.07815551757812,5.373844623565674,0.7024517475600041,17.2542253349979,"[0.9694096446037292, 0.99664705991745]",1.773140639073019,True
91,30,67.7242660522461,5.846313953399658,0.7690597366888392,16.6127820056999,"[0.994389533996582, 0.9873723983764648]",1.6572660735941764,True
91,31,69.2934341430664,6.350233554840088,0.8304390084914681,15.954653817724472,"[1.0, 0.9769986867904663]",1.5455352728116536,True
91,32,70.78390502929688,6.880616664886475,0.8865283102628174,15.283961817919462,"[1.0, 0.9697011113166809]",1.4394097902136183,True
91,33,72.19435119628906,7.4330244064331055,0.9373008106549054,14.60366873937512,"[1.0, 0.9681826829910278]",1.0153281329661605,True
91,34,73.52374267578125,8.003406524658203,0.9827505841343065,13.916854595860546,"[1.0, 0.9661939144134521]",0.9449913839650976,True
91,35,74.77134704589844,8.588105201721191,1.0228825242595248,13.226705604531912,"[1.0, 0.9607417583465576]",0.8795359540195892,True
91,36,75.93667602539062,9.183887481689453,1.0577009253778158,12.536606036468998,"[1.0, 0.9581325054168701]",0.8188830485757599,True
91,37,77.01940155029297,9.78796100616455,1.087209116440544,11.85023515104194,"[1.0, 0.9565789103507996]",0.7628773593498542,True
91,38,78.01934051513672,10.397991180419922,1.1114071640267351,11.171692079396681,"[1.0, 0.9524321556091309]",0.7113490316664247,True
91,39,78.93641662597656,11.012106895446777,1.13029277115995,10.505929248946643,"[1.0, 0.9523327350616455]",0.6641221275322513,True
91,40,79.7706069946289,11.628923416137695,1.1438617433614722,9.85895216138004,"[1.0, 0.9487613439559937]",0.6210370223659738,True
91,41,80.52193450927734,12.247550010681152,1.1521074227285757,9.238482663866925,"[1.0, 0.946370542049408]",0.58197121067808,True
91,42,81.19049072265625,12.867637634277344,1.155020421618418,8.654646690874614,"[1.0, 0.944257915019989]",0.5468772108190443,True
91,43,81.77642059326172,13.489446640014648,1.1525869914618712,8.121380896283,"[1.0, 0.9436837434768677]",0.5157926791059222,True
91,44,82.280029296875,14.114033699035645,1.1447885899998473,7.659948854809733,"[1.0, 0.939385175704956]",0.4889541278124651,True
91,45,82.70211791992188,14.743902206420898,1.1316328405309646,7.321950308101753,"[1.0, 0.9390665292739868]",0.46720004247018154,True
91,46,83.05047607421875,15.383273124694824,1.1167207030336614,7.134129243360225,"[1.0, 0.9368526935577393]",0.45274470228165004,True
91,47,83.3515396118164,16.02645492553711,1.1175011423911085,6.975654498849365,"[1.0, 0.9343777894973755]",0.4426440349282623,True
91,48,83.6124496459961,16.670011520385742,1.140939023933651,6.828609167839041,"[1.0, 0.9345691204071045]",0.4332930837239761,True
91,49,83.8284912109375,17.314958572387695,1.183579561937182,6.704013088023615,"[1.0, 0.9288044571876526]",0.42484705244341897,True
91,50,83.9292221069336,17.96831512451172,1.2625981147723824,7.050830677942934,"[1.0, 0.8892235159873962]",-5.0,False
92,0,6.589950084686279,3.5037333965301514,0.0020765998599898694,20.063790461660467,"[0.03267344832420349, 1.0]",1.6802371417637514,True
92,1,8.599108695983887,3.5114526748657227,0.004311524646784193,20.249942628224705,"[-0.10946834087371826, 1.0]",2.1002833531246186,True
92,2,10.626505851745605,3.4586546421051025,-0.028804883508351864,20.413776736902822,"[-0.1458728015422821, 1.0]",2.1192591510777814,True
92,3,12.669944763183594,3.3342061042785645,-0.07139761777031595,20.6832992010904,"[-0.033868372440338135, 1.0]",2.136513757842895,True
92,4,14.734909057617188,3.171463966369629,-0.09014480710587414,20.87322035303959,"[0.08161413669586182, 1.0]",2.158893786022272,True
92,5,16.820274353027344,3.024102210998535,-0.07251401489927733,21.047487386559247,"[0.12109413743019104, 1.0]",2.1800789886496728,True
92,6,18.926372528076172,2.928997039794922,-0.03805390881614201,21.222544644287648,"[0.12029027938842773, 1.0]",2.2015996259481225,True
92,7,21.052064895629883,2.909122943878174,0.002489522987006332,21.39622683450669,"[0.10193875432014465, 1.0]",2.221975388308991,True
92,8,23.196441650390625,2.967174768447876,0.042552254213394924,21.657268274620236,"[0.04364365339279175, 1.0]",2.2418344619965334,True
92,9,25.362926483154297,3.078533411026001,0.06424423392430878,21.88808420787899,"[-0.05728018283843994, 1.0]",2.2649812116991273,True
92,10,27.551748275756836,3.177100658416748,0.046510776857688896,22.029904747663252,"[-0.16080281138420105, 1.0]",2.2879563639670235,True
92,11,29.756906509399414,3.2193520069122314,0.010949320505751814,22.155873192005735,"[-0.16940194368362427, 1.0]",2.304859663006604,True
92,12,31.97563362121582,3.182339906692505,-0.030820763295487552,22.316804991117102,"[-0.09928959608078003, 1.0]",2.3191527342764333,True
92,13,34.203487396240234,3.078533411026001,-0.06428657818564076,22.282175549711127,"[0.0091667789965868, 1.0]",2.3281235649981142,True
92,14,36.4271240234375,2.9562268257141113,-0.06455782114266562,22.22559916003518,"[0.09160402417182922, 1.0]",2.323651823417424,True
92,15,38.64698028564453,2.8744029998779297,-0.032466863165264925,22.169691083098087,"[0.09095293283462524, 1.0]",2.3196198720809726,True
92,16,40.86899185180664,2.8690853118896484,0.012028566537506613,22.36444032582355,"[0.0848436951637268, 1.0]",2.322651547628315,True
92,17,43.10271072387695,2.941256284713745,0.05268917742861845,22.327958582567216,"[0.020908327773213387, 1.0]",2.334194685691865,True
92,18,45.33151626586914,3.0555613040924072,0.06799196736832247,22.274921773712155,"[-0.0903322696685791, 1.0]",2.329042689973892,True
92,19,47.55536651611328,3.147697925567627,0.04213546950279756,22.194452893035578,"[-0.18220502138137817, 1.0]",2.323725288262801,True
92,20,49.777626037597656,3.1725637912750244,-0.0008535431293701379,22.30135605387839,"[-0.16693389415740967, 1.0]",2.322615623726828,True
92,21,52.00518035888672,3.1107780933380127,-0.0475496759989289,22.25171331137231,"[-0.07377386093139648, 1.0]",2.327687031190238,True
92,22,54.22603225708008,2.9856157302856445,-0.08090004285582708,22.208568122460292,"[0.07172617316246033, 1.0]",2.3207904547444307,True
92,23,56.447444915771484,2.8703665733337402,-0.0673267097280208,22.362227976673747,"[0.14645496010780334, 1.0]",2.322042684586438,True
92,24,58.680397033691406,2.800807237625122,-0.024551016299168005,22.301848978706676,"[0.13230818510055542, 1.0]",2.333310438324102,True
92,25,60.9093132019043,2.811793804168701,0.022984411787929204,22.244836076371378,"[0.10834828019142151, 1.0]",2.329017930556562,True
92,26,63.131324768066406,2.9015719890594482,0.0675651958036374,22.205618370579295,"[0.026217402890324593, 1.0]",2.3219368488297163,True
92,27,65.3502197265625,3.0388360023498535,0.09304365795242564,22.328505080276468,"[-0.1049720048904419, 1.0]",2.319373231357338,True
92,28,67.57649230957031,3.166419267654419,0.07074088224550223,22.236599464076516,"[-0.22874286770820618, 1.0]",2.3263372805961566,True
92,29,69.79688262939453,3.2412209510803223,0.02442558141182527,22.140915682793963,"[-0.23558580875396729, 1.0]",2.3200244403967916,True
92,30,72.01335906982422,3.2316737174987793,-0.026609240347635676,22.219944064010473,"[-0.1509416699409485, 1.0]",2.3164661887177345,True
92,31,74.23857116699219,3.145359516143799,-0.07187911729540186,22.431265363119575,"[-0.0028080325573682785, 1.0]",2.326152791302007,True
92,32,76.47587585449219,3.0153143405914307,-0.09013828236120336,22.378362150981673,"[0.10263916850090027, 1.0]",2.3380073171794176,True
92,33,78.70922088623047,2.8960015773773193,-0.06147001901677296,22.315888089855417,"[0.12955376505851746, 1.0]",2.3337665281426307,True
92,34,80.93877410888672,2.8385021686553955,-0.012858807007338768,22.255172290855572,"[0.12075009942054749, 1.0]",2.3297014979651003,True
92,35,83.16279602050781,2.8691811561584473,0.03970320447922848,22.19743138302178,"[0.09539765119552612, 1.0]",2.323910352844692,True
92,36,85.38465118408203,2.981708288192749,0.08935731037153793,22.38671160321814,"[0.01592174358665943, 1.0]",2.3225953657887004,True
92,37,87.61518096923828,3.1484179496765137,0.11930548893586046,22.334271433157944,"[-0.12330612540245056, 1.0]",2.331034006605461,True
92,38,89.8406753540039,3.309931755065918,0.09933018286361239,22.23681634863323,"[-0.24277958273887634, 1.0]",2.3255600583344744,True
92,39,92.05896759033203,3.4277353286743164,0.04634060086403302,22.129158903427456,"[-0.2734680473804474, 1.0]",2.3178734513935484,True
92,40,94.27320098876953,3.461174488067627,-0.012075704488800909,22.16921238905001,"[-0.1839449405670166, 1.0]",2.313994854188225,True
92,41,96.49064636230469,3.404289960861206,-0.0713077360835257,22.21873234347318,"[-0.10456308722496033, 1.0]",2.3174296690807856,True
92,42,98.71101379394531,3.282277822494507,-0.11694512926172251,22.33704413472066,"[0.10731697082519531, 1.0]",2.320884130246868,True
92,43,100.93824005126953,3.1599884033203125,-0.11496839794261149,22.229012779779374,"[0.28923946619033813, 1.0]",2.327256814833226,True
92,44,103.15717315673828,3.05427622795105,-0.062315838978982185,22.155405903517636,"[0.1839733123779297, 1.0]",2.3186324320345792,True
92,45,105.37815856933594,3.0043766498565674,-0.0012408999099227103,22.37452188258839,"[0.04439011216163635, 1.0]",2.321670761069304,True
92,46,107.61402130126953,3.005549907684326,0.03900825259277241,22.337328698323628,"[-0.03214484453201294, 1.0]",2.33638071107605,True
92,47,109.84580993652344,3.0538671016693115,0.05548776026012803,22.27928060185115,"[0.06195801496505737, 1.0]",2.3320453979622364,True
92,48,112.06761932373047,3.183457136154175,0.07325583842091898,22.178374951766774,"[0.22057199478149414, 1.0]",2.3216120744899817,True
92,49,114.2848892211914,3.3716564178466797,0.08999327323984829,22.473065400554745,"[-0.008868305012583733, 1.0]",2.318398691763434,True
92,50,116.52051544189453,3.5619633197784424,0.0850055719922942,22.372578233984278,"[-0.25439146161079407, 1.0]",2.3363028227560543,True
92,51,118.75033569335938,3.703568696975708,0.05829073730743595,22.23405640605179,"[-0.3445003926753998, 1.0]",10.0,True
93,0,6.719805717468262,3.5037474632263184,0.0020765998599898694,21.68769527254435,"[0.03267344832420349, 1.0]",1.8174003461947112,True
93,1,8.89104175567627,3.5128369331359863,0.004751878333028259,21.854527981532467,"[-0.12273445725440979, 1.0]",2.2695814141249038,True
93,2,11.078470230102539,3.4615695476531982,-0.027885959774219593,21.989534538806822,"[-0.1647305190563202, 1.0]",2.2863813798509,True
93,3,13.27930736541748,3.3314640522003174,-0.07296009438186513,22.238379055056548,"[-0.04910135269165039, 1.0]",2.300909841062696,True
93,4,15.493673324584961,3.148845672607422,-0.1009693585145559,22.192407351356902,"[0.08154997229576111, 1.0]",2.3142317922485867,True
93,5,17.7100772857666,2.9757885932922363,-0.08490304029032636,22.34913407131506,"[0.14783689379692078, 1.0]",2.316975064502558,True
93,6,19.939342498779297,2.8529136180877686,-0.0468260951307542,22.28384298136484,"[0.14396485686302185, 1.0]",2.329542506428837,True
93,7,22.165897369384766,2.809670925140381,-0.003035337852417719,22.21884633146969,"[0.13091495633125305, 1.0]",2.3265396790970825,True
93,8,24.391674041748047,2.855001926422119,0.04388037264901801,22.382157060478967,"[0.07346153259277344, 1.0]",2.3264963791354365,True
93,9,26.625621795654297,2.968075752258301,0.08048791867713767,22.346537918946918,"[-0.03119167499244213, 1.0]",2.3345071745415114,True
93,10,28.854825973510742,3.098416328430176,0.07970348457805443,22.27106687227272,"[-0.1667288839817047, 1.0]",2.3294239787816724,True
93,11,31.077787399291992,3.195709705352783,0.041263284245796505,22.177429984043762,"[-0.22679221630096436, 1.0]",2.322759860709447,True
93,12,33.29793167114258,3.216224193572998,-0.007868176282584294,22.263929236874983,"[-0.17504286766052246, 1.0]",2.3203319534165234,True
93,13,35.52177810668945,3.1487302780151367,-0.057180998081200585,22.216116837608702,"[-0.05560377240180969, 1.0]",2.323818961316114,True
93,14,37.74293518066406,3.019082546234131,-0.09234111605686213,22.381753114650408,"[0.07122299075126648, 1.0]",2.3218749629905364,True
93,15,39.974876403808594,2.8897557258605957,-0.08089711337862848,22.313872018286105,"[0.14681336283683777, 1.0]",2.3323536472268187,True
93,16,42.20311737060547,2.799004077911377,-0.03571112600519921,22.252601057677015,"[0.13333725929260254, 1.0]",2.3283776715564217,True
93,17,44.427024841308594,2.7891056537628174,0.01636299436966482,22.19126914075427,"[0.11774757504463196, 1.0]",2.323768181836519,True
93,18,46.649871826171875,2.864753484725952,0.06817545916742862,22.374859301824618,"[0.03942972421646118, 1.0]",2.323533851721492,True
93,19,48.88146209716797,3.0016942024230957,0.10474132672448988,22.327920545998477,"[-0.09763461351394653, 1.0]",2.332065913453087,True
93,20,51.108253479003906,3.1336936950683594,0.09186081495426635,22.22828009875036,"[-0.24813708662986755, 1.0]",2.326818642280314,True
93,21,53.32685852050781,3.229325771331787,0.04041400217417035,22.124786620660085,"[-0.26446354389190674, 1.0]",2.3181665812968766,True
93,22,55.54119110107422,3.243370532989502,-0.018336263579358913,22.17795537266663,"[-0.1784040927886963, 1.0]",2.314133379743406,True
93,23,57.76226806640625,3.1721115112304688,-0.07524109185551797,22.348561810670738,"[-0.028666405007243156, 1.0]",2.3216454934800494,True
93,24,59.99135971069336,3.0394771099090576,-0.1146039443474347,22.295550317808647,"[0.1360742747783661, 1.0]",2.3294216207172482,True
93,25,62.21567916870117,2.912391185760498,-0.10455104386460334,22.2136446560612,"[0.19964396953582764, 1.0]",2.324280858960088,True
93,26,64.43911743164062,2.813220262527466,-0.0489190734314473,22.360308777304514,"[0.1753961443901062, 1.0]",2.3240596524373234,True
93,27,66.67283630371094,2.7913098335266113,0.01468040919295266,22.288176134694453,"[0.1651458442211151, 1.0]",2.3340156646764374,True
93,28,68.89944458007812,2.8580474853515625,0.07640049903608404,22.227652082289904,"[0.07059842348098755, 1.0]",2.326632710737492,True
93,29,71.1176528930664,2.9877424240112305,0.1261536745209444,22.18302067398854,"[-0.09954705834388733, 1.0]",2.3180319060212295,True
93,30,73.33182525634766,3.1186134815216064,0.13296151321551442,22.172772446168256,"[-0.2826281487941742, 1.0]",2.313949839289007,True
93,31,75.54666900634766,3.2370400428771973,0.085845000367887,22.232620674163496,"[-0.3290649354457855, 1.0]",2.314890543033736,True
93,32,77.76628875732422,3.303241014480591,0.015630491911839073,22.134690146017153,"[-0.27847835421562195, 1.0]",2.31922585663364,True
93,33,79.9812240600586,3.284823417663574,-0.05351302631183419,22.16949083926705,"[-0.1308961808681488, 1.0]",2.314698011511077,True
93,34,82.19998931884766,3.1867613792419434,-0.11717615848628782,22.319686298322537,"[0.02090597338974476, 1.0]",2.3192038471315137,True
93,35,84.42471313476562,3.0339345932006836,-0.15972907848995455,22.25623650223726,"[0.17861995100975037, 1.0]",2.3248768801780364,True
93,36,86.6436767578125,2.8878021240234375,-0.15242242972321307,22.164213275949436,"[0.2569277882575989, 1.0]",2.3187025827886476,True
93,37,88.85931396484375,2.7592263221740723,-0.09162911993943013,22.288918312934964,"[0.22622394561767578, 1.0]",2.3159373394394573,True
93,38,91.08439636230469,2.689561367034912,-0.010238389652755586,22.192637558033177,"[0.2673739790916443, 1.0]",2.3249492664720868,True
93,39,93.30374145507812,2.7059810161590576,0.06922008410501235,22.169135918988196,"[0.17872023582458496, 1.0]",2.3191062044088846,True
93,40,95.51968383789062,2.81195330619812,0.14837841960792808,22.204111712055028,"[0.014699311926960945, 1.0]",2.3158608855167477,True
93,41,97.73388671875,2.983114719390869,0.2145241505505533,22.256940748792662,"[-0.2137916088104248, 1.0]",2.314359114228942,True
93,42,99.94947814941406,3.150738477706909,0.23239875515494735,22.11594455461484,"[-0.4242554008960724, 1.0]",2.315113181159829,True
93,43,102.15363311767578,3.3045496940612793,0.19593781614483596,22.011658323496015,"[-0.48620548844337463, 1.0]",2.3032074307174506,True
93,44,104.35013580322266,3.4395689964294434,0.10761394543430303,22.008016221321625,"[-0.47617655992507935, 1.0]",2.2955387585428224,True
93,45,106.54886627197266,3.5162110328674316,0.0021084246350158153,21.95101777990814,"[-0.37742698192596436, 1.0]",2.2975100487595865,True
93,46,108.743408203125,3.50693941116333,-0.10086150049040743,21.8947700819644,"[-0.1583719551563263, 1.0]",2.2930683965211838,True
93,47,110.93370056152344,3.4139904975891113,-0.19872667843836656,21.948569502926816,"[0.0815114676952362, 1.0]",2.289060921161608,True
93,48,113.12364196777344,3.2606024742126465,-0.27978384779850884,22.001677748756386,"[0.27413374185562134, 1.0]",2.2889489561194036,True
93,49,115.3158950805664,3.0961363315582275,-0.3179637241342119,21.95815761648287,"[0.4144815504550934, 1.0]",2.2910648220671415,True
93,50,117.50501251220703,2.9416444301605225,-0.3024908913589055,21.905160756823676,"[0.45178553462028503, 1.0]",10.0,True
94,0,6.623465538024902,0.003810856956988573,0.0021037641031078635,20.39810490807142,"[0.15123966336250305, 1.0]",1.7152570101112237,True
94,1,8.662494659423828,0.044546544551849365,0.022189857676703895,20.395865484732663,"[0.4078425467014313, 1.0]",2.130810516080223,True
94,2,10.696942329406738,0.16553203761577606,0.06582282266045247,20.33119569564179,"[0.4715403616428375, 1.0]",2.125938050613298,True
94,3,12.71750259399414,0.3776719570159912,0.12123867757114848,20.26312873127228,"[0.4956326186656952, 1.0]",2.1117443438781276,True
94,4,14.721940994262695,0.6685049533843994,0.1773942254746137,20.21212145896742,"[0.384650856256485, 1.0]",2.095392946833908,True
94,5,16.708738327026367,1.0390020608901978,0.23154281518059605,20.195325022496856,"[0.23331448435783386, 1.0]",2.077676295364908,True
94,6,18.678098678588867,1.4935023784637451,0.2842414468310839,20.257851582077105,"[0.07136660814285278, 1.0]",2.060520683681847,True
94,7,20.637248992919922,2.0121102333068848,0.3236935152195173,20.31553412098019,"[-0.16514122486114502, 1.0]",2.0505702178754657,True
94,8,22.600860595703125,2.5272583961486816,0.31326058164913206,20.294652611060943,"[-0.40075811743736267, 1.0]",2.054937539532977,True
94,9,24.56958770751953,3.0209176540374756,0.2562204647895969,20.304542996431977,"[-0.47801879048347473, 1.0]",2.06009755530035,True
94,10,26.5543155670166,3.444337844848633,0.1913638369726245,20.245062222393067,"[-0.4926576316356659, 1.0]",2.075830639497839,True
94,11,28.548330307006836,3.782952070236206,0.1287143039090557,20.145313956054654,"[-0.4590473473072052, 1.0]",2.0846686527924803,True
94,12,30.544872283935547,4.03506326675415,0.06751046784323655,20.03661640759013,"[-0.4005431830883026, 1.0]",2.0867067507628665,True
94,13,32.539737701416016,4.200665473937988,0.007092663773153873,19.9368892719315,"[-0.31692013144493103, 1.0]",2.0845814192041603,True
94,14,34.53052520751953,4.279057502746582,-0.0527684064710483,19.863508926754633,"[-0.20416054129600525, 1.0]",2.0801732962739115,True
94,15,36.516624450683594,4.269628524780273,-0.11231256054553018,19.84098172351401,"[-0.06436070799827576, 1.0]",2.0753836609198757,True
94,16,38.50135040283203,4.174971103668213,-0.1692365635815385,19.944015092285422,"[0.07104012370109558, 1.0]",2.0744740200637217,True
94,17,40.49150466918945,4.017599582672119,-0.20948012344594336,20.05990064022009,"[0.18266898393630981, 1.0]",2.0804238192384124,True
94,18,42.49066162109375,3.8447585105895996,-0.20634398494626627,20.120868765171686,"[0.24901854991912842, 1.0]",2.0897008613475694,True
94,19,44.499088287353516,3.675844669342041,-0.14871184737640597,20.292556052244045,"[0.2184801995754242, 1.0]",2.099743168494864,True
94,20,46.5259895324707,3.5439341068267822,-0.05959874887682837,20.365274420641036,"[0.25635018944740295, 1.0]",2.118544980010072,True
94,21,48.56228256225586,3.495108127593994,0.02791924928784617,20.366934523499296,"[0.18389594554901123, 1.0]",2.127944235140903,True
94,22,50.60081481933594,3.5357940196990967,0.11384441080454355,20.42610655333539,"[0.0286217350512743, 1.0]",2.1292130728303693,True
94,23,52.633750915527344,3.6640701293945312,0.19815223459123654,20.18557175448823,"[0.540055513381958, 1.0]",2.130414701127657,True
94,24,54.63532638549805,3.871070146560669,0.27961926444314233,19.872355332598506,"[0.6190028190612793, 1.0]",2.097342203721456,True
94,25,56.59523010253906,4.152413368225098,0.3592638931611063,19.509977173820012,"[0.6374374628067017, 1.0]",2.0460822519190276,True
94,26,58.505950927734375,4.504824161529541,0.437540322869042,19.109784086607743,"[0.652207612991333, 1.0]",1.981663715975103,True
94,27,60.36161422729492,4.923704624176025,0.5140855647103724,18.68033316215662,"[0.6713022589683533, 1.0]",1.9077407945315485,True
94,28,62.15729904174805,5.403522491455078,0.5881631214856347,18.215142255905498,"[0.7064767479896545, 1.0]",1.8270188635868518,True
94,29,63.88785171508789,5.938165187835693,0.6592424249266591,17.706496317977372,"[0.7781893610954285, 1.0]",1.7410042704412128,True
94,30,65.54839324951172,6.520371437072754,0.7267586851452661,17.159949009328027,"[0.8425641059875488, 1.0]",1.8806828758389302,True
94,31,67.135009765625,7.143056392669678,0.7903595659292382,16.584625851123235,"[0.8816138505935669, 1.0]",1.776313139576979,True
94,32,68.64474487304688,7.799892902374268,0.8498426670357304,15.986403046622081,"[0.9176614880561829, 1.0]",1.672716175207924,True
94,33,70.07550811767578,8.484800338745117,0.9048643741050952,15.370700230618178,"[0.955635666847229, 1.0]",1.5715930345046507,True
94,34,71.42596435546875,9.191993713378906,0.9549776755483608,14.742114765941743,"[0.9849584102630615, 0.9942338466644287]",1.4741389467596686,True
94,35,72.69518280029297,9.91640853881836,0.9998797699495876,14.10561537756416,"[1.0, 0.9841225147247314]",1.3812809801603552,True
94,36,73.88247680664062,10.653932571411133,1.0394736183765545,13.467515030729063,"[1.0, 0.9766560196876526]",1.2938224100304365,True
94,37,74.98735809326172,11.401338577270508,1.0737831559895588,12.832583206199256,"[1.0, 0.9708183407783508]",0.9184419457151421,True
94,38,76.00961303710938,12.155898094177246,1.102787710000639,12.20526529454628,"[1.0, 0.9691308736801147]",0.8615740821995745,True
94,39,76.94911193847656,12.915349960327148,1.1264697701256283,11.590443494053638,"[1.0, 0.9684545397758484]",0.8092931305814416,True
94,40,77.80579376220703,13.67791748046875,1.1448149885841525,10.994150679434297,"[1.0, 0.9659709930419922]",0.7615631303542985,True
94,41,78.57968139648438,14.442320823669434,1.1578132786535837,10.423800058035296,"[1.0, 0.9617147445678711]",0.7183556466175677,True
94,42,79.2708511352539,15.207818031311035,1.1654597467754195,9.888800343347569,"[1.0, 0.9589124917984009]",0.679671074407016,True
94,43,79.87948608398438,15.9743013381958,1.1677436071472442,9.401908770340881,"[1.0, 0.9596306085586548]",0.6456132965969855,True
94,44,80.40589904785156,16.74251365661621,1.1646443867181784,8.983412575616706,"[1.0, 0.9597606062889099]",0.6164787791952573,True
94,45,80.85098266601562,17.5148868560791,1.1561770990588665,8.686916583151097,"[1.0, 0.9580428600311279]",0.5933400806619261,True
94,46,81.22474670410156,18.294937133789062,1.1473878019342507,8.51287691339932,"[1.0, 0.958006739616394]",0.5782054576286658,True
94,47,81.55248260498047,19.077159881591797,1.155097386973921,8.357080480637313,"[1.0, 0.9567826986312866]",-5.0,False
95,0,6.60105037689209,3.5037472248077393,0.002082858288551037,20.190788317047375,"[0.03267344832420349, 1.0]",1.691908924318803,True
95,1,8.622649192810059,3.5115325450897217,0.004324440978070498,20.36139172985781,"[-0.11048319935798645, 1.0]",2.113225078702329,True
95,2,10.660879135131836,3.4584176540374756,-0.028965205805974392,20.50966906794576,"[-0.14712992310523987, 1.0]",2.1305234531275334,True
95,3,12.713500022888184,3.3331668376922607,-0.07192652156280577,20.76013150785021,"[-0.03416687250137329, 1.0]",2.146041479541674,True
95,4,14.785789489746094,3.1691386699676514,-0.09117358623497118,20.935337484154722,"[0.08267775177955627, 1.0]",2.1664984855366063,True
95,5,16.87698745727539,3.020028591156006,-0.07335823696483246,21.095594140128206,"[0.12320542335510254, 1.0]",2.1861281411598736,True
95,6,18.987537384033203,2.9233758449554443,-0.0385884052469212,21.25576105038987,"[0.12221875786781311, 1.0]",2.206200851484567,True
95,7,21.11620330810547,2.902362585067749,0.0022415826895194613,21.41323100386426,"[0.10394439101219177, 1.0]",2.2250254635896547,True
95,8,23.261898040771484,2.9602410793304443,0.04287276565058562,21.654371510661573,"[0.04563254117965698, 1.0]",2.2431394044639927,True
95,9,25.42778205871582,3.0727081298828125,0.06562654768811438,21.871511667772637,"[-0.05581727623939514, 1.0]",2.2643058204493127,True
95,10,27.614608764648438,3.1737213134765625,0.0482480899948019,22.00146436190668,"[-0.16186201572418213, 1.0]",2.285833295561197,True
95,11,29.816598892211914,3.2190442085266113,0.012473980229822601,22.114825258367354,"[-0.17247721552848816, 1.0]",2.3015068412261295,True
95,12,32.030914306640625,3.185051441192627,-0.02958332549498177,22.25963474589057,"[-0.10288107395172119, 1.0]",2.3144837707852184,True
95,13,34.25321578979492,3.0834126472473145,-0.06372531698590667,22.225298804471983,"[0.005813898518681526, 1.0]",2.3223153277744206,True
95,14,36.471153259277344,2.9607746601104736,-0.06555424286451839,22.169057316445667,"[0.09009519219398499, 1.0]",2.3176982274064275,True
95,15,38.69167709350586,2.876392126083374,-0.03392800649733729,22.37646093696128,"[0.09263026714324951, 1.0]",2.3212179084448414,True
95,16,40.92715835571289,2.865903854370117,0.008143280823190047,22.325218001300268,"[0.086446613073349, 1.0]",2.3359447432128824,True
95,17,43.1580810546875,2.9308040142059326,0.04656097744423704,22.28860271943479,"[0.02707630582153797, 1.0]",2.331221411212066,True
95,18,45.38340377807617,3.0371432304382324,0.06272596578685441,22.23727181481749,"[-0.07469859719276428, 1.0]",2.3253904465553505,True
95,19,47.6039924621582,3.119647264480591,0.037830203284575425,22.162456372221083,"[-0.16373753547668457, 1.0]",2.320319737757026,True
95,20,49.823299407958984,3.1350934505462646,-0.004386093157306092,22.276879064272258,"[-0.14809781312942505, 1.0]",2.3195529015900065,True
95,21,52.048362731933594,3.067136287689209,-0.049055427279260044,22.231746313069195,"[-0.056537091732025146, 1.0]",2.3251061823834207,True
95,22,54.267051696777344,2.940464496612549,-0.07822290017002587,22.185632007645715,"[0.0778590738773346, 1.0]",2.3185243088781555,True
95,23,56.48627471923828,2.8268792629241943,-0.06113725703856687,22.33057628797878,"[0.14618438482284546, 1.0]",2.319710615756842,True
95,24,58.716278076171875,2.765671730041504,-0.019285680507971747,22.266945398211867,"[0.13994771242141724, 1.0]",2.3302046112255472,True
95,25,60.94158935546875,2.786341905593872,0.026973294468649378,22.207731351030546,"[0.11613944172859192, 1.0]",2.3252460703765125,True
95,26,63.165061950683594,2.8896594047546387,0.07232785993908042,22.404340933210985,"[0.03884965181350708, 1.0]",2.3242921294142933,True
95,27,65.39788818359375,3.050798177719116,0.10078200513186886,22.35699644817318,"[-0.08790448307991028, 1.0]",2.3334327169269358,True
95,28,67.62630462646484,3.2035984992980957,0.08126542855738705,22.26315616014997,"[-0.2249332070350647, 1.0]",2.3286006455917687,True
95,29,69.84817504882812,3.302809000015259,0.035622709057008706,22.15794430325069,"[-0.2542360723018646, 1.0]",2.3215811717279093,True
95,30,72.06571960449219,3.316807985305786,-0.015881628002633263,22.211835785879796,"[-0.1774660348892212, 1.0]",2.317497816700522,True
95,31,74.28964233398438,3.2431745529174805,-0.06713815792284272,22.370791746216845,"[-0.04386153817176819, 1.0]",2.3245912923501635,True
95,32,76.5210189819336,3.10642409324646,-0.10316153956585428,22.328823027114936,"[0.07363379001617432, 1.0]",2.331856351571236,True
95,33,78.74810028076172,2.96710205078125,-0.09390572319728374,22.259165413182217,"[0.15036994218826294, 1.0]",2.327247543187445,True
95,34,80.97026062011719,2.862030267715454,-0.04512952835831907,22.198822808298367,"[0.13010478019714355, 1.0]",2.322055041992811,True
95,35,83.19288635253906,2.837761878967285,0.012290222114606841,22.296960950194293,"[0.117961585521698, 1.0]",2.322962056697749,True
95,36,85.42021942138672,2.9001972675323486,0.06806640272079001,22.248027360609917,"[0.0358753502368927, 1.0]",2.327449191970401,True
95,37,87.64082336425781,3.022014617919922,0.10802993119657422,22.201465672614106,"[-0.10513237118721008, 1.0]",2.320510538397857,True
95,38,89.85826873779297,3.1363794803619385,0.10042487522968901,22.230780652703768,"[-0.2579115033149719, 1.0]",2.3174838864723233,True
95,39,92.07675170898438,3.22611665725708,0.0464627068000123,22.13279533806715,"[-0.26608771085739136, 1.0]",2.3180805502127084,True
95,40,94.29206085205078,3.2407777309417725,-0.016819327022449926,22.189863116504725,"[-0.16340667009353638, 1.0]",2.3151635270906774,True
95,41,96.51425170898438,3.175880193710327,-0.07554935275169505,22.352856534013167,"[-0.014468042179942131, 1.0]",2.322778711336653,True
95,42,98.74456024169922,3.0553622245788574,-0.11342895767449157,22.302130707775135,"[0.11806470155715942, 1.0]",2.3306681208998317,True
95,43,100.9703140258789,2.940255880355835,-0.10202916347035274,22.22523612259487,"[0.1836540699005127, 1.0]",2.3257673467313644,True
95,44,103.18975830078125,2.85266375541687,-0.044708216273869006,22.159217742552812,"[0.16160976886749268, 1.0]",2.3191607547438315,True
95,45,105.40754699707031,2.842914342880249,0.022956981228700712,22.213130662349148,"[0.15242892503738403, 1.0]",2.317747784269634,True
95,46,107.62950897216797,2.923046350479126,0.0911296440769851,22.286217379672994,"[0.060839712619781494, 1.0]",2.322249953306185,True
95,47,109.85206604003906,3.0698606967926025,0.14531605067044584,22.239575811112548,"[-0.09939137101173401, 1.0]",2.3226351590211003,True
95,48,112.06825256347656,3.2275118827819824,0.15977395275432293,22.139867187233243,"[-0.2851705849170685, 1.0]",2.3158159257800497,True
95,49,114.27688598632812,3.371281862258911,0.12140539145538742,22.133412875681564,"[-0.3675740957260132, 1.0]",2.3082337807921296,True
95,50,116.48844146728516,3.4785094261169434,0.045019406647244686,22.148615524420673,"[-0.3612174987792969, 1.0]",2.3112242508169243,True
95,51,118.70283508300781,3.504362106323242,-0.03185087400512998,22.11806549291663,"[-0.25191348791122437, 1.0]",10.0,True
96,0,6.688451766967773,6.9962568283081055,-0.0020574251001406196,21.15821842683247,"[-0.3312658965587616, 1.0]",1.7836637498885195,True
96,1,8.798422813415527,6.957447528839111,-0.020799021797409445,20.90071013023978,"[-0.82559734582901, 0.7049025893211365]",2.204024242033833,True
96,2,10.877761840820312,6.846648693084717,-0.059040417154293756,20.540536479635094,"[-0.8958998322486877, 0.5682826042175293]",2.171771441563143,True
96,3,12.920039176940918,6.653287410736084,-0.10808026494117584,20.393596912959662,"[-0.677528440952301, 0.98921138048172]",2.134048522228924,True
96,4,14.94001579284668,6.383742809295654,-0.15836340948296268,20.311940960928613,"[-0.5098217129707336, 1.0]",2.1113803502299406,True
96,5,16.940196990966797,6.036306858062744,-0.20546034809657776,20.255480106396046,"[-0.39218512177467346, 1.0]",2.0913308585988992,True
96,6,18.919795989990234,5.607029438018799,-0.24991050406081783,20.253987586918793,"[-0.2352634072303772, 1.0]",2.070741943164572,True
96,7,20.883804321289062,5.0945258140563965,-0.2911699267230343,20.43883441743725,"[-0.028049973770976067, 1.0]",2.055983086177296,True
96,8,22.84657859802246,4.520927429199219,-0.31453090948909956,20.52812484615007,"[0.15012478828430176, 1.0]",2.0551508385410737,True
96,9,24.82060432434082,3.951986789703369,-0.2912033493947144,20.616536983634653,"[0.2526280879974365, 1.0]",2.0668001427447154,True
96,10,26.81675148010254,3.433377504348755,-0.24665439015403212,20.65482880922763,"[0.31881386041641235, 1.0]",2.0890938854032433,True
96,11,28.834232330322266,2.9932737350463867,-0.19823266205615653,20.63650033824175,"[0.3873033821582794, 1.0]",2.1103451017418147,True
96,12,30.866052627563477,2.6377954483032227,-0.15013384224045367,20.593178963096246,"[0.4049125611782074, 1.0]",2.124489602575144,True
96,13,32.90635299682617,2.367079734802246,-0.10325594862649723,20.540356102034274,"[0.3929975926876068, 1.0]",2.1327319717218494,True
96,14,34.95097351074219,2.1823160648345947,-0.05768433552722563,20.490221029206655,"[0.36374253034591675, 1.0]",2.1368265085474456,True
96,15,36.99681091308594,2.0843472480773926,-0.013248560632871609,20.452087462712388,"[0.32246485352516174, 1.0]",2.137871795925956,True
96,16,39.04157257080078,2.0737154483795166,0.03025031418999191,20.434540017683723,"[0.27038511633872986, 1.0]",2.1367170877944206,True
96,17,41.083763122558594,2.150780439376831,0.07292081275578699,20.446949636038514,"[0.20763269066810608, 1.0]",2.1342018251199857,True
96,18,43.12282943725586,2.315882682800293,0.11475707611011376,20.500746047541476,"[0.13899382948875427, 1.0]",2.131319671911202,True
96,19,45.160945892333984,2.5688860416412354,0.1552372578373724,20.672023978268626,"[0.04515713453292847, 1.0]",2.1311405629803337,True
96,20,47.20553970336914,2.8872599601745605,0.1810343672105894,20.813069112875695,"[-0.09458932280540466, 1.0]",2.138252622043097,True
96,21,49.26438522338867,3.2007055282592773,0.16057849371963595,20.900124530332704,"[-0.2524597942829132, 1.0]",2.1528960804060286,True
96,22,51.3386116027832,3.4626998901367188,0.11840054679745116,20.93579493828188,"[-0.328227162361145, 1.0]",2.183649717822598,True
96,23,53.41407012939453,3.6469125747680664,0.07383907069964568,20.525047647266433,"[-1.0, -0.11617326736450195]",2.063832259286086,True
96,24,55.452388763427734,3.755099296569824,0.0342045757765419,19.986280059520553,"[-1.0, -0.3526090681552887]",1.8753210366569903,True
96,25,57.43914031982422,3.790414571762085,-0.003270628134726117,19.412553349534388,"[-1.0, -0.3894040286540985]",2.081644099468167,True
96,26,59.368019104003906,3.753375768661499,-0.039786028789129624,18.817962954598,"[-1.0, -0.4069051742553711]",1.8400365847225901,True
96,27,61.23457336425781,3.6463658809661865,-0.07496132678300516,18.210259642207014,"[-1.0, -0.41613098978996277]",1.6256943184766595,True
96,28,63.03438949584961,3.473404884338379,-0.10828958940285638,17.565139495951122,"[-1.0, -0.4271083176136017]",1.4402536702066058,True
96,29,64.76173400878906,3.2394344806671143,-0.1414358249622012,16.898202163711364,"[-1.0, -0.4310803711414337]",1.2808716596612397,True
96,30,66.41258239746094,2.949568033218384,-0.1772496158274226,16.21892040535754,"[-1.0, -0.4390268623828888]",1.1454640388956072,True
96,31,67.9839859008789,2.6069862842559814,-0.21665867416425222,15.546024505955396,"[-1.0, -0.4337279200553894]",1.032061297397831,True
96,32,69.47415924072266,2.214082956314087,-0.25905047292196937,14.878120639019144,"[-1.0, -0.43888312578201294]",0.9378440351649399,True
96,33,70.8812484741211,1.7739465236663818,-0.3033564187131814,14.210460135530182,"[-1.0, -0.44419339299201965]",0.8588561790975869,True
96,34,72.20311737060547,1.2902551889419556,-0.3491723768424695,13.543645422695588,"[-1.0, -0.4432312548160553]",0.7918270769832951,True
96,35,73.43778228759766,0.7671459317207336,-0.3966203200877567,12.877349536959192,"[-1.0, -0.4418697953224182]",0.7343102188819818,True
96,36,74.58329772949219,0.2092175930738449,-0.4459435282146238,12.206606602668554,"[-1.0, -0.44824644923210144]",0.6842555020952305,True
96,37,75.63771057128906,-0.3785169720649719,-0.4974167062895116,11.538518689363563,"[-1.0, -0.44333264231681824]",0.6400641460260003,True
96,38,76.59960174560547,-0.9909637570381165,-0.5513565041660318,10.870405966773976,"[-1.0, -0.4443831145763397]",0.6006916114456398,True
96,39,77.46774291992188,-1.6226356029510498,-0.6079920868559832,10.208141790097832,"[-1.0, -0.43733271956443787]",0.5650595928013682,True
96,40,78.24140930175781,-2.2678375244140625,-0.6675522198970061,9.546986316746365,"[-1.0, -0.438003271818161]",0.5323663585611346,True
96,41,78.91986083984375,-2.920182466506958,-0.7302395698480542,8.88287202540579,"[-1.0, -0.44431042671203613]",0.5015724884594084,True
96,42,79.50260162353516,-3.5726876258850098,-0.7963410923165846,8.22133729271589,"[-1.0, -0.44215646386146545]",-5.0,False
97,0,6.563339710235596,0.0038120795506983995,0.002106959896416072,19.638032862304694,"[0.15123966336250305, 1.0]",1.6517108581159667,True
97,1,8.526224136352539,0.04454418271780014,0.022374148424137097,19.629575460750683,"[0.3967685401439667, 1.0]",2.0512175156903214,True
97,2,10.483841896057129,0.16540801525115967,0.06681458385039818,19.562904106774536,"[0.4595552980899811, 1.0]",2.0456508281850754,True
97,3,12.427168846130371,0.37733662128448486,0.12352912926667159,19.496026666471078,"[0.48572680354118347, 1.0]",2.031059070072362,True
97,4,14.354127883911133,0.6680271625518799,0.18105234354794675,19.447672592509736,"[0.3756912052631378, 1.0]",2.0144735644470555,True
97,5,16.263216018676758,1.0383862257003784,0.23655994435819583,19.435083499048197,"[0.2247718870639801, 1.0]",1.996546010511342,True
97,6,18.154836654663086,1.4927726984024048,0.29062184817069525,19.51153506852898,"[0.06328380107879639, 1.0]",1.9794225437947086,True
97,7,20.03630828857422,2.0113985538482666,0.33136355231700065,19.55329184248062,"[-0.17596924304962158, 1.0]",1.9694614472022955,True
97,8,21.921051025390625,2.5261988639831543,0.32224448927040505,19.524641314000824,"[-0.4070778787136078, 1.0]",1.97260362272941,True
97,9,23.8102970123291,3.0187132358551025,0.2667605905938579,19.522617555743736,"[-0.4830818474292755, 1.0]",1.9770977659393234,True
97,10,25.715049743652344,3.4415531158447266,0.2027379316722442,19.461561955085795,"[-0.5002370476722717, 1.0]",1.9923297601211283,True
97,11,27.6296329498291,3.779890775680542,0.14072689148002127,19.364767972722067,"[-0.46893587708473206, 1.0]",2.001724662054007,True
97,12,29.54755210876465,4.0319013595581055,0.08030402740386755,19.26018617607448,"[-0.4142012596130371, 1.0]",2.004589996727882,True
97,13,31.46456527709961,4.197530746459961,0.020813003393132412,19.16505086415303,"[-0.3351295590400696, 1.0]",2.0032558972236494,True
97,14,33.37815475463867,4.276031970977783,-0.03803113878882236,19.0959404909246,"[-0.2288701832294464, 1.0]",1.9995212097482233,True
97,15,35.28753662109375,4.266758918762207,-0.09650536789536446,19.07737275317783,"[-0.0930776298046112, 1.0]",1.9952300438443784,True
97,16,37.19588851928711,4.172692775726318,-0.15221710000316868,19.18642534667375,"[0.04565691947937012, 1.0]",1.9946908122533913,True
97,17,39.11007308959961,4.017430782318115,-0.1905627581167284,19.299912806988214,"[0.159379243850708, 1.0]",2.001034177943947,True
97,18,41.03354263305664,3.8497345447540283,-0.1843015332358977,19.368486140308327,"[0.22415360808372498, 1.0]",2.0106277310884186,True
97,19,42.96767044067383,3.689091444015503,-0.12402101512000918,19.548873092740237,"[0.19934877753257751, 1.0]",2.0220977365345187,True
97,20,44.92094802856445,3.58156681060791,-0.04302589741326557,19.60875334049278,"[0.23384365439414978, 1.0]",2.0415169779228424,True
97,21,46.882606506347656,3.559683084487915,0.03593083679513143,19.63733199101359,"[0.14808803796768188, 1.0]",2.0500264717427643,True
97,22,48.84905242919922,3.618980884552002,0.10894432755685202,19.767381905511442,"[-0.00670301727950573, 1.0]",2.055399141426364,True
97,23,50.822265625,3.734370231628418,0.16266641201425802,19.792198015167443,"[-0.2096368372440338, 1.0]",2.0748959151381703,True
97,24,52.79216766357422,3.86769962310791,0.17862367379184896,19.613608478279048,"[0.39530912041664124, 1.0]",2.080744124850781,True
97,25,54.73739242553711,4.081226348876953,0.19096409649300394,19.414882788345928,"[0.5409893989562988, 1.0]",2.055165416256024,True
97,26,56.6516227722168,4.377297401428223,0.20190276435439536,19.228224446750865,"[0.6746269464492798, 1.0]",2.018684715107377,True
97,27,58.53465270996094,4.750027656555176,0.21189108318079164,19.092025613335764,"[0.8095577955245972, 1.0]",1.9770842351105677,True
97,28,60.39155197143555,5.180568695068359,0.22824382438026003,18.94810617892565,"[0.9188206195831299, 1.0]",1.9293035749621859,True
97,29,62.221351623535156,5.6585235595703125,0.2551436156028233,18.77378418682582,"[0.9961907863616943, 0.991366446018219]",1.8702498351911159,True
97,30,64.01895141601562,6.187239646911621,0.28840982656927583,18.59634926148254,"[1.0, 0.9735293388366699]",1.8039042229821036,True
97,31,65.78079223632812,6.770747184753418,0.3235650176969216,18.415989700109044,"[1.0, 0.9667713642120361]",1.9765823885678075,True
97,32,67.50391387939453,7.4098944664001465,0.35901169180587544,18.233477874438424,"[1.0, 0.9618062973022461]",1.8979201390225107,True
97,33,69.18611907958984,8.103628158569336,0.3945089659755423,18.053082447397028,"[1.0, 0.958411455154419]",1.8202025446566377,True
97,34,70.82579040527344,8.850133895874023,0.4301658966525581,17.873016130011926,"[1.0, 0.9543126821517944]",1.7445723621550908,True
97,35,72.42117309570312,9.647602081298828,0.46615572246583437,17.692805145196157,"[1.0, 0.9528056383132935]",1.671747766354447,True
97,36,73.97045135498047,10.494366645812988,0.502543291387914,17.512671425458237,"[1.0, 0.9524549841880798]",1.2145705023551976,True
97,37,75.47180938720703,11.3887357711792,0.5393319989491872,17.33244823994667,"[1.0, 0.9501495361328125]",1.1655295130043242,True
97,38,76.92349243164062,12.328930854797363,0.5765174509338546,17.152484915970025,"[1.0, 0.9499930739402771]",1.11949393431753,True
97,39,78.32379913330078,13.313091278076172,0.6140961852324995,16.97289242074842,"[1.0, 0.9497371912002563]",1.07649210621901,True
97,40,79.6711196899414,14.33926010131836,0.6520656052630587,16.793769928613113,"[1.0, 0.9497879147529602]",1.0364752636897065,True
97,41,80.96392059326172,15.4053955078125,0.6904296391881406,16.61505212369145,"[1.0, 0.9496188163757324]",0.9993367825829074,True
97,42,82.2007064819336,16.509370803833008,0.7291965428071245,16.43649576247618,"[1.0, 0.9479525089263916]",0.9649239940077194,True
97,43,83.38005065917969,17.648975372314453,0.7683762363950706,16.258363816823454,"[1.0, 0.9479790329933167]",-5.0,False
98,0,6.742696285247803,6.9962592124938965,-0.002053164042396638,21.847477643841057,"[-0.3312658965587616, 1.0]",1.8410099346450874,True
98,1,8.921645164489746,6.957520008087158,-0.02059955103176314,21.593672808648392,"[-0.8377904891967773, 0.6828767657279968]",2.276120406880861,True
98,2,11.070311546325684,6.847005844116211,-0.05800724380939748,21.229489783653715,"[-0.911847710609436, 0.5367602705955505]",2.244199085862379,True
98,3,13.181778907775879,6.654233455657959,-0.10576025215755358,21.079199151581747,"[-0.6958248615264893, 0.9579352140426636]",2.206323757632313,True
98,4,15.271041870117188,6.385505676269531,-0.15470981878348233,20.99819864637208,"[-0.5243406295776367, 1.0]",2.183754856249983,True
98,5,17.340986251831055,6.038935661315918,-0.20042431047523834,20.941420535932426,"[-0.4079072177410126, 1.0]",2.164180774125563,True
98,6,19.390819549560547,5.61055850982666,-0.24337430779743574,20.93599357267838,"[-0.257432758808136, 1.0]",2.144045268806545,True
98,7,21.42378044128418,5.096340179443359,-0.2848707517966691,21.082921719552974,"[-0.052319079637527466, 1.0]",2.127834039461621,True
98,8,23.45182991027832,4.515359401702881,-0.31302888663429496,21.17713834910787,"[0.1376951038837433, 1.0]",2.123346591565126,True
98,9,25.490657806396484,3.9365367889404297,-0.29283040766269863,21.275413934076667,"[0.2595466673374176, 1.0]",2.134567258821509,True
98,10,27.551111221313477,3.401963710784912,-0.24681963929967132,21.328867667764495,"[0.32216978073120117, 1.0]",2.1564333194219323,True
98,11,29.634082794189453,2.9453213214874268,-0.19749922749194937,21.31301260586612,"[0.3982093632221222, 1.0]",2.178880129602374,True
98,12,31.73158836364746,2.573399305343628,-0.14903209249748794,21.263044847062385,"[0.41788938641548157, 1.0]",2.1931892712697887,True
98,13,33.837005615234375,2.2862040996551514,-0.10182809480805144,21.197230929288086,"[0.411525696516037, 1.0]",2.2008047907687103,True
98,14,35.945682525634766,2.08487606048584,-0.055937168694079276,21.127959314806812,"[0.3891293704509735, 1.0]",2.2037527273170214,True
98,15,38.054046630859375,1.9702215194702148,-0.01121803345974115,21.065254320312576,"[0.3524185121059418, 1.0]",2.203157749666016,True
98,16,40.159358978271484,1.9427275657653809,0.03254649168185786,21.016880363695368,"[0.3061985969543457, 1.0]",2.1998883090487387,True
98,17,42.259639739990234,2.0026466846466064,0.07547225423813675,20.991453557978343,"[0.24777525663375854, 1.0]",2.1947423027296526,True
98,18,44.353721618652344,2.1501944065093994,0.11761438164366034,20.99922373418855,"[0.17699488997459412, 1.0]",2.188578385465958,True
98,19,46.4417839050293,2.3858206272125244,0.15898552391360532,21.065733946162624,"[0.08749657869338989, 1.0]",2.182858089134685,True
98,20,48.53030014038086,2.6947402954101562,0.19081895421359452,21.276729907540382,"[-0.03958544135093689, 1.0]",2.184261519935494,True
98,21,50.63134765625,3.0371952056884766,0.1887472812016222,21.384377488908108,"[-0.20601224899291992, 1.0]",2.3054786336430566,True
98,22,52.73360061645508,3.3575592041015625,0.150669537093723,20.903245400894768,"[-1.0, -0.10296866297721863]",2.165938344661623,True
98,23,54.79281234741211,3.610198974609375,0.1088236863594716,20.19869021662988,"[-1.0, -0.34770718216896057]",1.9367041657368362,True
98,24,56.79075622558594,3.7874844074249268,0.06615145673896894,19.509280111762152,"[-1.0, -0.38700705766677856]",2.111922383870319,True
98,25,58.72557830810547,3.8895068168640137,0.020970529371610702,18.855967662597752,"[-1.0, -0.40634652972221375]",1.840149335856705,True
98,26,60.59824752807617,3.9203603267669678,-0.023857129677147704,18.229329692379455,"[-1.0, -0.4153079688549042]",1.6089349715039674,True
98,27,62.407989501953125,3.8833401203155518,-0.06640885125832519,17.5929992732653,"[-1.0, -0.429880291223526]",1.415652473748099,True
98,28,64.1512222290039,3.780546188354492,-0.10613469260681896,16.945810542817398,"[-1.0, -0.43318164348602295]",1.2548097192476702,True
98,29,65.82440948486328,3.6150431632995605,-0.14360470335396158,16.286055716882633,"[-1.0, -0.4341084361076355]",1.1211229825997593,True
98,30,67.42363739013672,3.3903822898864746,-0.17947934745009153,15.602841758530479,"[-1.0, -0.4353174567222595]",1.0093435280239968,True
98,31,68.94403839111328,3.110527276992798,-0.21445690573302834,14.885837354141424,"[-1.0, -0.443619042634964]",0.9147158492330727,True
98,32,70.38018798828125,2.780400514602661,-0.2496021100065864,14.13627402419536,"[-1.0, -0.44379156827926636]",0.8332692898374329,True
98,33,71.7270278930664,2.4055521488189697,-0.28624773923829494,13.357757756739245,"[-1.0, -0.4430645704269409]",0.7622888246004587,True
98,34,72.98027038574219,1.9918854236602783,-0.32575040768744046,12.560142028083733,"[-1.0, -0.44236934185028076]",0.6998177287595102,True
98,35,74.13671875,1.5451992750167847,-0.3691459518600091,11.752220573107042,"[-1.0, -0.4489608407020569]",0.6445523706384438,True
98,36,75.19422149658203,1.0709890127182007,-0.4169182681260679,10.946494249294387,"[-1.0, -0.4457132816314697]",0.5955067501325771,True
98,37,76.15151977539062,0.5743651390075684,-0.4689401905435666,10.144643436465735,"[-1.0, -0.44432201981544495]",0.5518252479275317,True
98,38,77.00765228271484,0.06079401820898056,-0.5249110482254356,9.347042141614784,"[-1.0, -0.4401954710483551]",0.5122675708669904,True
98,39,77.76180267333984,-0.4636737108230591,-0.5846173888103037,8.549879346675894,"[-1.0, -0.4382561445236206]",0.47561746311111835,True
98,40,78.41326904296875,-0.9920027256011963,-0.6480608101948251,7.749026979255342,"[-1.0, -0.4399609863758087]",0.44059739081079613,True
98,41,78.96171569824219,-1.5160549879074097,-0.7154726079196738,6.9422069333734235,"[-1.0, -0.44221124053001404]",0.40603731587942804,True
98,42,79.40739440917969,-2.026628017425537,-0.787216569789754,6.127742666021443,"[-1.0, -0.44216296076774597]",0.3708843915568165,True
98,43,79.75151062011719,-2.5133070945739746,-0.8637009584001767,5.301459322596618,"[-1.0, -0.43967151641845703]",0.3340561878403949,True
98,44,79.99674224853516,-2.963855504989624,-0.9453430910937541,4.448856772710835,"[-1.0, -0.436779260635376]",-5.0,False
99,0,6.560103416442871,0.0038101053796708584,0.0021058946319802985,19.603637409539417,"[0.15123966336250305, 1.0]",1.6483197847857984,True
99,1,8.519721031188965,0.04447413980960846,0.022343388913546924,19.604090549318187,"[0.3962579369544983, 1.0]",2.0478360222180254,True
99,2,10.47498893737793,0.1650845855474472,0.06668169211200325,19.546014658554547,"[0.4590893089771271, 1.0]",2.0432249721524602,True
99,3,12.416794776916504,0.37661853432655334,0.12320741940698987,19.485361054229873,"[0.48553764820098877, 1.0]",2.0294899642826087,True
99,4,14.3428316116333,0.6669614315032959,0.18050280025700882,19.442108215356015,"[0.37589243054389954, 1.0]",2.013526321685899,True
99,5,16.251506805419922,1.0370819568634033,0.23577377920440412,19.43478774127948,"[0.22540953755378723, 1.0]",1.9961317386223787,True
99,6,18.143272399902344,1.4913771152496338,0.2895798863942023,19.518199963147854,"[0.0647541880607605, 1.0]",1.9795974943165873,True
99,7,20.025529861450195,2.0101447105407715,0.33003809704246745,19.567054480828205,"[-0.17298772931098938, 1.0]",1.9703092067115784,True
99,8,21.911684036254883,2.5255236625671387,0.3205918646559569,19.54810262663421,"[-0.40440747141838074, 1.0]",1.9741206366245414,True
99,9,23.803476333618164,3.0182902812957764,0.26541050107924224,19.55446421862996,"[-0.4805464446544647, 1.0]",1.979787386347116,True
99,10,25.711645126342773,3.441054582595825,0.2022263384268399,19.500196688970536,"[-0.4981919527053833, 1.0]",1.9959196778249768,True
99,11,27.63028335571289,3.7793586254119873,0.14109054612687189,19.40957158770313,"[-0.4680110514163971, 1.0]",2.0059813015147814,True
99,12,29.55281639099121,4.031479835510254,0.08154133204631897,19.310583949269947,"[-0.41482317447662354, 1.0]",2.009430663050035,True
99,13,31.4749698638916,4.197269916534424,0.022962174392826995,19.22055718738965,"[-0.33799460530281067, 1.0]",2.008645980243644,True
99,14,33.394187927246094,4.27593469619751,-0.034925360325571475,19.155890856110215,"[-0.23498639464378357, 1.0]",2.0054195722069883,True
99,15,35.309627532958984,4.266812801361084,-0.09239757507197233,19.141111317125066,"[-0.10216689109802246, 1.0]",2.0015746066399536,True
99,16,37.22440719604492,4.172005653381348,-0.14760397236293343,19.25561107859669,"[0.03548771142959595, 1.0]",2.0014299129396225,True
99,17,39.14567947387695,4.014174461364746,-0.1865352596002019,19.383392570948722,"[0.14834532141685486, 1.0]",2.0084975444013007,True
99,18,41.07740783691406,3.8416316509246826,-0.1816815153554785,19.46922544346403,"[0.21241244673728943, 1.0]",2.0193398775326976,True
99,19,43.021785736083984,3.675287961959839,-0.12325775315159238,19.673945351717304,"[0.1869058907032013, 1.0]",2.0329106532526495,True
99,20,44.98767852783203,3.5623347759246826,-0.04515642628532923,19.75303653875293,"[0.2136826515197754, 1.0]",2.054781456172435,True
99,21,46.96382522583008,3.535083055496216,0.030715834748537674,19.790471919445302,"[0.14809706807136536, 1.0]",2.0652038216355506,True
99,22,48.94561004638672,3.5930275917053223,0.1026928232140003,19.917751909729652,"[0.013080688193440437, 1.0]",2.071414704150424,True
99,23,50.934024810791016,3.7123849391937256,0.15860402608745083,19.96174649374923,"[-0.18914034962654114, 1.0]",2.0895154715722923,True
99,24,52.92075729370117,3.8499529361724854,0.1771279093656064,19.792640037245953,"[0.3833838105201721, 1.0]",2.096230276209958,True
99,25,54.88345718383789,4.068630218505859,0.19178741274400224,19.595956860137612,"[0.5442451238632202, 1.0]",2.070513996452704,True
99,26,56.814971923828125,4.369763374328613,0.20486792791208952,19.395796544912958,"[0.7035911679267883, 1.0]",2.0325610018734253,True
99,27,58.713626861572266,4.747181415557861,0.21621445889442636,19.238251554493395,"[0.8707690238952637, 1.0]",1.9876505201212158,True
99,28,60.583927154541016,5.184007167816162,0.23125293009594028,19.08681242520911,"[0.9663896560668945, 1.0]",1.9367241952270033,True
99,29,62.426753997802734,5.667519569396973,0.2561757236832838,18.916462623051213,"[1.0, 0.9773677587509155]",1.8754604042655707,True
99,30,64.23809051513672,6.200599670410156,0.2883227412016298,18.745405519688482,"[1.0, 0.9665757417678833]",1.8075135043588357,True
99,31,66.0145492553711,6.787760257720947,0.3229636759227814,18.571945660778326,"[1.0, 0.9556055068969727]",1.979072413551244,True
99,32,67.753173828125,7.430424213409424,0.35799143479226636,18.397014271693774,"[1.0, 0.9546105861663818]",1.8991914717237632,True
99,33,69.45171356201172,8.127761840820312,0.39307711741546036,18.223173764963818,"[1.0, 0.9527499675750732]",1.8203971502333525,True
99,34,71.1085205078125,8.878035545349121,0.4283598739593213,18.05032976422049,"[1.0, 0.952194333076477]",1.7437940721848737,True
99,35,72.72187805175781,9.679544448852539,0.4639560845634838,17.877427990951542,"[1.0, 0.9509531855583191]",1.6701806131182046,True
99,36,74.28995513916016,10.530678749084473,0.4999146848129792,17.704246332097767,"[1.0, 0.9485924243927002]",1.2131136680115133,True
99,37,75.8109359741211,11.429781913757324,0.5362462607731402,17.530708493996716,"[1.0, 0.9450237154960632]",1.1636428928401608,True
99,38,77.28304290771484,12.37511157989502,0.572950812443966,17.357209821064732,"[1.0, 0.9439492225646973]",1.1172327604731995,True
99,39,78.70457458496094,13.364855766296387,0.6100303371962754,17.183857522552938,"[1.0, 0.9428204894065857]",1.073919570463677,True
99,40,80.07389831542969,14.397103309631348,0.6474831039753592,17.01036061514582,"[1.0, 0.9391763210296631]",1.03363616771107,True
99,41,81.38944244384766,15.469855308532715,0.6853103777827361,16.83769337297241,"[1.0, 0.941935122013092]",0.9962697871139617,True
99,42,82.6497573852539,16.58108139038086,0.72351761809864,16.66641545678294,"[1.0, 0.9478008151054382]",0.9617138754036405,True
99,43,83.85347747802734,17.728681564331055,0.7621054907133429,16.49516756268292,"[1.0, 0.944990873336792]",-5.0,False
