trace_id,step,x,y,heading,speed,action,reward
0,0,5.007176399230957,3.499439001083374,-0.00034900726085496103,0.2996959567809788,"[-0.24135750532150269, 1.0]",0.008525031036471436
0,1,5.042736530303955,3.4955804347991943,-0.0028531776338560633,0.5928630543211203,"[-0.4055466651916504, 1.0]",0.03822801481744309
0,2,5.107145309448242,3.4856767654418945,-0.008930910715580609,0.8868898757210923,"[-0.4108733832836151, 1.0]",0.06839978358503203
0,3,5.2002787590026855,3.4691319465637207,-0.01853360381613367,1.1817202280229313,"[-0.3978840708732605, 1.0]",0.09845119058054655
0,4,5.3223347663879395,3.4465794563293457,-0.03129613755006577,1.4784019023856452,"[-0.3743067979812622, 1.0]",0.12870881594598932
0,5,5.473579406738281,3.418447256088257,-0.04642502307058827,1.7770018843575277,"[-0.3419640064239502, 1.0]",0.15924114882995066
0,6,5.654212951660156,3.384812116622925,-0.06306724988054846,2.077266369820876,"[-0.303530752658844, 1.0]",0.18998124358606894
0,7,5.864383220672607,3.345625400543213,-0.08037926170466214,2.378799083727031,"[-0.26208245754241943, 1.0]",0.2208748648892228
0,8,6.104206562042236,3.3008968830108643,-0.09756224337396269,2.681112096250792,"[-0.22039586305618286, 1.0]",0.2518883458027575
0,9,6.373751640319824,3.2506263256073,-0.11391964510533814,2.983756753060205,"[-0.18061527609825134, 1.0]",0.2829719836663588
0,10,6.67302942276001,3.1947360038757324,-0.12890165729174274,3.286396463959973,"[-0.1440707892179489, 1.0]",0.3140665665280054
0,11,7.002022743225098,3.1331632137298584,-0.14211399893378918,3.5888293401068387,"[-0.11132980138063431, 1.0]",0.34514305249556865
0,12,7.360718727111816,3.0659570693969727,-0.15330193867321196,3.890968548888269,"[-0.08242269605398178, 1.0]",0.376205342356716
0,13,7.749122619628906,2.99330472946167,-0.1623156736986946,4.192796400193136,"[-0.05708954855799675, 1.0]",0.40727147631795896
0,14,8.167266845703125,2.9155452251434326,-0.16907757286445957,4.494331694885662,"[-0.03496472164988518, 1.0]",0.43836871870120425
0,15,8.615215301513672,2.8331823348999023,-0.17355914034684528,4.795599498052043,"[-0.015691813081502914, 1.0]",0.4695286535517811
0,16,9.093063354492188,2.746886968612671,-0.17576796615495738,5.096630973997406,"[0.001021658070385456, 1.0]",0.500782892361504
0,17,9.600929260253906,2.6574881076812744,-0.17574679402429094,5.397458073439889,"[0.015388702042400837, 1.0]",0.5321544670921983
0,18,10.13895034790039,2.565951108932495,-0.17356992614926092,5.698116574403664,"[0.02757136896252632, 1.0]",0.5636626122313009
0,19,10.707634925842285,2.47735595703125,-0.16706036149678027,5.991478951060156,"[0.09549485892057419, 1.0]",0.5956462332216652
0,20,11.307588577270508,2.3989295959472656,-0.15314241532391648,6.2887965589253145,"[0.1062152311205864, 1.0]",0.6282532359433866
0,21,11.938621520996094,2.329407215118408,-0.13560683112628968,6.587956205904809,"[0.10703802108764648, 1.0]",0.6606787466521575
0,22,12.60060977935791,2.2681844234466553,-0.11678360854160985,6.888523735631479,"[0.09847567975521088, 1.0]",0.6929866151721581
0,23,13.293429374694824,2.2145397663116455,-0.09844241811423426,7.189891414384034,"[0.08488350361585617, 1.0]",0.7251741067016422
0,24,14.016952514648438,2.1677191257476807,-0.08176410547150414,7.491563894041622,"[0.06960414350032806, 1.0]",0.7572351774768006
0,25,14.77104663848877,2.126838207244873,-0.06737198346655227,7.79323246419367,"[0.0549941249191761, 1.0]",0.7891636699292035
0,26,15.55559253692627,2.091029167175293,-0.05543303229972629,8.094770128815211,"[0.04240525886416435, 1.0]",0.8209723640171684
0,27,16.370492935180664,2.059525728225708,-0.04579358757613061,8.396162642623406,"[0.03237109258770943, 1.0]",0.8526831301461999
0,28,17.215679168701172,2.0316877365112305,-0.03811316415039645,8.697438846827632,"[0.024869125336408615, 1.0]",0.8843247083312321
0,29,18.091102600097656,2.0070228576660156,-0.03197883889550823,8.99863618988775,"[0.019559744745492935, 1.0]",0.9159172942509792
0,30,18.996728897094727,1.9851921796798706,-0.026987675538535427,9.299782522428503,"[0.01596422865986824, 1.0]",0.9474753183479986
0,31,19.93253517150879,1.9659936428070068,-0.02279492787636972,9.600902699742356,"[0.013585333712399006, 1.0]",0.9790103365629031
0,32,20.89850425720215,1.949324607849121,-0.019137342435255,9.902008966822956,"[0.011978489346802235, 1.0]",1.0105281260440626
0,33,21.894624710083008,1.9351402521133423,-0.015838085318810258,10.203109309181318,"[0.010787894017994404, 1.0]",1.0420344447721752
0,34,22.9208927154541,1.9234130382537842,-0.012801149569738435,10.504212083642058,"[0.009759296663105488, 1.0]",1.073536959747483
0,35,23.977296829223633,1.9140973091125488,-0.009989117774724221,10.805312255799599,"[0.008741294033825397, 1.0]",1.1050280189206294
0,36,25.063827514648438,1.9071069955825806,-0.0074089141526005875,11.10641885827476,"[0.007667397148907185, 1.0]",1.1365095702870411
0,37,26.18048095703125,1.9023040533065796,-0.005087037156214613,11.407527325181452,"[0.006539647467434406, 1.0]",1.167987315346129
0,38,27.327253341674805,1.8994998931884766,-0.003051849451176203,11.70863763943844,"[0.0054021673277020454, 1.0]",1.1994612540210277
0,39,28.50413703918457,1.898469090461731,-0.0013222594812241084,12.009749753161367,"[0.004316975362598896, 1.0]",1.2309275713989918
0,40,29.71113395690918,1.8989683389663696,0.00010120012142245116,12.31086357153421,"[0.003344421274960041, 1.0]",1.2623958037965133
0,41,30.9482421875,1.9007574319839478,0.0012382367488328327,12.611976246832148,"[0.0025278525426983833, 1.0]",1.293862123701565
0,42,32.215457916259766,1.903617262840271,0.0021240041273928867,12.913091865607157,"[0.0018847482278943062, 1.0]",1.3253246421549978
0,43,33.512786865234375,1.9073622226715088,0.0028033765214718898,13.214209453418686,"[0.0014078663662075996, 1.0]",1.3567928915149934
0,44,34.8402214050293,1.9118446111679077,0.003325622411236573,13.51532594975414,"[0.001069788821041584, 1.0]",1.3882535065688155
0,45,36.1977653503418,1.9169526100158691,0.0037298902647107113,13.816440944044373,"[0.0008297460153698921, 1.0]",1.4197179295606996
0,46,37.58542251586914,1.9225995540618896,0.004048670647192942,14.11755419624723,"[0.0006483392789959908, 1.0]",1.4511861594104563
0,47,39.0031852722168,1.9287135601043701,0.004301138318532516,14.41866726145109,"[0.0004924582317471504, 1.0]",1.482646759024186
0,48,40.45105743408203,1.9352267980575562,0.004494350655617652,14.719781384951325,"[0.00034109223634004593, 1.0]",1.5141111780975154
0,49,41.92904281616211,1.9420664310455322,0.004629639238993732,15.020899745884478,"[0.00018944311887025833, 1.0]",1.5455794309365583
0,50,43.437137603759766,1.9491544961929321,0.00470727038476948,15.322018152371314,"[4.3560750782489777e-05, 1.0]",1.577043869283327
0,51,44.975345611572266,1.9564108848571777,0.00472657830267309,15.623134708973641,"[-8.571427315473557e-05, 1.0]",1.6085121140028813
0,52,46.54366683959961,1.9637583494186401,0.004693155630992152,15.924249953581217,"[-0.0001854998990893364, 1.0]",1.6399803528184593
0,53,48.14209747314453,1.9711370468139648,0.00462138343961449,16.225376124421985,"[-0.00022047292441129684, 1.0]",1.6714448261048207
0,54,49.7706413269043,1.978515386581421,0.004530303330334107,16.52650468669288,"[-0.00021773111075162888, 1.0]",1.7029131248498837
0,55,51.429298400878906,1.9858778715133667,0.004434429531091411,16.827632821503897,"[-0.000216546468436718, 1.0]",1.7343814216713769
0,56,53.11728286743164,2.0031464099884033,0.009802696498418584,17.11220270615197,"[0.05256866291165352, 1.0]",1.7649893787304183
0,57,54.83369445800781,2.053112030029297,0.02874269869689794,17.408900000585316,"[0.049686361104249954, 1.0]",1.7947516405788058
0,58,56.57876968383789,2.133880138397217,0.047990429159336934,17.710271563325982,"[0.023152265697717667, 1.0]",1.824771447865045
0,59,58.353153228759766,2.229990005493164,0.05651454201840789,18.009553480443326,"[-0.015586930327117443, 1.0]",1.85542653558387
0,60,60.15781021118164,2.316642999649048,0.04919271323345331,18.303260913411904,"[-0.04645230993628502, 1.0]",1.8870216565322286
0,61,61.99314498901367,2.373567819595337,0.029915687999023888,18.599291449941543,"[-0.04800143465399742, 1.0]",1.9190315893567682
0,62,63.85895919799805,2.398510694503784,0.010534000533754195,18.900630113559075,"[-0.019752804189920425, 1.0]",1.9508670444953908
0,63,65.75499725341797,2.407426118850708,0.0017655426446676614,19.20100696658071,"[0.008885574527084827, 1.0]",1.982442586769535
0,64,67.68106842041016,2.417386770248413,0.004169311844573365,19.50110766718785,"[0.017303969711065292, 1.0]",2.013826151494533
0,65,69.6371078491211,2.4367406368255615,0.010725748132239588,19.802087992557585,"[0.010178891010582447, 1.0]",2.0451488246774465
0,66,71.62315368652344,2.464245080947876,0.015080149672574095,20.10320102746191,"[-0.0001793084666132927, 1.0]",2.0765102420259223
0,67,73.6392822265625,2.49235200881958,0.014521817950038596,20.403701369066063,"[-0.011679152958095074, 1.0]",2.10794519619986
0,68,75.68556213378906,2.5118072032928467,0.008836102180773686,20.703867643505337,"[-0.016895029693841934, 1.0]",2.1394473116223365
0,69,77.76197052001953,2.5181450843811035,0.0014811170402477813,21.00488273324946,"[-0.008824239484965801, 1.0]",2.170930358530091
0,70,79.86847686767578,2.515918493270874,-0.002471147175484134,21.305937148264103,"[0.002604265697300434, 1.0]",2.2023830648234384
0,71,82.00508117675781,2.513361692428589,-0.0015322497331773377,21.606798596181715,"[0.008026388473808765, 1.0]",2.233834902764849
0,72,84.17178344726562,2.516108274459839,0.0019690081519501135,21.907808254067458,"[0.006252479739487171, 1.0]",2.2652874076511162
0,73,86.36856842041016,2.5250906944274902,0.005021523393399008,22.208910477179405,"[0.0022876979783177376, 1.0]",2.2967250702918385
0,74,88.59544372558594,2.53706955909729,0.00591448130690253,22.50994257319237,"[-0.0035610077902674675, 1.0]",2.328170046755147
0,75,90.84432983398438,2.5456972122192383,0.0034979289337648822,22.47310903240867,"[-0.010319645516574383, 1.0]",2.3500150990442767
0,76,93.09090423583984,2.544384479522705,-0.0018185395503609314,22.436351284687692,"[-0.010649438016116619, 1.0]",2.347537982636563
0,77,95.33377838134766,2.5319461822509766,-0.00713607329892163,22.39993894265705,"[-0.005125167779624462, 1.0]",2.343673870749769
0,78,97.57296752929688,2.5131499767303467,-0.009499229292203815,22.363491540171907,"[0.003308628685772419, 1.0]",2.3398248598799922
0,79,99.80851745605469,2.4951095581054688,-0.008184959294249339,22.327014731963803,"[0.005876046605408192, 1.0]",2.33602149305165
0,80,102.04045867919922,2.4812183380126953,-0.005553356663087428,22.290637687241663,"[0.0033688144758343697, 1.0]",2.332249092737119
0,81,104.26876068115234,2.469672679901123,-0.004603939734474594,22.254132545102912,"[-0.0048464564606547356, 1.0]",2.328445598406088
0,82,106.4933853149414,2.454470157623291,-0.0070619042625628126,22.217507139458387,"[-0.008291955105960369, 1.0]",2.3246034159166253
0,83,108.72239685058594,2.4323480129241943,-0.010889133065115963,22.518569820853312,"[-0.004742647521197796, 1.0]",2.3303450998383712
0,84,110.9720230102539,2.4070844650268555,-0.011891014267203737,22.481697445997778,"[0.009181116707623005, 1.0]",2.350793798174959
0,85,113.21937561035156,2.3887979984283447,-0.007562978021661948,22.444805371924016,"[0.01201909501105547, 1.0]",2.3483542242713145
0,86,115.46309661865234,2.3782055377960205,-0.0034609109946126537,22.408248135954143,"[-0.004150833003222942, 1.0]",2.344558124912575
0,87,117.70307159423828,2.3751087188720703,-0.00017616810610920908,22.368807147720517,"[0.023017626255750656, 1.0]",2.3406346077506797
0,88,119.93915557861328,2.3926641941070557,0.009772070145881884,22.33188627729239,"[0.015216638334095478, 1.0]",2.3365774726228157
0,89,122.17139434814453,2.4231979846954346,0.01593262753750757,22.295118229658083,"[-0.006307254545390606, 1.0]",2.3325668015647114
0,90,124.39997100830078,2.4530956745147705,0.01394950463178013,22.25831718795581,"[-0.010797548107802868, 1.0]",2.328739087502051
0,91,126.62495422363281,2.472930669784546,0.007497996891063785,22.22068188484327,"[-0.01764872297644615, 1.0]",2.324976283813826
0,92,128.8543701171875,2.475088596343994,-0.0013586116301036455,22.521286055790366,"[-0.013057994656264782, 1.0]",2.330761680805744
0,93,131.10427856445312,2.45670747756958,-0.01091842783710728,22.482701110394192,"[-0.022537115961313248, 1.0]",2.3510806022623987
0,94,133.35140991210938,2.4139130115509033,-0.0219790684764245,22.445937486759657,"[-0.012914548628032207, 1.0]",2.3481380663466687
0,95,135.5945281982422,2.3568837642669678,-0.027696076388497026,22.409220766187435,"[0.006130230613052845, 1.0]",2.343959779580656
0,96,137.83399963378906,2.3020832538604736,-0.02460601057567846,22.37151321930671,"[0.01742086187005043, 1.0]",2.3401432450337554
0,97,140.0700225830078,2.262145519256592,-0.015937154911361162,22.334138779726086,"[0.017198633402585983, 1.0]",2.336526573727517
0,98,142.30247497558594,2.23368763923645,-0.01076050238446502,22.296217093175176,"[-0.014432798139750957, 1.0]",2.3327853694974134
0,99,144.53086853027344,2.1935195922851562,-0.01850817062772414,22.25571229736941,"[-0.03148764744400978, 1.0]",2.3285442600256623
0,100,146.75473022460938,2.127570629119873,-0.03307140073271242,22.218207347717584,"[-0.020863089710474014, 1.0]",2.3238436274006666
0,101,148.98223876953125,2.0411536693573,-0.042208173800556636,22.518948454698673,"[0.005008180625736713, 1.0]",2.328843812968019
0,102,151.2303009033203,1.9588488340377808,-0.036841238413774846,22.47369553623187,"[0.04621966555714607, 1.0]",2.349193763702106
0,103,153.4759979248047,1.9194908142089844,-0.012832175396438217,22.41322553517471,"[0.11583877354860306, 1.0]",2.346556536392661
0,104,155.71485900878906,1.950737476348877,0.023775104315573614,22.31464424777449,"[0.23087181150913239, 1.0]",2.33927698309936
0,105,157.9404754638672,2.064096212387085,0.0669445461115945,22.18044097831589,"[0.3304247558116913, 1.0]",2.3254284394805467
0,106,160.14968872070312,2.263035297393799,0.11181175310254066,22.165944331856245,"[0.3486185669898987, 1.0]",2.3089600063292908
0,107,162.349853515625,2.5478286743164062,0.1567167769809661,22.245358546119096,"[0.12987250089645386, 1.0]",2.300268908379411
0,108,164.54165649414062,2.9188966751098633,0.1989566423984952,22.19766578341031,"[0.040327515453100204, 1.0]",2.2916924745409712
0,109,166.72235107421875,3.3505215644836426,0.22569224973985502,22.36048541806123,"[-0.08296171575784683, 1.0]",2.2813167644594006
0,110,168.9149932861328,3.7760543823242188,0.20508723922785776,22.296803211529983,"[-0.13074243068695068, 1.0]",2.2929778263659473
0,111,171.10934448242188,4.149167060852051,0.15943346760895594,22.12867757613066,"[-0.43242424726486206, 1.0]",2.2939302453816506
0,112,173.3070526123047,4.438283920288086,0.10888174327123501,22.249781025314963,"[-0.10757671296596527, 1.0]",2.29783214449673
0,113,175.52098083496094,4.639938831329346,0.057173008597930064,22.191950696584573,"[-0.09390516579151154, 1.0]",2.3137920007908805
0,114,177.74168395996094,4.761064529418945,0.0099849898750346,22.375900052256245,"[-0.009610581211745739, 1.0]",2.3213946752351533
0,115,179.976806640625,4.805665969848633,-0.02926481142860826,22.324631666547646,"[-0.009674902074038982, 1.0]",2.335583523163527
0,116,182.207275390625,4.766091346740723,-0.06374302700715528,22.25370858969541,"[-0.09664850682020187, 1.0]",10.0
1,0,5.007357597351074,3.4994239807128906,-0.000357662534397285,0.30727401148108757,"[-0.24135750532150269, 1.0]",0.008740330402739114
1,1,5.0438151359558105,3.4954609870910645,-0.002928145618541933,0.6078406025760906,"[-0.40550458431243896, 1.0]",0.03919282131632874
1,2,5.109849452972412,3.485288619995117,-0.009166467313998616,0.9093283210394555,"[-0.4106828272342682, 1.0]",0.07012629446127912
1,3,5.205338001251221,3.468309164047241,-0.019007646490168284,1.211670238122354,"[-0.3973056674003601, 1.0]",0.10094106435035918
1,4,5.330486297607422,3.445168972015381,-0.032066057421207717,1.5159287749963526,"[-0.3730948269367218, 1.0]",0.13196997584368475
1,5,5.48556661605835,3.4162967205047607,-0.047519049646393086,1.8221777300063273,"[-0.3399609923362732, 1.0]",0.1632801182359562
1,6,5.670787334442139,3.381770610809326,-0.06447712736163602,2.1301440503034565,"[-0.30070608854293823, 1.0]",0.19480636661015463
1,7,5.886300086975098,3.341543674468994,-0.0820595831944484,2.439394545208406,"[-0.25853630900382996, 1.0]",0.2264900279863968
1,8,6.132223129272461,3.295628309249878,-0.09944003825857806,2.7494118861390104,"[-0.21632039546966553, 1.0]",0.25829539578498883
1,9,6.408623695373535,3.2440249919891357,-0.11590409959161097,3.059730426865136,"[-0.17622753977775574, 1.0]",0.29016935302196734
1,10,6.715509414672852,3.1866531372070312,-0.13089556599988494,3.37001221228981,"[-0.1395619660615921, 1.0]",0.32205077425462053
1,11,7.052860736846924,3.123457908630371,-0.14402188753872203,3.68005906721175,"[-0.10683706402778625, 1.0]",0.35391158797652517
1,12,7.420665740966797,3.0545084476470947,-0.15503605601701764,3.9897928172049335,"[-0.07803349196910858, 1.0]",0.38575907179729524
1,13,7.818934440612793,2.9800238609313965,-0.1637918638909257,4.299200927912413,"[-0.05285266414284706, 1.0]",0.41761510382160194
1,14,8.247706413269043,2.9003889560699463,-0.17021927002377701,4.608304144501661,"[-0.030913587659597397, 1.0]",0.4495093413065075
1,15,8.707054138183594,2.8161613941192627,-0.1742959038624159,4.917138085498774,"[-0.011853720061480999, 1.0]",0.48147484629929527
1,16,9.197081565856934,2.728074073791504,-0.17603787753143685,5.22573104246368,"[0.0046147750690579414, 1.0]",0.5135432173644264
1,17,9.717917442321777,2.6370222568511963,-0.17549725583015086,5.534120090588885,"[0.018699470907449722, 1.0]",0.5457394168724937
1,18,10.269709587097168,2.544060230255127,-0.17274740884658968,5.842320773950083,"[0.03088323399424553, 1.0]",0.5780825882581659
1,19,10.852977752685547,2.4545750617980957,-0.16549335751137662,6.142584502425983,"[0.09990163892507553, 1.0]",0.6109097958492958
1,20,11.468320846557617,2.3762550354003906,-0.1505026900514297,6.4470823222385105,"[0.11097349226474762, 1.0]",0.6443549643221436
1,21,12.115550994873047,2.3079593181610107,-0.13170849592263245,6.7535920716945474,"[0.1117592379450798, 1.0]",0.6776213126380551
1,22,12.794532775878906,2.2490718364715576,-0.11161028496607628,7.061789865857246,"[0.10180339217185974, 1.0]",0.710759835402217
1,23,13.505122184753418,2.1986286640167236,-0.09221075432150272,7.370919355284456,"[0.08629625290632248, 1.0]",0.7437585459732918
1,24,14.24716854095459,2.1554603576660156,-0.07492124620859997,7.680467758122282,"[0.06757638603448868, 1.0]",0.7766084611127222
1,25,15.020506858825684,2.1178717613220215,-0.060700365461739736,7.990018372482296,"[0.04802866652607918, 1.0]",0.8092934005472641
1,26,15.82499885559082,2.084266185760498,-0.049826811889000844,8.29923261876141,"[0.03398532047867775, 1.0]",0.8418385435495631
1,27,16.660554885864258,2.053987741470337,-0.04163253153093649,8.6081744063669,"[0.02593240514397621, 1.0]",0.8742928151020886
1,28,17.527124404907227,2.0268006324768066,-0.035262250203466294,8.917010608063338,"[0.019920948892831802, 1.0]",0.9066960667792537
1,29,18.424678802490234,2.0029871463775635,-0.029821545254488768,9.225583156286175,"[0.02208622172474861, 1.0]",0.9390695217862957
1,30,19.35321044921875,1.984032392501831,-0.024037958315163976,9.533995076631308,"[0.025241006165742874, 1.0]",0.9714346245733565
1,31,20.31268882751465,1.9704601764678955,-0.017823605069518855,9.842655172784013,"[0.021891523152589798, 1.0]",1.0037703265734266
1,32,21.303085327148438,1.9623624086380005,-0.011567839668922275,10.151057755960432,"[0.025103826075792313, 1.0]",1.036076259535611
1,33,22.32436752319336,1.959174394607544,-0.005798633799484421,10.4599369763778,"[0.009759862907230854, 1.0]",1.068351912438622
1,34,23.37653350830078,1.9584072828292847,-0.0020197413707156997,10.76861532359508,"[0.012009446509182453, 1.0]",1.1006247540635998
1,35,24.45954132080078,1.962812066078186,0.0022932480146673484,11.076774669720336,"[0.021633002907037735, 1.0]",1.1328532985137416
1,36,25.573179244995117,1.9780610799789429,0.010096043692490397,11.38239387169167,"[0.04558134451508522, 1.0]",1.1648586966169485
1,37,26.717151641845703,2.009237051010132,0.022250178275394106,11.690338255453243,"[0.04015032574534416, 1.0]",1.1965789190001255
1,38,27.891653060913086,2.0494496822357178,0.031720245953660964,11.998699453845475,"[-0.001059095375239849, 1.0]",1.2284955666096875
1,39,29.09706687927246,2.087594985961914,0.03283597729235055,12.306707685326321,"[-0.015055092982947826, 1.0]",1.2607940029433435
1,40,30.33336639404297,2.1153697967529297,0.02597713906290533,12.608907264098944,"[-0.05493762716650963, 1.0]",1.293039597458953
1,41,31.599721908569336,2.1343026161193848,0.017312411298277652,12.905399030520277,"[0.03416014090180397, 1.0]",1.3244298101637084
1,42,32.89590072631836,2.1698379516601562,0.02377363957697387,13.21221499838175,"[0.03516964986920357, 1.0]",1.3556337852417413
1,43,34.222511291503906,2.210371255874634,0.029403562121401272,13.516622890185626,"[-0.02695510908961296, 1.0]",1.3874353681913822
1,44,35.57979202270508,2.2465016841888428,0.027792216503849332,13.823365258024682,"[0.018827278167009354, 1.0]",1.419485874862283
1,45,36.96751403808594,2.293173313140869,0.03220667232676444,14.131810959871045,"[0.015664327889680862, 1.0]",1.451315164700279
1,46,38.38378143310547,2.3364686965942383,0.03148655356800667,14.362023267317474,"[-0.0952494665980339, 1.0]",1.4808964997224598
1,47,39.82594299316406,2.341034412384033,0.008700147807125802,14.658754605696984,"[-0.08736219257116318, 1.0]",1.5081259557842301
1,48,41.296226501464844,2.297621488571167,-0.025451431063723717,14.92997085771533,"[-0.11507080495357513, 1.0]",1.5374683771605002
1,49,42.79182052612305,2.210418939590454,-0.057162355953569666,15.215856144099007,"[0.014223550446331501, 1.0]",1.5640653773066486
1,50,44.31708908081055,2.124469757080078,-0.06073139128843952,15.522257913502159,"[0.02577175572514534, 1.0]",1.5951187152982598
1,51,45.873287200927734,2.052313804626465,-0.04917593531858522,15.817110278823707,"[0.06620900332927704, 1.0]",1.6273751163718941
1,52,47.4603385925293,2.019047737121582,-0.023310116389245294,16.111124458541077,"[0.08317432552576065, 1.0]",1.6595514516649974
1,53,49.07771301269531,2.0261850357055664,0.004735100418161053,16.42138474373558,"[0.03099677339196205, 1.0]",1.6912706515128257
1,54,50.725704193115234,2.0578207969665527,0.0217793313946677,16.729520614514286,"[0.026507895439863205, 1.0]",1.7232740231852361
1,55,52.40329360961914,2.1203088760375977,0.03852821780628535,17.02808705534707,"[0.05845017358660698, 1.0]",1.754215808252968
1,56,54.10960006713867,2.2123756408691406,0.05516325408130207,17.33258292282474,"[-0.009308080188930035, 1.0]",1.7843030806722426
1,57,55.846622467041016,2.301722526550293,0.0536907923145975,17.637742998520057,"[-0.031589921563863754, 1.0]",1.816392243395684
1,58,57.614994049072266,2.3726015090942383,0.04036193737485938,17.94140232317969,"[-0.04474494978785515, 1.0]",1.8491078924855586
1,59,59.41477584838867,2.412640333175659,0.020957346724214787,18.246755281380157,"[-0.04282675310969353, 1.0]",1.8818921980826169
1,60,61.24556350708008,2.42775559425354,0.005708352638530201,18.55522038317272,"[0.0013173418119549751, 1.0]",1.9142861504156836
1,61,63.10723876953125,2.4353652000427246,0.0018687401369081869,18.863872598285532,"[-0.002283426932990551, 1.0]",1.9465626891434569
1,62,64.99979400634766,2.436100959777832,-0.00018775285685102006,19.17250227152231,"[-0.005085657350718975, 1.0]",1.9788314970382566
1,63,66.92321014404297,2.4315946102142334,-0.002653973184318481,19.481165725414268,"[-0.00519136618822813, 1.0]",2.011081383459677
1,64,68.87747955322266,2.4244720935821533,-0.003984621622976192,19.78972721664908,"[0.004868616349995136, 1.0]",2.0433231816546082
1,65,70.86261749267578,2.420274257659912,-0.0021459752063854864,20.09831249177151,"[0.006683868356049061, 1.0]",2.0755803456660966
1,66,72.87862396240234,2.42110276222229,0.0009109342508617502,20.406963273038805,"[0.00571316946297884, 1.0]",2.107837804455237
1,67,74.92548370361328,2.4270260334014893,0.003516571061394913,20.715694330636282,"[0.0020173462107777596, 1.0]",2.140080365698801
1,68,77.00320434570312,2.4354665279388428,0.004498878029471243,21.02439869274713,"[-0.001596192829310894, 1.0]",2.172330436207206
1,69,79.11180114746094,2.4422926902770996,0.003170493277739439,21.33284820073409,"[-0.00782738160341978, 1.0]",2.204594618661116
1,70,81.25125885009766,2.443283796310425,-0.00016085492984085903,21.641509455896237,"[-0.005311283282935619, 1.0]",2.236844495188252
1,71,83.42158508300781,2.4391679763793945,-0.0026654247770059314,21.9502413364928,"[-0.0008694780990481377, 1.0]",2.2691023189243738
1,72,85.62276458740234,2.4348928928375244,-0.002164883650126015,22.258524907300465,"[0.009239797480404377, 1.0]",2.301342866477383
1,73,87.84650421142578,2.4359891414642334,0.0010949586821862312,22.222176926670944,"[0.002562795765697956, 1.0]",2.3237394201934567
1,74,90.0762710571289,2.4412872791290283,0.0031822111865356106,22.53085342521576,"[0.003179130144417286, 1.0]",2.331155686116596
1,75,92.32721710205078,2.45233416557312,0.0055637429913391045,22.494329048008623,"[0.006134365685284138, 1.0]",2.3521705256379137
1,76,94.57586669921875,2.4665884971618652,0.006771752861799207,22.457539932734118,"[-0.00806810986250639, 1.0]",2.3497085268652724
1,77,96.82086944580078,2.4756977558135986,0.003741075541288552,22.42108564773123,"[-0.006102661602199078, 1.0]",2.345897631996822
1,78,99.0622329711914,2.478823184967041,0.00041052628203530617,22.38467077186731,"[-0.004575925879180431, 1.0]",2.342094543864028
1,79,101.29995727539062,2.4739227294921875,-0.0032627718095099567,22.34788337980301,"[-0.009736473672091961, 1.0]",2.338289779408332
1,80,103.53385925292969,2.4678103923797607,-0.003089799496709844,22.307369059430112,"[0.026460248976945877, 1.0]",2.334285138306498
1,81,105.76378631591797,2.4823451042175293,0.008389756382076285,22.26927670468132,"[0.02362913265824318, 1.0]",2.3301388081593473
1,82,107.98970794677734,2.518419027328491,0.01956038557441353,22.232851317776266,"[0.00761472899466753, 1.0]",2.3259694617893683
1,83,110.21175384521484,2.5631940364837646,0.02206442278936116,22.194815040890457,"[-0.01702335849404335, 1.0]",2.3219225661215073
1,84,112.43842315673828,2.593360424041748,0.012169181443062449,22.49814285142068,"[-0.03561282530426979, 1.0]",2.3279109543548304
1,85,114.68609619140625,2.5918779373168945,-0.004923119591120795,22.459926603524902,"[-0.02522675320506096, 1.0]",2.348742704383831
1,86,116.93119812011719,2.5638771057128906,-0.016637965752215322,22.423408147794422,"[0.0010797129943966866, 1.0]",2.3460072653760125
1,87,119.1725082397461,2.530315637588501,-0.016432902348279654,22.385435424430728,"[0.018279824405908585, 1.0]",2.3420445790388444
1,88,121.41019439697266,2.508044958114624,-0.008362858455067013,22.348245755331643,"[0.016037199646234512, 1.0]",2.338253263125555
1,89,123.64427185058594,2.502103567123413,-4.8735847948400135e-05,22.311630296268866,"[0.009416078217327595, 1.0]",2.3344797899464913
1,90,125.87469482421875,2.5076427459716797,0.004337490467412053,22.275154440255097,"[-0.0033042384311556816, 1.0]",2.33066116861396
1,91,128.10145568847656,2.5122969150543213,0.002286723269996571,22.237880889477168,"[-0.014145116321742535, 1.0]",2.3268313282604596
1,92,130.32449340820312,2.5051839351654053,-0.00475294359746492,22.200720700959803,"[-0.015059742145240307, 1.0]",2.3229409628808817
1,93,132.55203247070312,2.4840633869171143,-0.011562779662851241,22.509451049245676,"[-0.003596383146941662, 1.0]",2.3288315922216056
1,94,134.8007049560547,2.4570438861846924,-0.01313644155097915,22.472729667767087,"[0.007910770364105701, 1.0]",2.3497997688565144
1,95,137.047119140625,2.4346630573272705,-0.00951600720707102,22.43595304079587,"[0.010588464327156544, 1.0]",2.347375973253894
1,96,139.28994750976562,2.4223053455352783,-0.0040378848447781834,22.399324991843788,"[0.008958701975643635, 1.0]",2.343625331603922
1,97,141.52879333496094,2.431580066680908,0.006739528612609291,22.352878185168397,"[0.04607430472970009, 1.0]",2.3394337770285705
1,98,143.76271057128906,2.4835684299468994,0.02801285940016207,22.31367720948856,"[0.03237319365143776, 1.0]",2.3343287837708235
1,99,145.99176025390625,2.567903518676758,0.04297742788142678,22.277091210158712,"[-0.000876191072165966, 1.0]",2.3292965930629017
1,100,148.216796875,2.654865026473999,0.040603885559892916,22.23331864963969,"[-0.03882228955626488, 1.0]",2.3250865550171285
1,101,150.4384307861328,2.707409143447876,0.01976984319414843,22.183871700544294,"[-0.05894700810313225, 1.0]",2.321461333785262
1,102,152.66436767578125,2.7058842182159424,-0.007906658960336266,22.489935329400904,"[-0.03334266319870949, 1.0]",2.3271415986307415
1,103,154.91087341308594,2.665365219116211,-0.024248348041280288,22.45304266312161,"[0.0040550800040364265, 1.0]",2.347544429288735
1,104,157.15484619140625,2.617274045944214,-0.023288145310252695,22.413866173158105,"[0.02461940422654152, 1.0]",2.344835176099524
1,105,159.39523315429688,2.5850095748901367,-0.012068114479694358,22.37576778936473,"[0.022724483162164688, 1.0]",2.341077917942766
1,106,161.6320343017578,2.5772042274475098,0.0003375556681675107,22.338302572522284,"[0.01786254718899727, 1.0]",2.337323509037288
1,107,163.8651123046875,2.590941905975342,0.009289505356360195,22.30192705806425,"[0.0034463973715901375, 1.0]",2.3334366746909767
1,108,166.09445190429688,2.611565113067627,0.01059591902909851,22.264683118848218,"[-0.012790213339030743, 1.0]",2.329530673644192
1,109,168.32009887695312,2.621938943862915,0.0034920699793659082,22.22600670645954,"[-0.023615796118974686, 1.0]",10.0
2,0,5.007270336151123,0.0003888556966558099,0.00024168186892481458,0.3032733618079239,"[0.16539497673511505, 1.0]",0.008635066279258705
2,1,5.043606758117676,0.002393567468971014,0.0015849803227609982,0.606468031037865,"[0.1593470424413681, 1.0]",0.03906552810622313
2,2,5.110180377960205,0.006612120661884546,0.004130163376549589,0.9094539006496234,"[0.1620301902294159, 1.0]",0.0706661623954526
2,3,5.206943511962891,0.013416553847491741,0.0080885528627892,1.2123218521420471,"[0.16342903673648834, 1.0]",0.10221858233732475
2,4,5.333874225616455,0.022982753813266754,0.013524197805694804,1.515273115149304,"[0.16310322284698486, 1.0]",0.13374944267173633
2,5,5.490959644317627,0.03557214140892029,0.020330039129446753,1.8183370991746788,"[0.16071493923664093, 1.0]",0.16526793564745793
2,6,5.678176403045654,0.051579490303993225,0.028369589828177944,2.1215357090151827,"[0.15610815584659576, 1.0]",0.19676366941859566
2,7,5.8954949378967285,0.07144615799188614,0.03748039707539341,2.424908498164521,"[0.14934709668159485, 1.0]",0.22823062309281456
2,8,6.142884731292725,0.0956173837184906,0.04744914166777825,2.7284849817059835,"[0.1405683010816574, 1.0]",0.259667975813673
2,9,6.420316696166992,0.1244983822107315,0.05801763013764827,3.032278376849467,"[0.12997496128082275, 1.0]",0.2910772175700902
2,10,6.727765083312988,0.1584315299987793,0.06889065107816972,3.336275392562564,"[0.11785496026277542, 1.0]",0.3224616264125276
2,11,7.065208911895752,0.1976844221353531,0.07974782621020449,3.6404381076547554,"[0.10455764085054398, 1.0]",0.3538258000672101
2,12,7.432631015777588,0.2424374669790268,0.09026837778045405,3.944716976572124,"[0.09046223759651184, 1.0]",0.3851733302764105
2,13,7.830022811889648,0.2927670180797577,0.10014138173164966,4.249054606627006,"[0.07594329863786697, 1.0]",0.4165125418418821
2,14,8.2573881149292,0.34861817955970764,0.10908028193050079,4.553401679269851,"[0.061341363936662674, 1.0]",0.4478556105962651
2,15,8.714746475219727,0.4097946882247925,0.1168299475445771,4.857709133348465,"[0.04695622995495796, 1.0]",0.4792180513905954
2,16,9.202136039733887,0.47594839334487915,0.12317333094503713,5.161937361683355,"[0.03304855152964592, 1.0]",0.5106182826417353
2,17,9.719615936279297,0.5465750694274902,0.12793626139658887,5.466060627165284,"[0.019850734621286392, 1.0]",0.5420771693676539
2,18,10.267265319824219,0.6210166215896606,0.1309938366441088,5.770058942225925,"[0.007577409036457539, 1.0]",0.5736146487849385
2,19,10.845147132873535,0.698733389377594,0.13241995940784612,6.073991899545822,"[0.00013041961938142776, 1.0]",0.6052147765972726
2,20,11.453324317932129,0.7791606783866882,0.13238121041398543,6.377786276901125,"[-0.010194073431193829, 1.0]",0.6368772233046488
2,21,12.091943740844727,0.8610404133796692,0.13063018199725818,6.681444339155032,"[-0.019365619868040085, 1.0]",0.6686859224387953
2,22,12.761124610900879,0.9432389736175537,0.127176461537589,6.985028169340378,"[-0.026426222175359726, 1.0]",0.7006134968181841
2,23,13.460963249206543,1.0247570276260376,0.12221352768817262,7.28858144885062,"[-0.03157423064112663, 1.0]",0.7326372548254918
2,24,14.1915283203125,1.1047030687332153,0.1160014381294534,7.592143632733757,"[-0.034824784845113754, 1.0]",0.7647297174532589
2,25,14.95286750793457,1.1823086738586426,0.10884392638375662,7.895745741380807,"[-0.03630873188376427, 1.0]",0.7968700434582839
2,26,15.745006561279297,1.2569301128387451,0.10106443336547155,8.19940758887124,"[-0.03627045080065727, 1.0]",0.8290363874946471
2,27,16.56795310974121,1.3280694484710693,0.09297627997684632,8.503130617034284,"[-0.03503010794520378, 1.0]",0.8612106362385683
2,28,17.42169189453125,1.3953901529312134,0.08485736707763092,8.806908435284042,"[-0.03293220326304436, 1.0]",0.8933698727488173
2,29,18.306194305419922,1.4587032794952393,0.07693406336048181,9.110725113208982,"[-0.030302774161100388, 1.0]",0.9255006738981123
2,30,19.22142791748047,1.5179280042648315,0.06937787639959936,9.414581231819728,"[-0.02741832658648491, 1.0]",0.9575992276037356
2,31,20.167356491088867,1.5730817317962646,0.06230145790909525,9.718456386420982,"[-0.024495046585798264, 1.0]",0.9896616273472929
2,32,21.143939971923828,1.6242547035217285,0.05576646006820507,10.022348128883193,"[-0.02167939767241478, 1.0]",1.0216840474149353
2,33,22.151142120361328,1.671586036682129,0.04979591922035631,10.326248592215912,"[-0.01905832812190056, 1.0]",1.0536702671024716
2,34,23.188928604125977,1.7152490615844727,0.044385707465860236,10.63015229224344,"[-0.016674678772687912, 1.0]",1.0856221690797438
2,35,24.257265090942383,1.7554389238357544,0.0395123889871245,10.934064344201214,"[-0.01454054843634367, 1.0]",1.1175397763653117
2,36,25.35616111755371,1.7896450757980347,0.03361801454645175,11.236420720904343,"[-0.033064451068639755, 1.0]",1.1494599198553976
2,37,26.485618591308594,1.8135733604431152,0.024816400301794772,11.539932545299761,"[-0.029501106590032578, 1.0]",1.1813871702087317
2,38,27.64558982849121,1.8293997049331665,0.016379639126477663,11.844002890594856,"[-0.019192930310964584, 1.0]",1.213269250190294
2,39,28.836023330688477,1.840207815170288,0.010379270874420143,12.148072145569063,"[-0.008839483372867107, 1.0]",1.2450998268523263
2,40,30.056880950927734,1.8487788438796997,0.007227419724311623,12.452037390368396,"[-0.001705448143184185, 1.0]",1.2768917884959157
2,41,31.308135986328125,1.8570314645767212,0.006276005424880715,12.755963257222295,"[0.0016926424577832222, 1.0]",1.3086568700578909
2,42,32.58978271484375,1.865906000137329,0.006535796789218118,13.059895847481812,"[0.002324839122593403, 1.0]",1.3404162598292932
2,43,33.901817321777344,1.8756142854690552,0.007176420189436428,13.363839860292222,"[0.0017042653635144234, 1.0]",1.3721718863049088
2,44,35.244239807128906,1.8860641717910767,0.007725830322319993,13.667785601200647,"[0.0007818536832928658, 1.0]",1.4039275205569655
2,45,36.6170539855957,1.8969697952270508,0.007981227470858165,13.971730319864625,"[-0.000340769998729229, 1.0]",1.4356869649061876
2,46,38.020263671875,1.907882809638977,0.007862051012077487,14.27567007482503,"[-0.001261870376765728, 1.0]",1.4674502016160096
2,47,39.45387268066406,1.9183933734893799,0.0074258252255221535,14.579609707602575,"[-0.0016603870317339897, 1.0]",1.499217252473274
2,48,40.91788101196289,1.9283157587051392,0.006845389265939694,14.883553478534827,"[-0.0014182282611727715, 1.0]",1.5309843219522348
2,49,42.41228485107422,1.9377243518829346,0.006313689154305635,15.187492542526467,"[-0.0009612245485186577, 1.0]",1.5627475555526973
2,50,43.93708419799805,1.9467754364013672,0.005920739735463698,15.491435026361012,"[-0.0005800230428576469, 1.0]",1.5945108045424528
2,51,45.49228286743164,1.955608606338501,0.00565948363252744,15.795374291799597,"[-0.0003893328830599785, 1.0]",1.626277853746692
2,52,47.07787322998047,1.9643073081970215,0.005471464459567699,16.099318863585534,"[-0.0003674132749438286, 1.0]",1.658037297434963
2,53,48.69386291503906,1.9728825092315674,0.005298225830657977,16.403269395139713,"[-0.00042803119868040085, 1.0]",1.6898043973367225
2,54,50.340248107910156,1.9812966585159302,0.005105279809681562,16.707229623924853,"[-0.0004914579913020134, 1.0]",1.7215677261787556
2,55,52.01474380493164,2.0000267028808594,0.010682604922580552,16.939773991582616,"[0.08413157612085342, 1.0]",1.7507246799836063
2,56,53.71305465698242,2.0640223026275635,0.03666174135630307,17.222035203109623,"[0.08387544006109238, 1.0]",1.7758100104647745
2,57,55.43757629394531,2.1787211894989014,0.06838172099385531,17.524924872639087,"[0.04928067699074745, 1.0]",1.8033837988897665
2,58,57.189910888671875,2.3248813152313232,0.08691013164586359,17.825546129098985,"[-0.010906788520514965, 1.0]",1.832549552307508
2,59,58.971466064453125,2.467745304107666,0.08262643703247186,18.093711574001603,"[-0.06601939350366592, 1.0]",1.8629768778642573
2,60,60.78274917602539,2.57135272026062,0.05663518321578831,18.354981323468163,"[-0.08732383698225021, 1.0]",1.8938805275278723
2,61,62.62373733520508,2.6219797134399414,0.023690149476800038,18.65706078521739,"[-0.048578839749097824, 1.0]",1.9249449327131658
2,62,64.4954605102539,2.6375038623809814,0.0033567813959907156,18.96069148572056,"[0.0015102745965123177, 1.0]",1.9570462867345706
2,63,66.39747619628906,2.647080183029175,0.0023309317440922683,19.261231393194894,"[0.028247687965631485, 1.0]",1.9886912273045332
2,64,68.32951354980469,2.6702463626861572,0.01257065297739235,19.56398158870407,"[0.023471374064683914, 1.0]",2.0200752706647935
2,65,70.29158782958984,2.7106125354766846,0.022605443964810235,19.86793916552048,"[0.009264056570827961, 1.0]",2.0514800060299985
2,66,72.28382873535156,2.7595956325531006,0.026264227828415976,20.17125965932939,"[-0.009827080182731152, 1.0]",2.083011574228701
2,67,74.30651092529297,2.8036410808563232,0.021826069871798914,20.473825332588035,"[-0.019505631178617477, 1.0]",2.1148144039380523
2,68,76.35971069335938,2.836852550506592,0.014797854597025761,20.777804573382905,"[-0.0038060052320361137, 1.0]",2.1466998886466295
2,69,78.44332885742188,2.867345094680786,0.013491840398450528,21.081104775392433,"[0.010994714684784412, 1.0]",2.1784831355517658
2,70,80.55723571777344,2.9026594161987305,0.016935574004032006,21.385033898264254,"[0.0044513242319226265, 1.0]",2.2101395128937518
2,71,82.70143127441406,2.9431378841400146,0.01978861847983371,21.688903815105217,"[0.004596983082592487, 1.0]",2.2417956238085983
2,72,84.87555694580078,2.997558832168579,0.02638540165801473,21.988135120852085,"[0.03125060722231865, 1.0]",2.2730722794305533
2,73,87.07917022705078,3.071723222732544,0.0357301676069941,22.290920772582567,"[-0.009483936242759228, 1.0]",2.3039224247266215
2,74,89.30496215820312,3.1449198722839355,0.0337285357316901,22.25415673999235,"[-0.010699267499148846, 1.0]",2.3259356364823094
2,75,91.52870178222656,3.207638740539551,0.02675651315591665,22.215882843700694,"[-0.02122453972697258, 1.0]",2.3237110968200905
2,76,93.7568130493164,3.262159585952759,0.022988672845673186,22.5134246918459,"[0.028844717890024185, 1.0]",2.3294216782031505
2,77,96.00509643554688,3.32497239112854,0.028069851047489713,22.47426695059935,"[-0.01815081760287285, 1.0]",2.349417587508166
2,78,98.25113677978516,3.365468978881836,0.01713264792469804,22.428278269789633,"[-0.0477089025080204, 1.0]",2.3469675964523344
2,79,100.49324798583984,3.373986005783081,-0.0002347576500909554,22.391787281240457,"[-0.0019540591165423393, 1.0]",2.3428742488202694
2,80,102.7316665649414,3.3739912509918213,-0.003012967299261149,22.354266168778878,"[0.015063446946442127, 1.0]",2.3390127768610673
2,81,104.96598052978516,3.3653008937835693,-0.004641090831681183,22.303587331082763,"[-0.06347784399986267, 1.0]",2.3346801078336226
2,82,107.19512939453125,3.3168840408325195,-0.024375913457495457,22.266086215087523,"[-0.027492623776197433, 1.0]",2.3293462527139877
2,83,109.41963195800781,3.2389512062072754,-0.04009415652725146,22.229107502210265,"[-0.015154759399592876, 1.0]",2.3245335472365087
2,84,111.63960266113281,3.1400177478790283,-0.04795620753932983,22.192547427063843,"[0.003492509014904499, 1.0]",2.319837166546787
2,85,113.86158752441406,3.046356678009033,-0.04196289666416053,22.39133509322364,"[0.08938943594694138, 1.0]",2.3227458712007563
2,86,116.09806823730469,3.002074956893921,-0.01441502519032678,22.336164264587495,"[0.10317697376012802, 1.0]",2.2917668466623295
2,87,118.32511901855469,3.028397560119629,0.02155868849835496,22.05972243695665,"[0.74885493516922, 0.9020410180091858]",2.2635003383009384
2,88,120.52554321289062,3.129542350769043,0.059549214080552915,21.884512244658154,"[0.7925019264221191, 0.8766287565231323]",2.2049843533542255
2,89,122.70298767089844,3.307589530944824,0.09745638272063228,21.70771384285975,"[0.8283940553665161, 0.8560801148414612]",2.1401433467683346
2,90,124.8551025390625,3.5607287883758545,0.13257056116749055,21.525558794812135,"[0.8608120679855347, 0.8377203345298767]",2.352974055952422
2,91,126.97911071777344,3.885810613632202,0.1650660533144741,21.343013316811415,"[0.8774096965789795, 0.8269028067588806]",2.2595202216047285
2,92,129.07298278808594,4.279400825500488,0.19627084443914988,21.162232517225586,"[0.8931107521057129, 0.8193629384040833]",2.1611662519748975
2,93,131.1350555419922,4.738361835479736,0.2273360859227065,20.98412215385321,"[0.9029069542884827, 0.8144190907478333]",2.0608936129510314
2,94,133.16375732421875,5.260350227355957,0.2589721759859209,20.80798476018517,"[0.9082525372505188, 0.8117908835411072]",1.9613352439918637
2,95,135.15736389160156,5.843648910522461,0.2913933659384913,20.63189303846905,"[0.9112949371337891, 0.8100971579551697]",1.4135208755306
2,96,137.11386108398438,6.486969947814941,0.32450018671370273,20.45422287527443,"[0.9124429821968079, 0.8088213801383972]",1.344187870458173
2,97,139.03103637695312,7.189233303070068,0.3581423028680195,20.274806184582957,"[0.9130964279174805, 0.8087496161460876]",1.2786497249406832
2,98,140.9066619873047,7.949294090270996,0.3921917495110643,20.093815759050173,"[0.9136353731155396, 0.808293879032135]",1.2173175859345409
2,99,142.73855590820312,8.765867233276367,0.4265595770624273,19.911934789920924,"[0.9138166308403015, 0.8078656196594238]",1.1603505764055446
2,100,144.52467346191406,9.63751220703125,0.4611905249294912,19.7297659585752,"[0.9144784808158875, 0.8074936866760254]",1.1077454342689526
2,101,146.2631072998047,10.562627792358398,0.4960584275545443,19.5482865852997,"[0.9139448404312134, 0.8074238300323486]",1.0593593660815517
2,102,147.95205688476562,11.539509773254395,0.5311732052126477,19.36749861999417,"[0.9136329889297485, 0.8072319626808167]",1.0149772627472458
2,103,149.5897979736328,12.566360473632812,0.5665661500466097,19.187306798199817,"[0.9134829640388489, 0.8067576289176941]",0.9743321159900652
2,104,151.1746826171875,13.641311645507812,0.6022678884089672,19.00768449442072,"[0.9134703278541565, 0.8067741990089417]",0.9371473190247228
2,105,152.70504760742188,14.762428283691406,0.6383021224334202,18.828537723366246,"[0.9134668707847595, 0.806789219379425]",0.9031272158423711
2,106,154.17930603027344,15.927702903747559,0.6746836326640206,18.649790160247434,"[0.9134724736213684, 0.8068023324012756]",0.8720016421040427
2,107,155.59588623046875,17.13506507873535,0.7114194764776549,18.471395236232805,"[0.9134899377822876, 0.8068122863769531]",-5.0
3,0,5.0073323249816895,3.4994263648986816,-0.00035686358607023294,0.3062217061625123,"[-0.24135750532150269, 1.0]",0.008710322659420759
3,1,5.043665409088135,3.4954781532287598,-0.0029178924483446167,0.6057609382606385,"[-0.40550997853279114, 1.0]",0.03905900832861819
3,2,5.109473705291748,3.4853429794311523,-0.00913371043259037,0.9062127617147926,"[-0.41070884466171265, 1.0]",0.06988625363132984
3,3,5.204635143280029,3.468423366546631,-0.01894173325318871,1.2075118017149302,"[-0.3973860740661621, 1.0]",0.10059524109599843
3,4,5.329354286193848,3.445364475250244,-0.03195913150344154,1.5107180729695129,"[-0.373263418674469, 1.0]",0.13151737424218116
3,5,5.483901500701904,3.416594982147217,-0.04736711630620416,1.815904835494886,"[-0.34023937582969666, 1.0]",0.16271878626778363
3,6,5.668485164642334,3.382192850112915,-0.06428138502151537,2.1228008062493937,"[-0.301098108291626, 1.0]",0.19413626756855196
3,7,5.883255958557129,3.3421103954315186,-0.08182668975712026,2.4309803247212844,"[-0.2590279281139374, 1.0]",0.2257102053760407
3,8,6.128332614898682,3.2963600158691406,-0.09917998057813193,2.7399282287139766,"[-0.21688422560691833, 1.0]",0.2574063333707656
3,9,6.403781890869141,3.2449421882629395,-0.11563006031544187,3.0491825972480706,"[-0.17683379352092743, 1.0]",0.2891705976580753
3,10,6.709610939025879,3.1877763271331787,-0.1306216598817702,3.3584026906536506,"[-0.1401837319135666, 1.0]",0.3209418602646797
3,11,7.045802116394043,3.1248061656951904,-0.1437618298582759,3.6673937223941637,"[-0.10745493322610855, 1.0]",0.3526944491189378
3,12,7.412342071533203,3.056098222732544,-0.1547999667863813,3.9760730200479744,"[-0.07863485813140869, 1.0]",0.38443228372937605
3,13,7.80924129486084,2.9818673133850098,-0.1635921268091689,4.284429750109296,"[-0.053433556109666824, 1.0]",0.41617915720312854
3,14,8.23653793334961,2.902491569519043,-0.17006707036747937,4.592484166195488,"[-0.03146861121058464, 1.0]",0.4479628172366492
3,15,8.694303512573242,2.8185203075408936,-0.17420082901150025,4.9002657148058475,"[-0.01237852405756712, 1.0]",0.47981677494025915
3,16,9.182639122009277,2.7306785583496094,-0.17600818328528245,5.207809602333944,"[0.004124750383198261, 1.0]",0.5117707526465379
3,17,9.701676368713379,2.6398701667785645,-0.17552948007934077,5.515139007263592,"[0.01853804662823677, 1.0]",0.5438553722367877
3,18,10.251570701599121,2.54720139503479,-0.17280213680699053,5.8222578463205314,"[0.03128817304968834, 1.0]",0.5760944931941846
3,19,10.832845687866211,2.4581639766693115,-0.16547578064818236,6.121182491170162,"[0.10159764438867569, 1.0]",0.6088203074773556
3,20,11.446094512939453,2.3805418014526367,-0.15028297926149836,6.424471204200829,"[0.11302001029253006, 1.0]",0.6421589454921459
3,21,12.091126441955566,2.3131887912750244,-0.13120063110275382,6.7298082130163355,"[0.11411673575639725, 1.0]",0.6753160659746867
3,22,12.76779842376709,2.255389451980591,-0.11081666296123238,7.03706910945352,"[0.10274332761764526, 1.0]",0.7083387928040643
3,23,13.475968360900879,2.206145763397217,-0.09117411886718951,7.3450094442137,"[0.08879660815000534, 1.0]",0.7412224796327507
3,24,14.215494155883789,2.1647496223449707,-0.07339938280367342,7.653357881999626,"[0.0718066617846489, 1.0]",0.7739659054519085
3,25,14.986228942871094,2.130042791366577,-0.058245596726959725,7.961696409524174,"[0.055572982877492905, 1.0]",0.8065624208301635
3,26,15.788040161132812,2.1009066104888916,-0.045914894563783726,8.269867866093026,"[0.04162052646279335, 1.0]",0.8390256236591374
3,27,16.620820999145508,2.075913429260254,-0.03646493375174664,8.577951237179828,"[0.026380855590105057, 1.0]",0.8713816185800045
3,28,17.484487533569336,2.053638458251953,-0.02976189044607125,8.885790661728368,"[0.019094150513410568, 1.0]",0.9036525924016058
3,29,18.379013061523438,2.034574031829834,-0.024400947171741905,9.193329063191605,"[0.021253440529108047, 1.0]",0.9358955087384638
3,30,19.304378509521484,2.020932197570801,-0.018486199548730653,9.500365192536403,"[0.029572483152151108, 1.0]",0.9681170913644607
3,31,20.260541915893555,2.0141239166259766,-0.011447198471541853,9.80790055229278,"[0.025830108672380447, 1.0]",1.0002989588573878
3,32,21.247417449951172,2.0156965255737305,-0.003225088080085925,10.113706764643153,"[0.04351063445210457, 1.0]",1.0323872144985113
3,33,22.26481056213379,2.0301482677459717,0.007983890631948043,10.420284557943605,"[0.04489496722817421, 1.0]",1.0642843926933634
3,34,23.312685012817383,2.0560755729675293,0.019405123282862036,10.728231688621293,"[0.02981758490204811, 1.0]",1.0961514932823895
3,35,24.391197204589844,2.085465908050537,0.02571135558611548,11.034359406391985,"[-0.014264578931033611, 1.0]",1.128166809101225
3,36,25.50050163269043,2.107499837875366,0.022886673775922795,11.340142929718727,"[-0.031624745577573776, 1.0]",1.1603350712843201
3,37,26.640522003173828,2.124500036239624,0.017595771638262647,11.647312660432384,"[0.00431427825242281, 1.0]",1.192433277455344
3,38,27.811214447021484,2.1453745365142822,0.017291771799829547,11.954882887311904,"[0.0061220573261380196, 1.0]",1.2244894168405598
3,39,29.012619018554688,2.1637182235717773,0.01581265213039984,12.25994763661533,"[-0.029683340340852737, 1.0]",1.2565743358979722
3,40,30.24471092224121,2.174758195877075,0.010739463411853833,12.567363887743548,"[0.001975064165890217, 1.0]",1.2886450411813695
3,41,31.50754165649414,2.1864657402038574,0.009164869417343624,12.874966410859622,"[-0.005893017165362835, 1.0]",1.320768083101798
3,42,32.80111312866211,2.1918535232543945,0.005307680052528241,13.1807642488731,"[-0.0281674824655056, 1.0]",1.3528849112878978
3,43,34.124794006347656,2.195899724960327,0.0030264162627666735,13.476150650347094,"[0.04523210600018501, 1.0]",1.3843235556121087
3,44,35.47823715209961,2.2213313579559326,0.014791729326518066,13.780641085534944,"[0.04772869125008583, 1.0]",1.4154560306368604
3,45,36.861839294433594,2.2634127140045166,0.028201144889230534,14.088867966378915,"[0.014956464059650898, 1.0]",1.4470020481826895
3,46,38.2760009765625,2.3133721351623535,0.03546851202989387,14.396647382105556,"[0.009401087649166584, 1.0]",1.4789465953483814
3,47,39.71767807006836,2.359703779220581,0.03391628858854112,14.573627336183991,"[-0.1415957361459732, 1.0]",1.5072584165186873
3,48,41.177738189697266,2.364241600036621,0.008877248019615536,14.725426074111073,"[-0.20635844767093658, 1.0]",1.526324536962406
3,49,42.655616760253906,2.310574531555176,-0.031290145437613326,15.018845782610116,"[-0.11091648042201996, 1.0]",1.545463376578386
3,50,44.16015625,2.2086856365203857,-0.06676811168937657,15.326060316722586,"[-0.022548940032720566, 1.0]",1.5735067611713454
3,51,45.69271469116211,2.0970635414123535,-0.0765803955677189,15.570528408676477,"[0.07474883645772934, 1.0]",1.6026258190011535
3,52,47.252532958984375,2.015831232070923,-0.056929861990405506,15.83606526906676,"[0.0989663228392601, 1.0]",1.6310805615330661
3,53,48.840999603271484,1.9873381853103638,-0.02022005057642673,16.103707737049238,"[0.11125392466783524, 1.0]",1.6609333291038308
3,54,50.45709228515625,2.0219814777374268,0.021694909188112455,16.404329680170324,"[0.08578448742628098, 1.0]",1.689912165445532
3,55,52.101131439208984,2.1133060455322266,0.05808341021657348,16.70981732367607,"[0.060575369745492935, 1.0]",1.7192333320092767
3,56,53.77316665649414,2.242128610610962,0.08048632078048357,17.014598880225098,"[-0.005029032938182354, 1.0]",1.7486009122461692
3,57,55.47426986694336,2.371326208114624,0.07900813321743527,17.278699887787518,"[-0.07076478749513626, 1.0]",1.7788573599442625
3,58,57.20425033569336,2.4621498584747314,0.053564691636982076,17.527109656633463,"[-0.10067225247621536, 1.0]",1.8088524622048505
3,59,58.962860107421875,2.498636484146118,0.018621621290161094,17.831856292350455,"[-0.059477802366018295, 1.0]",1.8388531250440927
3,60,60.75225067138672,2.4953441619873047,-0.006188520583071622,18.14037077113447,"[-0.013333338312804699, 1.0]",1.8710222324349488
3,61,62.57227325439453,2.47761607170105,-0.013147227353393909,18.445722401179175,"[0.020295921713113785, 1.0]",1.9030283338131189
3,62,64.42288970947266,2.468290090560913,-0.0057469684743365335,18.750319258920957,"[0.03205917403101921, 1.0]",1.9349928917432693
3,63,66.30403137207031,2.4791674613952637,0.007143130675810738,19.05723980076087,"[0.022651586681604385, 1.0]",1.9668992417010802
3,64,68.21570587158203,2.507204532623291,0.01676087063652254,19.365005015356775,"[0.004257638938724995, 1.0]",1.9988170220808243
3,65,70.15804290771484,2.5394716262817383,0.01800576528808051,19.67122063325893,"[-0.017238784581422806, 1.0]",2.0308575289824775
3,66,72.13114929199219,2.5605411529541016,0.010248110190733684,19.976691432851933,"[-0.026182468980550766, 1.0]",2.0630014957251777
3,67,74.1349868774414,2.563551664352417,-0.00040413469541977776,20.284265256825236,"[-0.012297498993575573, 1.0]",2.0951167791049325
3,68,76.1695327758789,2.5564825534820557,-0.005330450079847893,20.591432903602183,"[0.008035247214138508, 1.0]",2.12720734650371
3,69,78.23479461669922,2.553126573562622,-0.0018680743466363836,20.89793524322301,"[0.01757802441716194, 1.0]",2.159302549414816
3,70,80.33070373535156,2.5629630088806152,0.006166150029915052,21.204935224057962,"[0.015585784800350666, 1.0]",2.1913313271606047
3,71,82.45721435546875,2.58730411529541,0.01338771079982859,21.512604720801463,"[0.005461615510284901, 1.0]",2.223317341360794
3,72,84.61439514160156,2.617919921875,0.015382285298243481,21.81976586332618,"[-0.009362253360450268, 1.0]",2.25536973251778
3,73,86.80235290527344,2.6415581703186035,0.010206431719674391,22.125831533128135,"[-0.019739288836717606, 1.0]",2.2875240055709516
3,74,89.02107238769531,2.648500442504883,0.0009398295486890973,22.432927025340025,"[-0.014180551283061504, 1.0]",2.319667654035905
3,75,91.26225280761719,2.640627384185791,-0.005757887434805653,22.396558118646176,"[-0.000883827917277813, 1.0]",2.3419649314557827
3,76,93.50113677978516,2.627934217453003,-0.006619686363555033,22.359948225693138,"[0.00700650829821825, 1.0]",2.339503739183588
3,77,95.73639678955078,2.6182894706726074,-0.0038919436170417043,22.323511940145252,"[0.005253319628536701, 1.0]",2.3357158134962788
3,78,97.96802520751953,2.613190174102783,-0.0014314490859170803,22.28715051682242,"[0.001119186170399189, 1.0]",2.331920595294451
3,79,100.19599914550781,2.6096630096435547,-0.0011514176972955426,22.250690067565728,"[-0.004434543661773205, 1.0]",2.328102043292327
3,80,102.42032623291016,2.60237979888916,-0.0036258938241431338,22.21407356940621,"[-0.008022944442927837, 1.0]",2.3242904184646718
3,81,104.64921569824219,2.5880544185638428,-0.007387742021934152,22.52167724550343,"[-0.004873487167060375, 1.0]",2.330237012936797
3,82,106.89920043945312,2.5684118270874023,-0.00961680785433039,22.48530056828303,"[0.0012258337810635567, 1.0]",2.351168593768211
3,83,109.14689636230469,2.548410654067993,-0.009098423548146606,22.44884896254552,"[0.004600663669407368, 1.0]",2.3487157431830172
3,84,111.39099884033203,2.5317304134368896,-0.0069750852110264105,22.412445340648485,"[0.0038976790383458138, 1.0]",2.344958482060262
3,85,113.63148498535156,2.5191171169281006,-0.004980377554557158,22.376081912492317,"[0.0018528299406170845, 1.0]",2.3411785136257466
3,86,115.86834716796875,2.5088798999786377,-0.004157727093831554,22.339710178203173,"[-0.0015123812481760979, 1.0]",2.337390878419102
3,87,118.1015625,2.4977128505706787,-0.005034306566630953,22.30327747134267,"[-0.004111225716769695, 1.0]",2.333580080652292
3,88,120.33111572265625,2.483254909515381,-0.0069271483114050625,22.26689487620629,"[-0.0028746379539370537, 1.0]",2.329754249599178
3,89,122.55701446533203,2.466263771057129,-0.008101069719911536,22.230523689158932,"[0.0011125998571515083, 1.0]",2.3259360992769964
3,90,124.77926635742188,2.4497604370117188,-0.007501725316590324,22.194109438224316,"[0.0037207426503300667, 1.0]",2.3221253845618532
3,91,127.00616455078125,2.4362244606018066,-0.005691974197826077,22.501735932753512,"[0.0035704122856259346, 1.0]",2.328156005056766
3,92,129.25421142578125,2.4264962673187256,-0.003759717668919471,22.465357683180603,"[0.0026314007118344307, 1.0]",2.3491409845743125
3,93,131.49978637695312,2.4299261569976807,0.002914962971146018,22.422399309185263,"[0.035859059542417526, 1.0]",2.3464757480632086
3,94,133.74099731445312,2.4655067920684814,0.019281286292173405,22.384103139498453,"[0.026422489434480667, 1.0]",2.341939401627743
3,95,135.9778594970703,2.5260987281799316,0.031176827933230733,22.347548560348248,"[-0.0013692108914256096, 1.0]",2.3374261511387546
3,96,138.2108612060547,2.587428092956543,0.028634840672749462,22.305608064341968,"[-0.033585842698812485, 1.0]",2.3333769452739137
3,97,140.44021606445312,2.6186227798461914,0.010602710089878009,22.26025770341758,"[-0.04805440083146095, 1.0]",2.3295260180638167
3,98,142.66549682617188,2.606227159500122,-0.01162642921290491,22.223031765533573,"[-0.02183891460299492, 1.0]",2.325284404663651
3,99,144.88671875,2.5680782794952393,-0.02185789464682486,22.18535083319405,"[0.01244280207902193, 1.0]",2.3210560025774982
3,100,147.11241149902344,2.5318379402160645,-0.01665580893151919,22.490231680139942,"[0.02604714408516884, 1.0]",2.326898791584067
3,101,149.35923767089844,2.5153119564056396,-0.004283295139228649,22.452543663546315,"[0.020372498780488968, 1.0]",2.3478626183609586
3,102,151.603759765625,2.5208566188812256,0.005875732313041837,22.416118709683793,"[0.006096814759075642, 1.0]",2.3453946289201397
3,103,153.8445587158203,2.5355160236358643,0.008229966716672088,22.378769143888032,"[-0.013095836155116558, 1.0]",2.3415034113428086
3,104,156.08163452148438,2.5402188301086426,0.0010940265758048184,22.3398563732008,"[-0.02471006289124489, 1.0]",2.337605159343466
3,105,158.31483459472656,2.5235097408294678,-0.010428273038478153,22.302916898808316,"[-0.015031556598842144, 1.0]",2.333563199286825
3,106,160.54415893554688,2.491168260574341,-0.01716607059637809,22.26630499255947,"[0.004458201117813587, 1.0]",2.32952271328683
3,107,162.76979064941406,2.4587295055389404,-0.015142733958191101,22.22887932613516,"[0.015580286271870136, 1.0]",2.325661670834796
3,108,164.99183654785156,2.4379591941833496,-0.007730757170336666,22.191819795373295,"[0.014563445933163166, 1.0]",2.32190908751668
3,109,167.21853637695312,2.432467460632324,-0.00017323862890972208,22.499269728096802,"[0.008859251625835896, 1.0]",2.327946542877998
3,110,169.46607971191406,2.4490931034088135,0.010126004254753518,22.455375284713714,"[0.04083878919482231, 1.0]",2.348592523742149
3,111,171.710205078125,2.503892183303833,0.02852578422611174,22.417508083276,"[0.02513894811272621, 1.0]",2.3450041525856795
3,112,173.94979858398438,2.5838208198547363,0.03982278041217313,22.380584439923304,"[-0.006029496900737286, 1.0]",2.34030613583903
3,113,176.18557739257812,2.660464286804199,0.034857982349992156,22.336890722625473,"[-0.039150338619947433, 1.0]",2.3362948168455646
3,114,178.4178924560547,2.7013254165649414,0.014112356932439063,22.29077225968552,"[-0.05068721994757652, 1.0]",2.3326235386451475
3,115,180.64625549316406,2.6940386295318604,-0.009953165100007766,22.253273507555953,"[-0.02408842369914055, 1.0]",2.3285027678933767
3,116,182.87051391601562,2.6567461490631104,-0.021973209522025527,22.216135930844423,"[0.008023452945053577, 1.0]",2.3242310345403623
3,117,185.09921264648438,2.616358995437622,-0.019052121280372702,22.52162736337836,"[0.022483456879854202, 1.0]",2.3300460536039527
3,118,187.34910583496094,2.5917601585388184,-0.008384696376005252,22.483914131886547,"[0.0198686383664608, 1.0]",2.351070802070052
3,119,189.59677124023438,2.5894081592559814,0.0022612900815861536,22.447024392527208,"[0.013048064894974232, 1.0]",2.3486770150398097
3,120,191.8406982421875,2.603405237197876,0.00866526039684512,22.410617223257976,"[-0.0009609488770365715, 1.0]",2.344774779457786
3,121,194.08094787597656,2.619370698928833,0.0076942718634027685,22.373183531800585,"[-0.014799985103309155, 1.0]",2.340928959682165
3,122,196.31748962402344,2.6223347187042236,-0.00023568975647236812,22.335064347937887,"[-0.021110016852617264, 1.0]",2.3370495376125957
3,123,198.5502166748047,2.6055290699005127,-0.010256499148168174,22.298427225030697,"[-0.011096077971160412, 1.0]",10.0
4,0,5.007070541381836,0.00037781771970912814,0.00023489080814531604,0.29492583684666157,"[0.16539497673511505, 1.0]",0.008397707647645915
4,1,5.042407512664795,0.002322916407138109,0.001539573426175167,0.5897773699112685,"[0.15925756096839905, 1.0]",0.03799096944755969
4,2,5.107149600982666,0.006412801332771778,0.004008856388896476,0.884422948035891,"[0.161859393119812, 1.0]",0.06872199158403261
4,3,5.201251029968262,0.013009428046643734,0.007853129422425553,1.1789533929010814,"[0.1632198840379715, 1.0]",0.09940671925365058
4,4,5.3246917724609375,0.0222745593637228,0.013135376286543377,1.473567131478627,"[0.16291125118732452, 1.0]",0.1300717945843296
4,5,5.47745943069458,0.03444792330265045,0.01974867106348288,1.7682888686024578,"[0.16060364246368408, 1.0]",0.16072495814235363
4,6,5.659532070159912,0.049901802092790604,0.027564116756483514,2.063136986458534,"[0.15614783763885498, 1.0]",0.19135675590439544
4,7,5.870883464813232,0.06905665993690491,0.03642964686730288,2.358148213575162,"[0.149610236287117, 1.0]",0.22196306161440854
4,8,6.111483573913574,0.09233809262514114,0.04614405957558532,2.653352506902473,"[0.14111828804016113, 1.0]",0.25254019538140293
4,9,6.38130521774292,0.12013593316078186,0.05646633880267782,2.9487634419002076,"[0.13086025416851044, 1.0]",0.2830910793178966
4,10,6.680324077606201,0.15278340876102448,0.06711605368579576,3.2443693512621175,"[0.11910528689622879, 1.0]",0.3136185219439608
4,11,7.008519172668457,0.19054538011550903,0.07779093544121451,3.540138119390279,"[0.10617975145578384, 1.0]",0.34412571659951213
4,12,7.36587381362915,0.23360785841941833,0.0881839215952489,3.836024492451002,"[0.0924440249800682, 1.0]",0.3746167511767229
4,13,7.752377510070801,0.28206226229667664,0.09799820284440841,4.131975867539269,"[0.07825429737567902, 1.0]",0.4050975878455771
4,14,8.168031692504883,0.33587998151779175,0.10695734306754456,4.427943561138805,"[0.06393839418888092, 1.0]",0.4355799284592067
4,15,8.6128511428833,0.3949013948440552,0.11481380144133269,4.723880883649384,"[0.04978445544838905, 1.0]",0.4660769143548402
4,16,9.086869239807129,0.4588259160518646,0.12135306033996773,5.0197518280115965,"[0.036044079810380936, 1.0]",0.4966069801498803
4,17,9.590137481689453,0.5272065997123718,0.12640068271204896,5.315528553040508,"[0.022940892726182938, 1.0]",0.5271881203710065
4,18,10.122726440429688,0.5994500517845154,0.12982683945443618,5.6111906417955195,"[0.010681097395718098, 1.0]",0.5578393166283142
4,19,10.684677124023438,0.6751817464828491,0.1317516391322915,5.906791890409145,"[0.004679967649281025, 1.0]",0.5885312471005911
4,20,11.276028633117676,0.7540431022644043,0.1324006514899434,6.202274157559719,"[-0.005895028822124004, 1.0]",0.619261742803257
4,21,11.896937370300293,0.8347260355949402,0.13139557449454742,6.4976116751628705,"[-0.015902426093816757, 1.0]",0.6501479897208501
4,22,12.5475435256958,0.915976345539093,0.1286039158818717,6.792809244875959,"[-0.024811621755361557, 1.0]",0.6811737969974496
4,23,13.227956771850586,0.9966432452201843,0.12409957837216634,7.087963692028592,"[-0.031118612736463547, 1.0]",0.7123090827689138
4,24,13.938252449035645,1.0758230686187744,0.11816592230541545,7.383124265839902,"[-0.03523513302206993, 1.0]",0.7435197363813382
4,25,14.678473472595215,1.1528195142745972,0.11118404603360865,7.67838064873197,"[-0.036415304988622665, 1.0]",0.7747737364788642
4,26,15.44865608215332,1.2268881797790527,0.1034467641186021,7.973523534784194,"[-0.03910404071211815, 1.0]",0.8060634654646344
4,27,16.248855590820312,1.296851634979248,0.09489801701944778,8.268622354625279,"[-0.04102938994765282, 1.0]",0.837408309262806
4,28,17.079069137573242,1.3620355129241943,0.0858250266597107,8.56395638083766,"[-0.03855880722403526, 1.0]",0.8687513504666992
4,29,17.939313888549805,1.4210373163223267,0.07603990702448726,8.858246547348124,"[-0.04911995306611061, 1.0]",0.9001068604396291
4,30,18.829633712768555,1.470456838607788,0.06417738858094779,9.152327141993467,"[-0.05557709559798241, 1.0]",0.9315052963577206
4,31,19.749942779541016,1.5097748041152954,0.05127663678644012,9.44781170587889,"[-0.04560123011469841, 1.0]",0.9628242194489159
4,32,20.70009422302246,1.5424070358276367,0.04038284318941621,9.743909990409627,"[-0.02506893500685692, 1.0]",0.9939990384382886
4,33,21.67986297607422,1.574162483215332,0.0344208244570563,10.039134794441559,"[0.003598247654736042, 1.0]",1.0249448596267448
4,34,22.689029693603516,1.6102339029312134,0.03425357794059902,10.334304290742391,"[0.013440524227917194, 1.0]",1.0556710868376376
4,35,23.727493286132812,1.652402639389038,0.037713689986884624,10.62925510284197,"[0.022576313465833664, 1.0]",1.0862952404920858
4,36,24.795215606689453,1.7013047933578491,0.04289913094537745,10.924887528675873,"[0.013931860215961933, 1.0]",1.1168843144356821
4,37,25.892309188842773,1.7548515796661377,0.04720200031861843,11.220473201449403,"[0.011388604529201984, 1.0]",1.1475857115598427
4,38,27.01890754699707,1.8083243370056152,0.047999217590934506,11.513659532516936,"[-0.026849012821912766, 1.0]",1.178409826050623
4,39,28.17530059814453,1.8531378507614136,0.04201948883732509,11.808600045371003,"[-0.026086267083883286, 1.0]",1.2095317513516304
4,40,29.361114501953125,1.8976185321807861,0.03833167651783764,12.100942113202468,"[0.02590736374258995, 1.0]",1.240268143318005
4,41,30.57600212097168,1.9492169618606567,0.04084463532243632,12.395893999765436,"[-0.008262733928859234, 1.0]",1.2706691420174991
4,42,31.820613861083984,1.9943432807922363,0.03775989583179751,12.689467222833612,"[-0.029179874807596207, 1.0]",1.301714342615056
4,43,33.09498977661133,2.026784658432007,0.028576517444877325,12.982924888413917,"[-0.03912150487303734, 1.0]",1.3327990775252063
4,44,34.39850997924805,2.054716110229492,0.022194118734447876,13.269666951778792,"[0.03510813042521477, 1.0]",1.3632337039197233
4,45,35.73040771484375,2.1017560958862305,0.031237414848029665,13.560462762880853,"[0.050947483628988266, 1.0]",1.392919818028667
4,46,37.09096908569336,2.161325216293335,0.041735729023177015,13.853638017249832,"[-0.013463477604091167, 1.0]",1.4229027419272335
4,47,38.481101989746094,2.2177534103393555,0.041963695612487584,14.149187377234025,"[-0.001046772114932537, 1.0]",1.4538042472502875
4,48,39.900421142578125,2.2812883853912354,0.044295559462961265,14.442426739660615,"[0.02686171606183052, 1.0]",1.4843100731605041
4,49,41.3464241027832,2.3470399379730225,0.0456090305125878,14.645279966121896,"[-0.10240646451711655, 1.0]",1.5119067200526266
4,50,42.813663482666016,2.3725037574768066,0.02278760418337189,14.81483401281429,"[-0.16976413130760193, 1.0]",1.5339061329404768
4,51,44.300018310546875,2.339139223098755,-0.017395635082342764,15.07134395514973,"[-0.12713956832885742, 1.0]",1.5541758756790331
4,52,45.81050109863281,2.254986047744751,-0.05472742776890982,15.362061956213404,"[-0.012166055850684643, 1.0]",1.5796120668888978
4,53,47.34928894042969,2.165022373199463,-0.06288828545529412,15.641531548359247,"[0.046850550919771194, 1.0]",1.6091747337644917
4,54,48.9173698425293,2.085660219192505,-0.05359691588617199,15.937243435768824,"[0.01448629517108202, 1.0]",1.639798497560569
4,55,50.51505661010742,2.019854784011841,-0.04159964149147388,16.218232339426816,"[0.06103366240859032, 1.0]",1.6706688131055456
4,56,52.138736724853516,1.9955400228500366,-0.016339691710125948,16.356808019422424,"[0.19708624482154846, 1.0]",1.6972857508334946
4,57,53.776763916015625,2.03212308883667,0.02176774664392589,16.50135357424804,"[0.19957439601421356, 1.0]",1.7122832822462255
4,58,55.42942428588867,2.1396689414978027,0.06639327176594811,16.77732815378666,"[0.09746512025594711, 1.0]",1.728158346565087
4,59,57.10493087768555,2.303394079208374,0.10175698840694647,17.069068735259993,"[0.012476344592869282, 1.0]",1.752317401105545
4,60,58.80796432495117,2.482600212097168,0.10966950632168082,17.355259066388182,"[-0.0374654121696949, 1.0]",1.7811321130643718
4,61,60.53955841064453,2.6439197063446045,0.09479548531747994,17.564238625367096,"[-0.10447321832180023, 1.0]",1.8106331595075114
4,62,62.296382904052734,2.7535006999969482,0.06162341709556163,17.76766312750983,"[-0.12355790287256241, 1.0]",1.8367789774819974
4,63,64.07868957519531,2.8012256622314453,0.023201992048988096,18.059601461794742,"[-0.06285864859819412, 1.0]",1.8635748777206544
4,64,65.89060974121094,2.8046700954437256,-0.0032923328976099953,18.356003676702343,"[-0.012048917822539806, 1.0]",1.8945221825607856
4,65,67.73199462890625,2.7926933765411377,-0.01015716323950766,18.648955118797243,"[0.02183729037642479, 1.0]",1.9253051857299002
4,66,69.60260772705078,2.792299270629883,-0.0007809719896654244,18.93832527889907,"[0.04353691264986992, 1.0]",1.955835561899577
4,67,71.50212860107422,2.820443630218506,0.016632106797817237,19.232499065970067,"[0.030559618026018143, 1.0]",1.9860671198203028
4,68,73.43060302734375,2.872502565383911,0.029895314816684504,19.528247291828716,"[0.007268537767231464, 1.0]",2.0163515390827604
4,69,75.38835906982422,2.9324209690093994,0.03256979434139673,19.82191465343282,"[-0.01916717365384102, 1.0]",2.0469546584209164
4,70,77.3757553100586,2.979062795639038,0.023010910240775395,20.112406807473672,"[-0.03787916526198387, 1.0]",2.0779020708680065
4,71,79.3927993774414,3.002108335494995,0.008935837563597282,20.408130941619184,"[-0.010544928722083569, 1.0]",2.108880656620099
4,72,81.43943786621094,3.0159449577331543,0.004435361637472823,20.702467264792308,"[0.0142019959166646, 1.0]",2.1397995914610966
4,73,83.515380859375,3.0389256477355957,0.011237874009861315,20.99512357604327,"[0.028035227209329605, 1.0]",2.170421049256257
4,74,85.62018585205078,3.0866591930389404,0.025345437252338954,21.287510184578704,"[0.03148633614182472, 1.0]",2.2005987885063854
4,75,87.75357055664062,3.1609508991241455,0.03823420482194084,21.58311755937835,"[0.0028036730363965034, 1.0]",2.230508733607046
4,76,89.91567993164062,3.2373557090759277,0.03671966511001301,21.860944760443886,"[-0.04334509000182152, 1.0]",2.2604836264219976
4,77,92.10469818115234,3.2784595489501953,0.015373630024700269,22.053054398781025,"[-0.09771544486284256, 1.0]",2.2882569943062334
4,78,94.3162841796875,3.267793655395508,-0.011696869823737188,22.348218612422112,"[-0.022326137870550156, 1.0]",2.312152982291056
4,79,96.54859161376953,3.222696304321289,-0.026039989664631058,22.311642452593073,"[-0.005870531313121319, 1.0]",2.3327098251187
4,80,98.77812957763672,3.1693942546844482,-0.02538072413678183,22.266751347802856,"[0.041557494550943375, 1.0]",2.3297383449323004
4,81,101.00387573242188,3.144744873046875,-0.007759386152055292,22.226852564032168,"[0.03399811312556267, 1.0]",2.292889758069665
4,82,103.2199478149414,3.1636838912963867,0.014452842077805172,21.953003437324444,"[0.7199578285217285, 0.9197391271591187]",2.265667711761823
4,83,105.41104888916016,3.248028039932251,0.0448360480061929,21.806972494628827,"[0.8078460693359375, 0.8710635304450989]",2.2067430578002742
4,84,107.58332061767578,3.401064157485962,0.07848562101156187,21.660150584614897,"[0.8266416788101196, 0.8592105507850647]",2.1418370401695412
4,85,109.73453521728516,3.623232841491699,0.11227807260941347,21.498095031771054,"[0.8555624485015869, 0.8402075171470642]",2.3535886359421596
4,86,111.86093139648438,3.9140002727508545,0.14555360463968103,21.322668101174983,"[0.8764464259147644, 0.8274236917495728]",2.2576104923104294
4,87,113.9590835571289,4.272130966186523,0.178577068472773,21.139683900497136,"[0.8916265964508057, 0.8202215433120728]",2.156148796985664
4,88,116.02613830566406,4.696292400360107,0.2115319559077946,20.952619879344862,"[0.9004271626472473, 0.8149599432945251]",2.0530671988283187
4,89,118.0595932006836,5.1850972175598145,0.24461174559794152,20.764352852831248,"[0.9069237112998962, 0.8114951252937317]",1.9512841569058434
4,90,120.0573501586914,5.736982822418213,0.27786051285925417,20.577215058542183,"[0.9105695486068726, 0.809786856174469]",1.4048415553463938
4,91,122.01752471923828,6.350377559661865,0.3112588166157737,20.391183690041387,"[0.9115735292434692, 0.8087552785873413]",1.3348930011245024
4,92,123.93818664550781,7.023805141448975,0.344861118511794,20.205743239123056,"[0.9128010272979736, 0.8081335425376892]",1.269111890265586
4,93,125.81745910644531,7.7557573318481445,0.3787401228450733,20.020751767916636,"[0.9134735465049744, 0.8077337145805359]",1.2077942393546044
4,94,127.65338897705078,8.544705390930176,0.4129508238921229,19.83598311484208,"[0.9139591455459595, 0.8072715401649475]",1.1509809227868684
4,95,129.44410705566406,9.389094352722168,0.44751612483831593,19.651333963887385,"[0.9144250750541687, 0.8072059750556946]",1.0986302467673617
4,96,131.1876678466797,10.287320137023926,0.48243888858182427,19.46692982505378,"[0.9141932725906372, 0.8069100975990295]",1.0505359615912846
4,97,132.88226318359375,11.237726211547852,0.5177121909038149,19.282861174312004,"[0.9137440919876099, 0.806857705116272]",1.0064976184612187
4,98,134.52603149414062,12.238580703735352,0.5533300396918346,19.099008316475334,"[0.9137110710144043, 0.806704580783844]",0.9662110933100981
4,99,136.11724853515625,13.288055419921875,0.5892871086237026,18.915410412892854,"[0.9137113094329834, 0.8067160248756409]",0.9293988302296825
4,100,137.65414428710938,14.384237289428711,0.6255829982252568,18.73213412024408,"[0.9137139320373535, 0.8067283034324646]",0.8957467866877189
4,101,139.13510131835938,15.525126457214355,0.6622211040268855,18.549229843224776,"[0.9137184023857117, 0.8067413568496704]",0.8649898156131653
4,102,140.5585174560547,16.708642959594727,0.6992069520878514,18.366720663844358,"[0.9137301445007324, 0.8067565560340881]",0.8368524285151765
4,103,141.92288208007812,17.932632446289062,0.7365473334689341,18.1476829826118,"[0.913743257522583, 0.8067724108695984]",-5.0
5,0,5.006693363189697,0.0003570167755242437,0.0002215750026941521,0.27919232272862377,"[0.16539497673511505, 1.0]",0.007949728641976073
5,1,5.040146350860596,0.0021898760460317135,0.0014516891102021034,0.5583181644306388,"[0.15908905863761902, 1.0]",0.035965419410836315
5,2,5.101436614990234,0.006038476713001728,0.0037780934804407806,0.8372429397192033,"[0.16153885424137115, 1.0]",0.06505785735837509
5,3,5.190521240234375,0.012246910482645035,0.007408115204273535,1.1160583958044117,"[0.16282914578914642, 1.0]",0.09410688802526047
5,4,5.307381629943848,0.02095026895403862,0.012400476983735587,1.3949556778643104,"[0.16255250573158264, 1.0]",0.12313769025986206
5,5,5.452009677886963,0.03235014155507088,0.018652513958805628,1.6739527704650266,"[0.16039444506168365, 1.0]",0.15216083541020786
5,6,5.624385833740234,0.04677801951766014,0.026046514409301835,1.953061905982603,"[0.15622033178806305, 1.0]",0.1811649344301932
5,7,5.824487209320068,0.06461596488952637,0.03444798870017518,2.2323152634236147,"[0.1500968486070633, 1.0]",0.21014679426524024
5,8,6.052286148071289,0.08625341951847076,0.043680502409206845,2.5117404070018656,"[0.14213795959949493, 1.0]",0.2391017705827291
5,9,6.307758808135986,0.11205089837312698,0.05352953791059267,2.791352578176968,"[0.13250622153282166, 1.0]",0.2680337466664936
5,10,6.590882778167725,0.14232276380062103,0.06374502437797336,3.0711453303917935,"[0.12143559008836746, 1.0]",0.29694412401850134
5,11,6.901638031005859,0.1773260533809662,0.07405571885432405,3.351094526199451,"[0.10921459645032883, 1.0]",0.3258351782060323
5,12,7.24000883102417,0.21725377440452576,0.08418185626713193,3.631160444231298,"[0.09616556018590927, 1.0]",0.3547110220173514
5,13,7.605983257293701,0.26222050189971924,0.09385206050131867,3.911301059849186,"[0.08261218667030334, 1.0]",0.3835752810388526
5,14,7.9995574951171875,0.31224000453948975,0.10280973598585508,4.191470765177231,"[0.0688568726181984, 1.0]",0.41243585626678386
5,15,8.420740127563477,0.36721426248550415,0.11082052454481328,4.471626812616993,"[0.055167797952890396, 1.0]",0.44130495310306556
5,16,8.86955451965332,0.4269234836101532,0.11767936277425761,4.751739071173215,"[0.0417800135910511, 1.0]",0.4701972179101232
5,17,9.346039772033691,0.4910195469856262,0.12321301204527924,5.031774309902872,"[0.0289011187851429, 1.0]",0.499128236774934
5,18,9.850252151489258,0.5590233206748962,0.12728431956173747,5.311715052084519,"[0.01672046259045601, 1.0]",0.5281150971899468
5,19,10.382261276245117,0.6303304433822632,0.12979714520828178,5.591547133814428,"[0.005416368134319782, 1.0]",0.5571710868580243
5,20,10.942116737365723,0.7045179605484009,0.1308689343889844,5.871340177599602,"[-0.0004998696967959404, 1.0]",0.5862764919198037
5,21,11.529862403869629,0.7811815142631531,0.13070648156248943,6.151013609804424,"[-0.009990419261157513, 1.0]",0.6154252277480261
5,22,12.14563274383545,0.8591644167900085,0.12903774482344588,6.43057377736868,"[-0.018543388694524765, 1.0]",0.6447079219639794
5,23,12.789533615112305,0.9374498724937439,0.1258399541445332,6.710066580061268,"[-0.025319915264844894, 1.0]",0.6740961708871311
5,24,13.461649894714355,1.0151430368423462,0.12125865127932478,6.989526604657718,"[-0.03040119633078575, 1.0]",0.7035691493230105
5,25,14.162042617797852,1.0914499759674072,0.11550941911806145,7.268990284464746,"[-0.033767636865377426, 1.0]",0.7331031793635875
5,26,14.890758514404297,1.165679693222046,0.10885151639286317,7.548486458374292,"[-0.03551257774233818, 1.0]",0.7626840856691296
5,27,15.647820472717285,1.2372407913208008,0.1015639092279157,7.828028390024306,"[-0.03583173081278801, 1.0]",0.7922880860680976
5,28,16.43324089050293,1.3056621551513672,0.09392276742826056,8.10761930116709,"[-0.034987982362508774, 1.0]",0.8219047046408965
5,29,17.24700927734375,1.3706103563308716,0.08617949340080067,8.387258092599849,"[-0.03327437862753868, 1.0]",0.8515110482575197
5,30,18.089101791381836,1.4318814277648926,0.07854674055857913,8.666942948699592,"[-0.03097812458872795, 1.0]",0.8810937573072342
5,31,18.95949363708496,1.4893704652786255,0.0711912227858349,8.946658186255599,"[-0.028354566544294357, 1.0]",0.9106518075412752
5,32,19.858150482177734,1.5430599451065063,0.06423038548664017,9.226396764691255,"[-0.02560989186167717, 1.0]",0.9401756305338841
5,33,20.7850399017334,1.593003749847412,0.05773786506513545,9.506149122240577,"[-0.022893723100423813, 1.0]",0.9696670906057466
5,34,21.740127563476562,1.6393067836761475,0.0517524105151832,9.78591144948687,"[-0.0203055702149868, 1.0]",0.999124263265855
5,35,22.7233829498291,1.6821106672286987,0.04628427500697718,10.065681394486836,"[-0.017905663698911667, 1.0]",1.0285509526277299
5,36,23.734777450561523,1.7215830087661743,0.041322805896159664,10.345461650682827,"[-0.0157211534678936, 1.0]",1.0579490781604945
5,37,24.77428436279297,1.757907509803772,0.03684549947151883,10.625239119313077,"[-0.013756032101809978, 1.0]",1.0873204882683543
5,38,25.841907501220703,1.7886656522750854,0.031356857622919954,10.903573173509365,"[-0.03221271559596062, 1.0]",1.1166892177085266
5,39,26.93764877319336,1.80977463722229,0.02304233554163826,11.182989663434885,"[-0.02888565883040428, 1.0]",1.1460647254581133
5,40,28.06146812438965,1.8233494758605957,0.015015168541975932,11.462916068658846,"[-0.01910879835486412, 1.0]",1.175402473505254
5,41,29.21332550048828,1.8322477340698242,0.00922385843548934,11.742849557909794,"[-0.00919977854937315, 1.0]",1.204700199109227
5,42,30.3931884765625,1.839001178741455,0.006075735710906471,12.02268574929572,"[-0.002205963246524334, 1.0]",1.2339650619460496
5,43,31.60103416442871,1.8453621864318848,0.005017395493709387,12.302482696492408,"[0.0013539092615246773, 1.0]",1.2632068600004267
5,44,32.83686065673828,1.8522305488586426,0.0051717256788794685,12.582282946579522,"[0.002298329956829548, 1.0]",1.2924467655691783
5,45,34.10066223144531,1.859864592552185,0.005776130088272602,12.862090198843683,"[0.0019007818773388863, 1.0]",1.321680980601828
5,46,35.39244079589844,1.868243932723999,0.006375341333541229,13.141899270681476,"[0.0012164758518338203, 1.0]",1.3509171111711917
5,47,36.712196350097656,1.8771930932998657,0.00676882338459972,13.421714988543341,"[0.00023837853223085403, 1.0]",1.3801532716476639
5,48,38.059932708740234,1.8863593339920044,0.006853378749210215,13.70152994547632,"[-0.000665794126689434, 1.0]",1.4093932433972216
5,49,39.43564987182617,1.895366907119751,0.006633401643169279,13.981342777588873,"[-0.0012640608474612236, 1.0]",1.4386332055850874
5,50,40.83935546875,1.9039690494537354,0.0062142200875907605,14.261151994754686,"[-0.0012936843559145927, 1.0]",1.4678807809002241
5,51,42.27104568481445,1.9121456146240234,0.005761882176440913,14.54096684105239,"[-0.000977049581706524, 1.0]",1.4971245668491888
5,52,43.730716705322266,1.9200031757354736,0.005391969101029126,14.820778512335245,"[-0.0006197793409228325, 1.0]",1.5263645238133212
5,53,45.2183723449707,1.9276546239852905,0.005134840897781601,15.100590327146133,"[-0.0003826124593615532, 1.0]",1.555608296120595
5,54,46.7340087890625,1.935188889503479,0.004961868584981488,15.380400994881722,"[-0.0002959026023745537, 1.0]",1.5848482485687647
5,55,48.277626037597656,1.9426441192626953,0.0048248489468969424,15.660213353252656,"[-0.0003134114667773247, 1.0]",1.6140882086247932
5,56,49.84922790527344,1.9496550559997559,0.004489690123710588,15.940008472597855,"[-0.002204502932727337, 1.0]",1.6433319058024716
5,57,51.448814392089844,1.954782247543335,0.0033079123899870666,16.219723499090552,"[-0.005799408070743084, 1.0]",1.6725752425623137
5,58,53.07437515258789,1.9676417112350464,0.007266035560117956,16.43940983350675,"[0.08114361017942429, 1.0]",1.6995381047488272
5,59,54.722713470458984,2.023325204849243,0.03185486874676435,16.707149517974415,"[0.07843117415904999, 1.0]",1.7235204907019785
5,60,56.396148681640625,2.122687578201294,0.060422864076153715,16.987389606001525,"[0.03963925316929817, 1.0]",1.7498784644086476
5,61,58.09574890136719,2.243478775024414,0.07410698470530797,17.257533727067027,"[-0.027294684201478958, 1.0]",1.7772591214983642
5,62,59.82231140136719,2.3498153686523438,0.0639930978335137,17.491662106194486,"[-0.08014348894357681, 1.0]",1.805274979477875
5,63,61.57478713989258,2.4093990325927734,0.03368925410561108,17.723961003800447,"[-0.09865088015794754, 1.0]",1.8322335630424926
5,64,63.35258865356445,2.4216294288635254,0.00334706085801173,17.998817417858312,"[-0.002339745871722698, 1.0]",1.8587961920522373
5,65,65.15626525878906,2.4304001331329346,0.000490421114737849,18.226334309454153,"[0.07111211866140366, 1.0]",1.885695109617153
5,66,66.98377227783203,2.4742817878723145,0.02333834589679995,18.495990680733218,"[0.06714242696762085, 1.0]",1.9107389771062682
5,67,68.83692169189453,2.5619537830352783,0.05070419031012818,18.77499415819875,"[0.03727579489350319, 1.0]",1.9376368877743944
5,68,70.71640014648438,2.6778576374053955,0.0658385353108848,19.053601993609703,"[-0.009354355745017529, 1.0]",1.9652196635610875
5,69,72.62339782714844,2.8007006645202637,0.06639540229481966,19.333290411962935,"[-0.00616202037781477, 1.0]",1.9939974875178956
5,70,74.55860137939453,2.9169681072235107,0.05949475243626079,19.60638737535861,"[-0.040315840393304825, 1.0]",2.0234322954352075
5,71,76.52191162109375,2.9980175495147705,0.038928357760069865,19.845487359557143,"[-0.07286681979894638, 1.0]",2.052614934817226
5,72,78.51022338867188,3.0419490337371826,0.01785902511201698,20.09255449224168,"[0.03702517971396446, 1.0]",2.0787282627932124
5,73,80.524169921875,3.0993144512176514,0.026001906461043056,20.36852608158413,"[0.03650691732764244, 1.0]",2.1056049005702535
5,74,82.56462860107422,3.184959888458252,0.044768403714504856,20.641525481377997,"[0.04658690467476845, 1.0]",2.1333455438654196
5,75,84.62857818603516,3.299504041671753,0.05924494792601198,20.824587192871864,"[-0.07757532596588135, 1.0]",2.157660227328861
5,76,86.71157836914062,3.386301040649414,0.04225784175488734,20.960147866430287,"[-0.15595263242721558, 1.0]",2.177320848504405
5,77,88.81015014648438,3.415104389190674,0.007597998589996102,21.097284853822874,"[-0.1517006754875183, 1.0]",2.193509559185953
5,78,90.92508697509766,3.372507333755493,-0.030674955225805434,21.35537560477127,"[-0.05041096732020378, 1.0]",2.211036018834752
5,79,93.06352233886719,3.279099702835083,-0.053612362220493814,21.620206677500317,"[0.022814664989709854, 1.0]",2.2357262938182827
5,80,95.22664642333984,3.1857378482818604,-0.04538039813300454,21.803562379369485,"[0.09256686270236969, 1.0]",2.261240115179819
5,81,97.41040802001953,3.139068603515625,-0.015594672395176978,22.00113207643329,"[0.091590017080307, 1.0]",2.2827666910236375
5,82,99.61611938476562,3.156947612762451,0.017729329166930263,22.273652487252193,"[0.035501327365636826, 1.0]",2.3059428009387286
5,83,101.84003448486328,3.2320945262908936,0.04234452764836938,22.231544729026993,"[0.03736959770321846, 1.0]",2.3239570513782777
5,84,104.0594482421875,3.34375262260437,0.054988284397683884,22.18640585259456,"[-0.04142799600958824, 1.0]",2.3192525836608944
5,85,106.28235626220703,3.4299709796905518,0.03712433243765023,22.43181707155805,"[-0.06744036823511124, 1.0]",2.3238511968415425
5,86,108.52325439453125,3.461103677749634,0.0059624182065238784,22.388473396188783,"[-0.04800397530198097, 1.0]",2.3416462626070684
5,87,110.76070404052734,3.4257569313049316,-0.02549683796030955,22.33923164042405,"[-0.06768708676099777, 1.0]",2.3209633534614666
5,88,112.9865951538086,3.3354766368865967,-0.050270095052445285,22.07256730051094,"[0.7479621171951294, 0.9002158045768738]",2.2491030088424204
5,89,115.18965911865234,3.2617056369781494,-0.03623057557581966,21.90280211007184,"[0.8409770727157593, 0.8507023453712463]",2.1431255292104994
5,90,117.37598419189453,3.2394208908081055,-0.0043782368320908205,21.716641319231428,"[0.8746155500411987, 0.8324450850486755]",2.320408502859964
5,91,119.543212890625,3.2862343788146973,0.030387067511967736,21.527732343245372,"[0.8913915753364563, 0.8195609450340271]",2.2002670927520604
5,92,121.68888854980469,3.402836561203003,0.06471747765001545,21.33571841156415,"[0.9008079767227173, 0.8147597908973694]",2.0814154744359166
5,93,123.8102798461914,3.588623285293579,0.09797103860129042,21.137956081672534,"[0.9089977145195007, 0.8108309507369995]",1.966142250345216
5,94,125.90465545654297,3.8426995277404785,0.1304958255202644,20.940188664515077,"[0.9115079641342163, 0.8104496002197266]",1.4078317928899013
5,95,127.96987915039062,4.163594722747803,0.1628558959258175,20.74470649457232,"[0.9122823476791382, 0.8095287084579468]",1.3308972036576887
5,96,130.00405883789062,4.549764156341553,0.19548574454979484,20.55135976914669,"[0.9129573106765747, 0.807945191860199]",1.2595336818046137
5,97,132.00527954101562,4.999796390533447,0.22859416322165949,20.359394790284718,"[0.9138222932815552, 0.8072839975357056]",1.1938326257979295
5,98,133.97157287597656,5.512385845184326,0.2622021909140235,20.16771357958265,"[0.9145949482917786, 0.8071509003639221]",1.1336780168363132
5,99,135.90084838867188,6.0863118171691895,0.2962645538883555,19.975521295798146,"[0.9152300357818604, 0.8068820834159851]",1.078809113071518
5,100,137.79095458984375,6.7203521728515625,0.33073318208697877,19.78298748066213,"[0.9151816964149475, 0.8066416382789612]",1.028896652905429
5,101,139.6397247314453,7.413208961486816,0.36557145704490424,19.590273130741167,"[0.9147445559501648, 0.8059971332550049]",0.9835613025089829
5,102,141.4451141357422,8.163476943969727,0.4007536792576145,19.397386967300072,"[0.9152979850769043, 0.8059802651405334]",0.9424358584383891
5,103,143.20504760742188,8.969616889953613,0.4362560134333515,19.204724786320675,"[0.9157119989395142, 0.8064191937446594]",0.9050976165206341
5,104,144.9176025390625,9.829980850219727,0.47207193482744536,19.012646974236475,"[0.9153323173522949, 0.8065168261528015]",0.871201291692508
5,105,146.5808868408203,10.742833137512207,0.5082168897742196,18.82125518848459,"[0.9148926138877869, 0.8070126175880432]",0.8403969112292844
5,106,148.19309997558594,11.706358909606934,0.5447097201383837,18.63036914657,"[0.9148499965667725, 0.8070178627967834]",0.8123771015412328
5,107,149.75245666503906,12.71865177154541,0.5815629427770643,18.439968618213403,"[0.9148038029670715, 0.807022750377655]",0.7868417375385903
5,108,151.25721740722656,13.777725219726562,0.6187912716552821,18.250014725717886,"[0.9147536754608154, 0.8070257306098938]",0.7635311661552271
5,109,152.7056884765625,14.881511688232422,0.6564050931012888,18.060512500756722,"[0.914535641670227, 0.8068304061889648]",0.7422120052921015
5,110,154.09625244140625,16.027868270874023,0.6944127960725179,17.87142558569041,"[0.9145104885101318, 0.806841254234314]",0.7226809054224821
5,111,155.4273223876953,17.21456527709961,0.7328186416267144,17.682741346350785,"[0.9146583080291748, 0.8070356845855713]",-5.0
6,0,5.006895065307617,0.0003681389207486063,0.00022796658931056868,0.28760493136202003,"[0.16539497673511505, 1.0]",0.008189287498746277
6,1,5.041355133056641,0.0022609690204262733,0.0014976286390062654,0.5751391864532702,"[0.15917906165122986, 1.0]",0.037048194088063154
6,2,5.104491710662842,0.006238236092031002,0.0039005988905849165,0.8624698512057011,"[0.1617109775543213, 1.0]",0.06701769193662682
6,3,5.196258544921875,0.012653473764657974,0.007645269699344759,1.149687875245239,"[0.16303913295269012, 1.0]",0.09694042969763678
6,4,5.316636562347412,0.02165633626282215,0.01279196166397778,1.436988577560383,"[0.16274526715278625, 1.0]",0.12684446602455884
6,5,5.465616703033447,0.03346801921725273,0.019237344134187317,1.724393622887705,"[0.16050752997398376, 1.0]",0.15673991198902984
6,6,5.643178462982178,0.0484415665268898,0.026855982222631525,2.011917166736352,"[0.15618401765823364, 1.0]",0.18661538719904405
6,7,5.849295139312744,0.06697937846183777,0.035505663127099574,2.2995956155428434,"[0.14983975887298584, 1.0]",0.2164648566005092
6,8,6.083939075469971,0.08949016779661179,0.04499716925214248,2.587458070695611,"[0.1415976583957672, 1.0]",0.2462874974753568
6,9,6.3470845222473145,0.11635022610425949,0.05510040347957634,2.875516559302535,"[0.13163220882415771, 1.0]",0.2760852712942052
6,10,6.638708114624023,0.14788423478603363,0.06554984864872004,3.163764344214477,"[0.12019545584917068, 1.0]",0.30586053192567414
6,11,6.958789348602295,0.18435373902320862,0.07605894862628126,3.4521721744971536,"[0.10759758949279785, 1.0]",0.33561600876350867
6,12,7.307311534881592,0.225948765873909,0.08633222568931664,3.7406969233659915,"[0.09418021887540817, 1.0]",0.36535532243444385
6,13,7.684263229370117,0.2727724313735962,0.09608578686562286,4.029291583954801,"[0.08028367906808853, 1.0]",0.39508350661632197
6,14,8.089643478393555,0.3248167932033539,0.10505091920121146,4.317908291549888,"[0.06622453778982162, 1.0]",0.424810836335412
6,15,8.523465156555176,0.381952166557312,0.11298687293353815,4.60650339452142,"[0.05228172615170479, 1.0]",0.4545509434369675
6,16,8.985757827758789,0.4439053535461426,0.11967593464349058,4.89504561402526,"[0.03849128261208534, 1.0]",0.48432037646672693
6,17,9.476574897766113,0.5102061033248901,0.12490385302137064,5.183499413684334,"[0.024572674185037613, 1.0]",0.5141428173689038
6,18,9.996004104614258,0.5801446437835693,0.1284470556936661,5.4718226133723284,"[0.010723908431828022, 1.0]",0.54405240860832
6,19,10.54415225982666,0.6528130769729614,0.13011126505885695,5.7599822850719145,"[-0.0024934960529208183, 1.0]",0.574068075495226
6,20,11.121077537536621,0.7276635766029358,0.13006599132032548,6.048153369593448,"[-0.007470260374248028, 1.0]",0.6041419678731315
6,21,11.72680950164795,0.8043898344039917,0.12872402444703468,6.336173402029354,"[-0.01686083897948265, 1.0]",0.6342447444204602
6,22,12.361494064331055,0.8816509246826172,0.12579015303214902,6.6240473608831865,"[-0.025514092296361923, 1.0]",0.6644927758070798
6,23,13.025253295898438,0.9581394195556641,0.12116464169284491,6.911773077348297,"[-0.03355866298079491, 1.0]",0.6948622104154502
6,24,13.718188285827637,1.0326155424118042,0.11491619998524616,7.199486331185661,"[-0.03881208226084709, 1.0]",0.7253326784195346
6,25,14.440351486206055,1.1041631698608398,0.10736201039518178,7.487235570426748,"[-0.04185950383543968, 1.0]",0.7558557604453383
6,26,15.19176959991455,1.17202889919281,0.0988647954631201,7.775055193143155,"[-0.042917948216199875, 1.0]",0.7864058620776403
6,27,15.972424507141113,1.235973834991455,0.08999979798451907,8.063189959830662,"[-0.03848149999976158, 1.0]",0.8169392620458005
6,28,16.78226661682129,1.2962523698806763,0.08146383405859758,8.35134060716779,"[-0.03522413596510887, 1.0]",0.8474231424124309
6,29,17.621273040771484,1.3525676727294922,0.0732993811047411,8.639441726225252,"[-0.03311086818575859, 1.0]",0.8778839117182089
6,30,18.489425659179688,1.404526948928833,0.06540856795289152,8.927539191645376,"[-0.031077619642019272, 1.0]",0.9083265447706074
6,31,19.38669204711914,1.451891541481018,0.05778713354530218,9.215651663604085,"[-0.02886384353041649, 1.0]",0.9387368204256715
6,32,20.31303596496582,1.4945604801177979,0.050494200058174954,9.503785241734489,"[-0.026452746242284775, 1.0]",0.9691109514344849
6,33,21.268444061279297,1.5313563346862793,0.04294040994227366,9.791271466323407,"[-0.03411818668246269, 1.0]",0.9994688179119319
6,34,22.25290298461914,1.560296893119812,0.034265961639667886,10.079156892863573,"[-0.032364796847105026, 1.0]",1.0298151293577298
6,35,23.2663516998291,1.5819392204284668,0.02566195394789439,10.367317865833485,"[-0.0274672769010067, 1.0]",1.0601016456062116
6,36,24.308738708496094,1.5972106456756592,0.01798312841881433,10.655582415095441,"[-0.02195219323039055, 1.0]",1.0903371295349218
6,37,25.38001823425293,1.6070231199264526,0.01155518965374469,10.943855347520538,"[-0.017116155475378036, 1.0]",1.1205268748206785
6,38,26.48015785217285,1.612884759902954,0.0067517791536229055,11.2321869659333,"[-0.007863934151828289, 1.0]",1.1506844592666217
6,39,27.609134674072266,1.6166352033615112,0.0038715704347023205,11.520448921270315,"[-0.005566547624766827, 1.0]",1.1808188420451304
6,40,28.76694107055664,1.618272066116333,0.0018118816476357935,11.808674059615626,"[-0.0057679517194628716, 1.0]",1.2109454297526454
6,41,29.953571319580078,1.6174781322479248,-0.0001604554556768889,12.096879099778045,"[-0.006512041203677654, 1.0]",1.2410662049724388
6,42,31.169008255004883,1.613161325454712,-0.002748249086907073,12.384885731658548,"[-0.012303913943469524, 1.0]",1.271168921217268
6,43,32.41320037841797,1.6082900762557983,-0.003938682094172918,12.671768918735308,"[0.018179375678300858, 1.0]",1.3012150835473948
6,44,33.68613052368164,1.6112172603607178,0.0004450142181520178,12.959561556412819,"[0.018881816416978836, 1.0]",1.3312481722675296
6,45,34.987815856933594,1.6211004257202148,0.006141515789831686,13.247766594703,"[0.013815601356327534, 1.0]",1.3613002829281167
6,46,36.318145751953125,1.640357255935669,0.013024855101305022,13.533991459536058,"[0.03241240605711937, 1.0]",1.3912328565874434
6,47,37.67696762084961,1.6678311824798584,0.019413512240296527,13.820576858648675,"[-0.013839672319591045, 1.0]",1.4210144647604035
6,48,39.06244659423828,1.6803042888641357,0.012118448224296863,14.03348525728414,"[-0.10966064780950546, 1.0]",1.4486296570464505
6,49,40.46772003173828,1.6462112665176392,-0.01719536536836941,14.179364171989688,"[-0.2065116912126541, 1.0]",1.4690805762739536
6,50,41.883087158203125,1.5490517616271973,-0.061060291683064705,14.243106785210163,"[-0.37584301829338074, 1.0]",1.4794611069982895
6,51,43.2978630065918,1.3795206546783447,-0.11251083288868635,14.28189802100754,"[-0.422206848859787, 1.0]",1.4790443894832057
6,52,44.705421447753906,1.1343580484390259,-0.16853575274068344,14.315520539029487,"[-0.4102688431739807, 1.0]",1.4719782835877422
6,53,46.102603912353516,0.810588002204895,-0.22754367932967767,14.436911261378361,"[-0.2263810634613037, 1.0]",1.462148565275812
6,54,47.49677658081055,0.42582184076309204,-0.27624823513531993,14.585184029859468,"[0.09134764224290848, 1.0]",-5.0
7,0,5.005929470062256,6.998060703277588,-0.00118430773675815,0.2555848640821864,"[-0.9492835998535156, 1.0]",0.007079601950625698
7,1,5.0344085693359375,6.987533092498779,-0.007839014668648225,0.4970780526991281,"[-1.0, 1.0]",0.030715950510827716
7,2,5.084016799926758,6.965144634246826,-0.020466392977258607,0.7302307253690273,"[-1.0, 1.0]",0.052894268854980935
7,3,5.152981281280518,6.9297356605529785,-0.039704669217828226,0.9549635002815337,"[-1.0, 1.0]",0.07326181710502666
7,4,5.240447998046875,6.881374359130859,-0.06577355418028663,1.177024863855753,"[-1.0, 1.0]",0.09276332865370832
7,5,5.345736026763916,6.819573402404785,-0.09820619572554357,1.395393354231305,"[-1.0, 1.0]",0.11156729881108189
7,6,5.4678215980529785,6.743257522583008,-0.13656836543786266,1.6142349420458597,"[-0.9829912185668945, 1.0]",0.12934962852826887
7,7,5.606587886810303,6.651856422424316,-0.18008601554641146,1.8436516859469334,"[-0.9323197603225708, 1.0]",0.14706272134408543
7,8,5.763261795043945,6.545345783233643,-0.22743795183440252,2.087337812740023,"[-0.8592211008071899, 1.0]",0.16606692839097267
7,9,5.939822673797607,6.423986434936523,-0.2768921874869008,2.3497526892142626,"[-0.7567503452301025, 1.0]",0.18713476585512628
7,10,6.139066219329834,6.288670539855957,-0.32593283422211083,2.6298247944511695,"[-0.6267669200897217, 1.0]",0.21107775710725682
7,11,6.3637213706970215,6.140718460083008,-0.3715338752514281,2.9195828012147294,"[-0.4852566123008728, 1.0]",0.2377932739726538
7,12,6.615407943725586,5.981314659118652,-0.4110314836945026,3.2104675613591693,"[-0.3513907194137573, 1.0]",0.2661336770546807
7,13,6.894311904907227,5.810841083526611,-0.44303668788480266,3.497764657155318,"[-0.2458568811416626, 1.0]",0.29464390213883956
7,14,7.199565887451172,5.628641605377197,-0.46777785388580195,3.781254182939961,"[-0.16860517859458923, 1.0]",0.32226962636717515
7,15,7.530447959899902,5.4342451095581055,-0.48601504787261085,4.0620719777054495,"[-0.10343977063894272, 1.0]",0.349161396348405
7,16,7.887068748474121,5.228379726409912,-0.4980570633736212,4.340740441160181,"[-0.04664960876107216, 1.0]",0.3761541205594396
7,17,8.270413398742676,5.013365268707275,-0.5034971025323269,4.616199527669068,"[0.019666854292154312, 1.0]",0.4041175481430655
7,18,8.681694984436035,4.791996002197266,-0.5019175816898009,4.891047617665986,"[0.05659489706158638, 1.0]",0.4332912999728563
7,19,9.121284484863281,4.565478324890137,-0.4945756460386157,5.164635420036644,"[0.0915585532784462, 1.0]",0.462830359817411
7,20,9.590245246887207,4.336635589599609,-0.48158061834151944,5.436251504961643,"[0.12665580213069916, 1.0]",0.4934238937962532
7,21,10.08986759185791,4.109289169311523,-0.46265046983907254,5.705729001339537,"[0.15962590277194977, 1.0]",0.525298125476731
7,22,10.621184349060059,3.8944320678710938,-0.43440365173714746,5.889323371060735,"[0.3376159369945526, 1.0]",0.5578187123719217
7,23,11.18685245513916,3.7149877548217773,-0.38732428998672663,6.129232264709148,"[0.3516451418399811, 1.0]",0.5932496512702927
7,24,11.7866849899292,3.5649306774139404,-0.33136235389450963,6.397068136778656,"[0.3257088363170624, 1.0]",0.628619341405543
7,25,12.419312477111816,3.4362659454345703,-0.27615036396525916,6.68119867722443,"[0.26388296484947205, 1.0]",0.6626928812301272
7,26,13.08359146118164,3.322336196899414,-0.2276659184237131,6.96665791309349,"[0.20696622133255005, 1.0]",0.6956289446787449
7,27,13.778335571289062,3.218217611312866,-0.1887644585906525,7.2527233988544655,"[0.12997271120548248, 1.0]",0.7273813654022669
7,28,14.502501487731934,3.1188833713531494,-0.1608452093028072,7.534057731344634,"[0.09336671978235245, 1.0]",0.758069176233922
7,29,15.255655288696289,3.0246925354003906,-0.14046323853210385,7.8134865939539075,"[0.06567786633968353, 1.0]",0.7883144906371481
7,30,16.037343978881836,2.9339637756347656,-0.12592411003497972,8.092112683316486,"[0.040297504514455795, 1.0]",0.8181031972604711
7,31,16.847576141357422,2.8504252433776855,-0.11287089226806568,8.363263934034512,"[0.08596348017454147, 1.0]",0.8478668501787412
7,32,17.686702728271484,2.7832183837890625,-0.09488403542372481,8.638372644447806,"[0.0843936875462532, 1.0]",0.8779992638140777
7,33,18.554134368896484,2.724587917327881,-0.07888496201701933,8.916730478660421,"[0.02206578478217125, 1.0]",0.9075569277789719
7,34,19.44937515258789,2.664884328842163,-0.07063715212104338,9.194502176477295,"[0.020684663206338882, 1.0]",0.936616043485554
7,35,20.37263298034668,2.6083614826202393,-0.06424756287567135,9.471632226652206,"[0.02666608616709709, 1.0]",0.965880172778724
7,36,21.324016571044922,2.559516429901123,-0.056161673173972915,9.746944350909992,"[0.04631168022751808, 1.0]",0.9952448402773372
7,37,22.303449630737305,2.5262515544891357,-0.042600990061343325,10.017415414088553,"[0.08006713539361954, 1.0]",1.0245114290557813
7,38,23.31059455871582,2.5075433254241943,-0.026972894994486296,10.29558784484445,"[0.017715591937303543, 1.0]",1.0534750732803158
7,39,24.345548629760742,2.4932141304016113,-0.01748817993022378,10.571680601935695,"[0.03967912867665291, 1.0]",1.0825266337536326
7,40,25.408071517944336,2.4829461574554443,-0.011239072432352337,10.845538236753498,"[-0.025469359010457993, 1.0]",1.1113278102489845
7,41,26.498023986816406,2.4673447608947754,-0.012238956263622924,11.122001619300743,"[0.013691906817257404, 1.0]",1.1400014761589237
7,42,27.615642547607422,2.461811065673828,-0.007446597882024619,11.396202224605135,"[0.0411667563021183, 1.0]",1.1689014708017387
7,43,28.76038360595703,2.459838628768921,-0.003018426779496153,11.663642421398428,"[-0.04330168291926384, 1.0]",1.1972274492459023
7,44,29.931562423706055,2.4341070652008057,-0.015211044040150945,11.928075403648112,"[-0.08491452783346176, 1.0]",1.22485515706544
7,45,31.129005432128906,2.387040376663208,-0.03291360843812541,12.205672476451468,"[-0.009812097065150738, 1.0]",1.2523685345668831
7,46,32.353355407714844,2.3284366130828857,-0.045081724616752084,12.473426515245501,"[-0.06937063485383987, 1.0]",1.2804803949045422
7,47,33.60288619995117,2.253509759902954,-0.057390988333152926,12.725755611243654,"[0.04583759233355522, 1.0]",1.3067966924869245
7,48,34.879676818847656,2.1987204551696777,-0.048617337279941886,12.997775214387579,"[0.0564967505633831, 1.0]",1.3352806073612284
7,49,36.18233108520508,2.1719970703125,-0.027383820750685572,13.189916969408076,"[0.14490148425102234, 1.0]",1.3620088927197582
7,50,37.50595474243164,2.1992714405059814,0.010578209007849004,13.440733004233538,"[0.1348036527633667, 1.0]",1.3841069557456134
7,51,38.85352325439453,2.2699427604675293,0.047166713434175556,13.715120913191885,"[0.01895855739712715, 1.0]",1.409286556072254
7,52,40.22818374633789,2.351392984390259,0.0612223450353957,13.993015865632069,"[0.007704307325184345, 1.0]",1.4376290633387037
7,53,41.628475189208984,2.4319424629211426,0.060728861285404,14.197415059764332,"[-0.1001376286149025, 1.0]",1.4641798106400332
7,54,43.05304718017578,2.4818198680877686,0.04074436730739528,14.473968157474312,"[-0.050317373126745224, 1.0]",1.4897048476754313
7,55,44.50566101074219,2.514552593231201,0.023500532407186192,14.752242724609305,"[-0.019892927259206772, 1.0]",1.518998922827148
7,56,45.986228942871094,2.5315468311309814,0.011182213943079056,15.026762100166453,"[-0.03903190419077873, 1.0]",1.5481883615796552
7,57,47.49445724487305,2.5315499305725098,8.855010624486681e-05,15.304213248755186,"[-0.0013811839744448662, 1.0]",1.5770972616213514
7,58,49.03004837036133,2.5191190242767334,-0.008309728391319382,15.57316447628396,"[-0.05063789710402489, 1.0]",1.6056703656315592
7,59,50.59010696411133,2.4699723720550537,-0.029583991285253575,15.779814826948149,"[-0.11210516840219498, 1.0]",1.6310677604712667
7,60,52.16891860961914,2.384255886077881,-0.05396669580352942,15.968848639756377,"[0.07591884583234787, 1.0]",1.6506714643867162
7,61,53.76667404174805,2.3233020305633545,-0.04346944689281784,16.096292249292436,"[0.1887483447790146, 1.0]",1.6701887472507222
7,62,55.378990173339844,2.313443899154663,-0.009274059022037484,16.238893889378417,"[0.18651658296585083, 1.0]",1.6853911540939999
7,63,57.0071907043457,2.372213363647461,0.035503399440173666,16.48835162188311,"[0.10880192369222641, 1.0]",1.7023981133043333
7,64,58.65756607055664,2.4896416664123535,0.07428981071414142,16.767022053506036,"[0.031894098967313766, 1.0]",1.7258269654517147
7,65,60.33360290527344,2.630100965499878,0.0885821973362706,17.036695105187743,"[-0.027749400585889816, 1.0]",1.7527019626901417
7,66,62.03554153442383,2.7587640285491943,0.07835525927620246,17.224394963551998,"[-0.10809492319822311, 1.0]",1.7794484064863747
7,67,63.76151657104492,2.843852996826172,0.04961162847292222,17.4943135013832,"[-0.06940324604511261, 1.0]",1.8046994473773181
7,68,65.51590728759766,2.8794541358947754,0.017684321744507514,17.76369500470751,"[-0.06840179115533829, 1.0]",1.8343273440739183
7,69,67.29736328125,2.876185894012451,-0.005719804231217651,18.031909431128685,"[0.014171537943184376, 1.0]",1.862599586092423
7,70,69.10602569580078,2.8729612827301025,-0.005155080922066624,18.306883500097815,"[0.027301017194986343, 1.0]",1.8910433903012214
7,71,70.94209289550781,2.8853464126586914,0.0068415276823587945,18.580073361376545,"[0.039709825068712234, 1.0]",1.9196775298332258
7,72,72.80535125732422,2.9198338985443115,0.02020819950957531,18.8576600017886,"[0.00314400065690279, 1.0]",1.948117831824455
7,73,74.69621276855469,2.9558475017547607,0.021027654176993593,19.13191974913489,"[-0.02675633504986763, 1.0]",1.9769551501015759
7,74,76.6147232055664,2.9738152027130127,0.009015998712408546,19.40439145035744,"[-0.0408218614757061, 1.0]",2.005830198538327
7,75,78.56070709228516,2.9648189544677734,-0.007131945399232009,19.681794449544398,"[-0.018639344722032547, 1.0]",2.0345519617416996
7,76,80.53424072265625,2.9372057914733887,-0.016857410226037928,19.959343024372156,"[-0.005336540751159191, 1.0]",2.0633506739807683
7,77,82.53538513183594,2.900603771209717,-0.019760255814224692,20.236583965275827,"[0.006590758450329304, 1.0]",2.0922090370234288
7,78,84.56427764892578,2.8659396171569824,-0.01703397780631022,20.51358500254272,"[0.011755441315472126, 1.0]",2.121203649601286
7,79,86.62100982666016,2.840440034866333,-0.011361577842496473,20.790624598586287,"[0.012478132732212543, 1.0]",2.150289988428013
7,80,88.70557403564453,2.827299118041992,-0.004895689031892303,21.067804558863497,"[0.011206907220184803, 1.0]",2.1793693294992607
7,81,90.81790161132812,2.8256938457489014,0.0006890929320579886,21.345272204872135,"[0.005789187736809254, 1.0]",2.2083813006055184
7,82,92.95797729492188,2.8310654163360596,0.003556385319692268,21.62277116756115,"[-0.0011172918602824211, 1.0]",2.237378153847775
7,83,95.12578582763672,2.8371174335479736,0.002998852545483821,21.900106997825624,"[-0.006330910138785839, 1.0]",2.266359014205059
7,84,97.32134246826172,2.8383805751800537,-3.7284255256508914e-06,22.177472988385656,"[-0.00669927429407835, 1.0]",2.2953552690727355
7,85,99.54463195800781,2.8339762687683105,-0.0027920580868388,22.454993210761277,"[-0.00031684618443250656, 1.0]",2.3243369591945195
7,86,101.78813934326172,2.8279480934143066,-0.0031049795149229453,22.418589387633347,"[0.0031815068796277046, 1.0]",2.3443910374982564
7,87,104.0292739868164,2.823208808898926,-0.0019317238966891637,22.382218871880113,"[0.001845245249569416, 1.0]",2.341854628478148
7,88,106.26676940917969,2.8200409412384033,-0.0010687265454487616,22.34586698771876,"[3.2829120755195618e-06, 1.0]",2.3380518238080157
7,89,108.50061798095703,2.817070960998535,-0.0012080098704601028,22.309487587090512,"[-0.0023315800353884697, 1.0]",2.334241265919251
7,90,110.7308349609375,2.8119635581970215,-0.0025049693213290425,22.27307787412927,"[-0.0036928607150912285, 1.0]",2.3304458304140505
7,91,112.9573974609375,2.8034963607788086,-0.0042802325039756894,22.236707066057395,"[-0.002255144529044628, 1.0]",2.3266276817972584
7,92,115.18030548095703,2.7924602031707764,-0.0054020891131711934,22.200348710854552,"[-9.368173778057098e-06, 1.0]",2.3228095892183767
7,93,117.40711975097656,2.7805378437042236,-0.005523396100824307,22.47787042591847,"[0.0010268809273838997, 1.0]",2.3279646869361645
7,94,119.65290069580078,2.7689974308013916,-0.005054013958697645,22.441511628841692,"[0.0011865096166729927, 1.0]",2.4676316557271596
7,95,121.89018249511719,2.7486140727996826,-0.009803761762854357,22.14910615746396,"[-0.8235571384429932, 1.0]",2.3803960318462978
7,96,124.10039520263672,2.6839513778686523,-0.032601352800313954,21.94275998050745,"[-1.0, 0.9920430779457092]",2.1831382844496376
7,97,126.28687286376953,2.560119867324829,-0.06303475931524893,21.734960526071095,"[-1.0, 0.9569571614265442]",1.9537487685931056
7,98,128.44810485839844,2.3712735176086426,-0.09444714384689767,21.53929757615437,"[-1.0, 0.9327778816223145]",2.1470461632623605
7,99,130.58316040039062,2.1186108589172363,-0.12512063433410248,21.345305687793598,"[-1.0, 0.9138737320899963]",1.8834539786718716
7,100,132.69024658203125,1.8034707307815552,-0.1551708119681754,21.149115824689915,"[-1.0, 0.8965889811515808]",1.6538709173489075
7,101,134.76727294921875,1.4271960258483887,-0.18524695542287617,20.949894803378776,"[-1.0, 0.8823758959770203]",1.4596217072558535
7,102,136.81219482421875,0.9911291599273682,-0.2158745063812777,20.748789596193298,"[-1.0, 0.8755480051040649]",1.297780365956902
7,103,138.82290649414062,0.49613484740257263,-0.24709900489802106,20.546344748265312,"[-1.0, 0.8693203330039978]",1.1640547438643263
7,104,140.79739379882812,-0.05695975571870804,-0.2787630581526823,20.343684900319484,"[-1.0, 0.8645161986351013]",1.05374853152542
7,105,142.73377990722656,-0.6670784950256348,-0.310727649136358,20.141077137134612,"[-1.0, 0.8604046106338501]",0.9624556915503931
7,106,144.63023376464844,-1.332940697669983,-0.34297160571838337,19.938197125839,"[-1.0, 0.856846034526825]",0.8864622999584633
7,107,146.48497009277344,-2.053192138671875,-0.3755243558288033,19.735372776826598,"[-1.0, 0.856065571308136]",0.8228242513688152
7,108,148.2962188720703,-2.826432943344116,-0.40840800370466557,19.532804747144365,"[-1.0, 0.8562576174736023]",-5.0
8,0,5.00710916519165,0.00037201630766503513,0.0002315618567827471,0.296505812095322,"[0.16196629405021667, 1.0]",0.00844344134607934
8,1,5.042636871337891,0.0022942600771784782,0.0015194665599445045,0.5929226242037687,"[0.1571633666753769, 1.0]",0.038195857955157196
8,2,5.107726573944092,0.006357179023325443,0.003973170030288742,0.8891230320878581,"[0.16064177453517914, 1.0]",0.06909075625059653
8,3,5.202330589294434,0.012945742346346378,0.007812383057747674,1.185192677780772,"[0.16287943720817566, 1.0]",0.09993738240035527
8,4,5.326425552368164,0.022239113226532936,0.01311060888840565,1.4813421764875028,"[0.16302329301834106, 1.0]",0.13076100286792422
8,5,5.47999906539917,0.03447681665420532,0.01975905739173367,1.7776096984651653,"[0.16074541211128235, 1.0]",0.1615727566740991
8,6,5.663031101226807,0.050024524331092834,0.027621241561865517,2.0740077262262013,"[0.15627862513065338, 1.0]",0.19236507059565464
8,7,5.87549352645874,0.06930375844240189,0.03653883647199585,2.3705726589752643,"[0.14970114827156067, 1.0]",0.2231300021973223
8,8,6.1173577308654785,0.09274289757013321,0.04630984135344285,2.6673337371819517,"[0.14114972949028015, 1.0]",0.25386720622405706
8,9,6.388596057891846,0.12073478102684021,0.05668751433120889,2.9643033651511637,"[0.1308206468820572, 1.0]",0.2845776921695474
8,10,6.689183712005615,0.15361477434635162,0.06738942717169216,3.2614696868865027,"[0.11898601800203323, 1.0]",0.3152642677047588
8,11,7.019100189208984,0.19164863228797913,0.07810878371731533,3.558801306569322,"[0.10597904771566391, 1.0]",0.3459310830829311
8,12,7.378328323364258,0.2350216507911682,0.08853585833330246,3.85624882755512,"[0.09216314554214478, 1.0]",0.3765812538792715
8,13,7.766858100891113,0.2838226854801178,0.09837144487118366,4.153761788277638,"[0.07789963483810425, 1.0]",0.40722170557410486
8,14,8.184691429138184,0.3380185663700104,0.1073371098389897,4.451289167784181,"[0.06351839751005173, 1.0]",0.43786412950209913
8,15,8.631843566894531,0.39744332432746887,0.11518224977814473,4.748783150381351,"[0.0493098609149456, 1.0]",0.46852166193306377
8,16,9.108349800109863,0.4617875814437866,0.12169354548533384,5.046208661398637,"[0.0355280376970768, 1.0]",0.4992141721916259
8,17,9.61426067352295,0.5305939316749573,0.1266954946447214,5.343536720078559,"[0.022397790104150772, 1.0]",0.5299567886534394
8,18,10.149649620056152,0.6032572984695435,0.13005959973370906,5.640750541286628,"[0.01012652087956667, 1.0]",0.5607723239689929
8,19,10.714584350585938,0.6792113780975342,0.1318049023540926,5.937880281226424,"[0.0014774100854992867, 1.0]",0.5916551917953041
8,20,11.30914306640625,0.7577602863311768,0.13198479888572745,6.2348529680213405,"[-0.009875710122287273, 1.0]",0.6226155541764086
8,21,11.933473587036133,0.8376111388206482,0.13033949796427624,6.531677072050242,"[-0.019831400364637375, 1.0]",0.6537230674541089
8,22,12.587705612182617,0.9175283908843994,0.12683597639222288,6.828357642018648,"[-0.028703223913908005, 1.0]",0.6849596345355683
8,23,13.271964073181152,0.9961219429969788,0.12147037258598559,7.1248560809368335,"[-0.03724316880106926, 1.0]",0.7163203133627509
8,24,13.986434936523438,1.0707783699035645,0.11362563212099364,7.420031852833748,"[-0.05689806863665581, 1.0]",0.7478610066800371
8,25,14.731325149536133,1.1372733116149902,0.10200466238832373,7.714287606825034,"[-0.07419340312480927, 1.0]",0.779604507243408
8,26,15.506621360778809,1.1937545537948608,0.08741333593383427,8.010493582656952,"[-0.06988530606031418, 1.0]",0.811343432364632
8,27,16.31219482421875,1.2416510581970215,0.07256261758917049,8.30755397385061,"[-0.06047936901450157, 1.0]",0.8429574563222691
8,28,17.147674560546875,1.286446213722229,0.06141555737248083,8.604469526147062,"[-0.006270940415561199, 1.0]",0.8741998491957867
8,29,18.012521743774414,1.337422251701355,0.058665310914756574,8.900619747022542,"[0.016830790787935257, 1.0]",0.9048999720891405
8,30,18.9066219329834,1.3956228494644165,0.061239256108317264,9.19736819089892,"[0.020421642810106277, 1.0]",0.9354883460680296
8,31,19.830055236816406,1.4600253105163574,0.06571083673661526,9.494399653097782,"[0.01911640539765358, 1.0]",0.9661581022719479
8,32,20.782995223999023,1.528221845626831,0.06933273581912314,9.791421802347482,"[-0.0006658239290118217, 1.0]",0.9970013852931808
8,33,21.765609741210938,1.5979194641113281,0.07059986786578243,10.088520516078948,"[0.00553672481328249, 1.0]",1.0280128595342692
8,34,22.77749252319336,1.6741269826889038,0.07350830609225767,10.384370911391324,"[0.026744890958070755, 1.0]",1.0586124510836827
8,35,23.81835174560547,1.7598744630813599,0.0791342338950507,10.681555133396005,"[0.015886817127466202, 1.0]",1.0889262205123913
8,36,24.888614654541016,1.8423423767089844,0.07851025525164523,10.96299922159555,"[-0.06553509086370468, 1.0]",1.1195964054327268
8,37,25.98897933959961,1.9070775508880615,0.0659437301739425,11.260048496644606,"[-0.03853072598576546, 1.0]",1.1510349032934946
8,38,27.119579315185547,1.9585347175598145,0.051622714570095596,11.55215988434213,"[-0.06546395272016525, 1.0]",1.182584695065477
8,39,28.280168533325195,1.9953678846359253,0.03681940049283572,11.849663417860196,"[-0.01108067762106657, 1.0]",1.2139127035200192
8,40,29.470277786254883,2.036099672317505,0.03315089609125188,12.144138430240083,"[0.02568778768181801, 1.0]",1.2447578758657678
8,41,30.689638137817383,2.0855162143707275,0.037507428160457934,12.441255899714388,"[0.012992789037525654, 1.0]",1.2753460031112147
8,42,31.938613891601562,2.1376428604125977,0.04076953417969609,12.738287042555276,"[-0.0017202896997332573, 1.0]",1.3062980454756785
8,43,33.216922760009766,2.1958541870117188,0.04452991763888825,13.0317351004817,"[0.03674708679318428, 1.0]",1.3369516763603708
8,44,34.5224723815918,2.2586464881896973,0.047770452053296,13.272011115451384,"[-0.08364520221948624, 1.0]",1.3652736716015625
8,45,35.85361862182617,2.2837793827056885,0.026500583375160147,13.512483655310916,"[-0.1268673539161682, 1.0]",1.3919524166832742
8,46,37.210201263427734,2.2561521530151367,-0.011621236048778627,13.794961856463694,"[-0.11938753724098206, 1.0]",1.418659969955649
8,47,38.59381866455078,2.1858553886413574,-0.04654712900656843,14.092204514108044,"[-0.026226457208395004, 1.0]",1.447032321436533
8,48,40.00657653808594,2.1037750244140625,-0.060190503271043916,14.388759526050956,"[0.005779934115707874, 1.0]",1.4775072914023855
8,49,41.44755935668945,2.0276572704315186,-0.05641906769332827,14.634236499836067,"[0.08754102140665054, 1.0]",1.5068368828527778
8,50,42.91614532470703,1.990326166152954,-0.031012777210081666,14.9190806307208,"[0.08986545354127884, 1.0]",1.5357218308558218
8,51,44.41404342651367,1.9932870864868164,-0.00043169841270174203,15.215883341611208,"[0.057105015963315964, 1.0]",1.566369576843891
8,52,45.941200256347656,2.027754783630371,0.023178955705558835,15.51292209192929,"[0.03857945278286934, 1.0]",1.5969649792476661
8,53,47.49740982055664,2.084747314453125,0.038070020940737415,15.810467916056979,"[0.008098338730633259, 1.0]",1.6273566698312407
8,54,49.08244705200195,2.14227032661438,0.038482544593590795,16.086511098242084,"[-0.055398862808942795, 1.0]",1.657426531387402
8,55,50.69650650024414,2.1834943294525146,0.027016171362199692,16.383065332274917,"[0.0007648365572094917, 1.0]",1.6877832422374246
8,56,52.338478088378906,2.235548496246338,0.029832197898850055,16.642892854827174,"[0.06847839802503586, 1.0]",1.7168646059814878
8,57,54.00627899169922,2.324009656906128,0.0512802320539123,16.935208899214086,"[0.05668315663933754, 1.0]",1.7440093433667758
8,58,55.70180892944336,2.4389395713806152,0.06936509322636741,17.231174260498854,"[-0.004180560819804668, 1.0]",1.7730702219163854
8,59,57.42649459838867,2.561724901199341,0.07356103668184133,17.528154928753693,"[0.00423914659768343, 1.0]",1.8035623661247042
8,60,59.17914581298828,2.6829278469085693,0.06988680648391377,17.766950744029142,"[-0.07339883595705032, 1.0]",1.8326024929477405
8,61,60.95883560180664,2.7810964584350586,0.055055529215207955,18.05762702616134,"[0.010307212360203266, 1.0]",1.8609491104360854
8,62,62.76786804199219,2.878746747970581,0.051780107390519525,18.35378099041002,"[-0.012864972464740276, 1.0]",1.891624454642392
8,63,64.60724639892578,2.9610021114349365,0.044201816192590115,18.647871079995372,"[-0.030321892350912094, 1.0]",1.923293776793573
8,64,66.47469329833984,3.014118194580078,0.02722562898193459,18.849393921932872,"[-0.10038425773382187, 1.0]",1.9522691720627605
8,65,68.36481475830078,3.011596918106079,-0.004558799153997484,19.107242393894666,"[-0.0852421224117279, 1.0]",1.9761040507334635
8,66,70.2804946899414,2.947267532348633,-0.03940319938243064,19.401943506949497,"[-0.04765021428465843, 1.0]",2.002988677421898
8,67,72.22169494628906,2.846327304840088,-0.05750057741200987,19.624317619797527,"[0.06373658031225204, 1.0]",2.029509685636745
8,68,74.1868896484375,2.768071174621582,-0.04127686636735639,19.85913173113363,"[0.08602913469076157, 1.0]",2.054560794938539
8,69,76.17637634277344,2.7453603744506836,-0.006378537126849437,20.057511675738347,"[0.1116081103682518, 1.0]",2.07974549687676
8,70,78.18724822998047,2.7951228618621826,0.03347047542206116,20.32560260504695,"[0.06551186740398407, 1.0]",2.1023370989297425
8,71,80.22274017333984,2.9041593074798584,0.06346286246047939,20.61752333418486,"[0.007599477656185627, 1.0]",2.1282707983632068
8,72,82.28402709960938,3.033444404602051,0.06750780468214579,20.830998871519686,"[-0.07660416513681412, 1.0]",2.1550264211913697
8,73,84.36906433105469,3.12894606590271,0.043452535819896276,21.048123538956737,"[-0.09215659648180008, 1.0]",2.179753787370618
8,74,86.47957611083984,3.163247585296631,0.008673782512333972,21.33264040031797,"[-0.05816991254687309, 1.0]",2.206508661586587
8,75,88.61874389648438,3.142220973968506,-0.017710553881244984,21.62945355455453,"[-0.008144776336848736, 1.0]",2.2365003266400265
8,76,90.7871322631836,3.101781129837036,-0.022629279256566548,21.922717121468168,"[0.026773851364850998, 1.0]",2.2670405937458256
8,77,92.98506927490234,3.0745849609375,-0.010843726168530132,22.215768865480154,"[0.033550310879945755, 1.0]",2.2979079716134105
8,78,95.21250915527344,3.0790178775787354,0.006531535731474136,22.510013861597116,"[0.029212970286607742, 1.0]",2.3287349427482806
8,79,97.46116638183594,3.1155076026916504,0.020720724861361006,22.473614139215318,"[0.00734663475304842, 1.0]",2.3497884901889687
8,80,99.70721435546875,3.1635665893554688,0.02359707199670158,22.435232086371105,"[-0.018778104335069656, 1.0]",2.3470065180214825
8,81,101.94951629638672,3.1942226886749268,0.011822304711079923,22.390038497901045,"[-0.044630926102399826, 1.0]",2.3430571141585235
8,82,104.18760681152344,3.181795358657837,-0.011037471137833599,22.347495116861037,"[-0.04241965338587761, 1.0]",2.338654243162593
8,83,106.42101287841797,3.1288414001464844,-0.029673872972043824,22.310951588642194,"[-0.0009971065446734428, 1.0]",2.333805349043421
8,84,108.65033721923828,3.0710813999176025,-0.028108466883296046,22.264042111046507,"[0.04844216629862785, 1.0]",2.329512530320022
8,85,110.8755874633789,3.05186128616333,-0.0044811680082217364,22.214760157099473,"[0.06064879521727562, 1.0]",2.3252166648475727
8,86,113.10393524169922,3.0895326137542725,0.025004952106971956,22.50735449318734,"[0.03652942553162575, 1.0]",2.3296308735396556
8,87,115.35115051269531,3.170464277267456,0.04275665182705879,22.470401325708785,"[-0.004037010483443737, 1.0]",2.3483320769617833
8,88,117.5955810546875,3.254685163497925,0.03904567000608772,22.421842178226136,"[-0.054739709943532944, 1.0]",2.345328831794205
8,89,119.83629608154297,3.2944610118865967,0.012647485174841044,22.371050893907174,"[-0.06569559127092361, 1.0]",2.318630272336262
8,90,122.06723022460938,3.288414716720581,-0.010470617299810137,22.1114697027134,"[0.67138671875, 0.9468905329704285]",2.292899021249523
8,91,124.27616119384766,3.3037397861480713,0.0051795820040947405,21.981779339832297,"[0.7732025384902954, 0.8872887492179871]",2.2233747902192014
8,92,126.47016906738281,3.3721134662628174,0.03727972788725609,21.83392029733969,"[0.8283032178878784, 0.8575020432472229]",2.1461486920231962
8,93,128.6459197998047,3.5086891651153564,0.07151386475189803,21.671335624571622,"[0.8614989519119263, 0.8364853262901306]",2.346185781658729
8,94,130.79962158203125,3.7140860557556152,0.10525318628600289,21.493235757785232,"[0.8857384324073792, 0.8229683041572571]",2.239889229153143
8,95,132.92758178710938,3.9877421855926514,0.138281710125165,21.306077422686695,"[0.8989814519882202, 0.8157205581665039]",2.1300596833951184
8,96,135.02679443359375,4.328731536865234,0.1708444470896735,21.117119378436783,"[0.9050991535186768, 0.8135493397712708]",2.020666581407658
8,97,137.09495544433594,4.735671043395996,0.20327349336745915,20.927915306311725,"[0.9105925559997559, 0.8108028769493103]",1.9145325096404024
8,98,139.13002014160156,5.206995487213135,0.23586352773314,20.740783999781378,"[0.9129583835601807, 0.8093680739402771]",1.3755255496696959
8,99,141.13021850585938,5.741142272949219,0.2687551650922728,20.55635053183892,"[0.9119632840156555, 0.8088953495025635]",1.3044155976389593
8,100,143.09375,6.336728096008301,0.3019864886484456,20.37283487532422,"[0.9123186469078064, 0.8082857728004456]",1.2382362336978925
8,101,145.01866149902344,6.992404460906982,0.33557534158096036,20.188769342704813,"[0.9145077466964722, 0.8073126077651978]",1.1770374704868938
8,102,146.9028778076172,7.706783294677734,0.3695263844217269,20.004736736806677,"[0.9146795272827148, 0.8082416653633118]",1.120705815464904
8,103,148.7444305419922,8.478476524353027,0.40383935085463474,19.820660226147055,"[0.9145746231079102, 0.8079567551612854]",1.069116766412938
8,104,150.5413055419922,9.306031227111816,0.4385023898128333,19.63663866131693,"[0.9138808250427246, 0.8068302273750305]",1.0219808490934486
8,105,152.2915802001953,10.187914848327637,0.4735051815470994,19.452852788436264,"[0.9135973453521729, 0.806965172290802]",0.9790052242776999
8,106,153.99334716796875,11.122489929199219,0.5088331452504633,19.26912344004876,"[0.9141460657119751, 0.8067622184753418]",0.939840377134218
8,107,155.644775390625,12.108000755310059,0.5444705016934677,19.085417353609596,"[0.9150890111923218, 0.8066542744636536]",0.9041469780245558
8,108,157.24407958984375,13.142599105834961,0.580418582456657,18.902231940384027,"[0.9145451188087463, 0.806447446346283]",0.871602832510517
8,109,158.78956604003906,14.22437572479248,0.6166938325597631,18.719320891402237,"[0.9151090383529663, 0.8065201044082642]",0.8419224938684285
8,110,160.27955627441406,15.35132122039795,0.653301312008856,18.53663582567093,"[0.9159609079360962, 0.8067789673805237]",0.8148099046262796
8,111,161.7124481201172,16.521347045898438,0.690245215282653,18.35434787315947,"[0.9161733388900757, 0.8068316578865051]",0.7900137139399838
8,112,163.0867462158203,17.732301712036133,0.7275393908188228,18.17254680156123,"[0.9161187410354614, 0.8068562150001526]",-5.0
9,0,5.0067524909973145,0.0003529410168994218,0.00021904499965863522,0.28165304023500415,"[0.16203686594963074, 1.0]",0.008019929678371972
9,1,5.040500640869141,0.0021691336296498775,0.001437441198370415,0.5632321389562004,"[0.15655456483364105, 1.0]",0.03628269449712907
9,2,5.1023335456848145,0.0059932926669716835,0.0037497308148317643,0.8446104791078366,"[0.1593647450208664, 1.0]",0.06563365197165909
9,3,5.192206382751465,0.012176844291388988,0.007364173046287448,1.1258747153144573,"[0.16100984811782837, 1.0]",0.09493927328556545
9,4,5.31010103225708,0.020865779370069504,0.012344950075007688,1.4072137574129755,"[0.16108253598213196, 1.0]",0.12422711141397362
9,5,5.456001281738281,0.03230814263224602,0.018614963387435957,1.6885763032911065,"[0.16110342741012573, 1.0]",0.15349884284601115
9,6,5.629878044128418,0.04691099748015404,0.02610110921164832,1.9700545998368937,"[0.157924085855484, 1.0]",0.18274200808940275
9,7,5.8317084312438965,0.06503650546073914,0.03464732630776712,2.2517332482718264,"[0.1514279544353485, 1.0]",0.21196318673270173
9,8,6.061479091644287,0.08699479699134827,0.044017259129047304,2.533661460639813,"[0.14185836911201477, 1.0]",0.24117213697326978
9,9,6.3191752433776855,0.11308607459068298,0.05394525735675426,2.815749326055614,"[0.13180392980575562, 1.0]",0.2703670237006487
9,10,6.604767322540283,0.14367608726024628,0.06421267546539156,3.0979799054115595,"[0.12104738503694534, 1.0]",0.29953298873694967
9,11,6.9182281494140625,0.1790744811296463,0.07457650000548899,3.3803713162041733,"[0.10882627964019775, 1.0]",0.32867249779669805
9,12,7.259540557861328,0.21947035193443298,0.08475070747597258,3.6628842276958293,"[0.09568940848112106, 1.0]",0.3577953874718969
9,13,7.628694534301758,0.26496750116348267,0.09445486701405859,3.9454721289659442,"[0.08203855156898499, 1.0]",0.38690860102077645
9,14,8.025688171386719,0.31556957960128784,0.10342665725237232,4.228086975611206,"[0.0681871697306633, 1.0]",0.41602002847521136
9,15,8.450530052185059,0.371168851852417,0.11142839106362423,4.510686421089601,"[0.05441280081868172, 1.0]",0.44513996969324304
9,16,8.90324592590332,0.4315340220928192,0.11825180925057044,4.793236570251154,"[0.0409553237259388, 1.0]",0.4742854382843919
9,17,9.38387680053711,0.49630266427993774,0.12372447213262916,5.075710083044245,"[0.028026510030031204, 1.0]",0.5034715700074882
9,18,9.892480850219727,0.564978837966919,0.12770909375560535,5.35808557145683,"[0.015817973762750626, 1.0]",0.5327154347541729
9,19,10.429131507873535,0.636939287185669,0.1301113982169113,5.640349445571978,"[0.004510764963924885, 1.0]",0.5620322301588825
9,20,10.993882179260254,0.7117144465446472,0.13103524879906026,5.922569652101624,"[-0.0018190247938036919, 1.0]",0.591402234821176
9,21,11.586782455444336,0.7888422012329102,0.13067159415220964,6.204671417093211,"[-0.011234248988330364, 1.0]",0.6208212975610015
9,22,12.207965850830078,0.8671798706054688,0.1287843450457249,6.4866632697043,"[-0.019564922899007797, 1.0]",0.6503733800994116
9,23,12.857536315917969,0.9457187652587891,0.12537776253735,6.768588787687795,"[-0.026124443858861923, 1.0]",0.6800291146324857
9,24,13.535574913024902,1.023563265800476,0.12060750839279955,7.050487935410342,"[-0.03097553178668022, 1.0]",0.7097657928162802
9,25,14.242145538330078,1.0999213457107544,0.11469768761780497,7.332394141536653,"[-0.034110989421606064, 1.0]",0.7395663989420908
9,26,14.977286338806152,1.174108624458313,0.10791275210861073,7.614334928602925,"[-0.0356394462287426, 1.0]",0.7694053076547874
9,27,15.741024017333984,1.2455452680587769,0.1005336653602189,7.89632199203195,"[-0.03576860949397087, 1.0]",0.7992711274919758
9,28,16.533363342285156,1.3137744665145874,0.0928388608645978,8.1783633659432,"[-0.03476860746741295, 1.0]",0.8291419600979163
9,29,17.354293823242188,1.3784774541854858,0.08507601260312647,8.460449203013207,"[-0.032940011471509933, 1.0]",0.8590025023705907
9,30,18.20379638671875,1.4394646883010864,0.07745271398277431,8.742583155158206,"[-0.030567716807127, 1.0]",0.8888441876747745
9,31,19.081836700439453,1.49664306640625,0.07012968677532871,9.024747456163055,"[-0.02790212258696556, 1.0]",0.9186516772734369
9,32,19.988388061523438,1.5500062704086304,0.06321958269490047,9.30693081380729,"[-0.025142889469861984, 1.0]",0.9484325497461172
9,33,20.923410415649414,1.599617838859558,0.05678964655901275,9.589129550947588,"[-0.022434648126363754, 1.0]",0.9781734371052407
9,34,21.886871337890625,1.64559006690979,0.050873434197402645,9.871337172244758,"[-0.0198693685233593, 1.0]",1.0078819395163123
9,35,22.878740310668945,1.6880698204040527,0.045476271932247236,10.153552908517064,"[-0.01750132068991661, 1.0]",1.037559960866647
9,36,23.898988723754883,1.7272284030914307,0.040585243432262885,10.435770751058493,"[-0.015351737849414349, 1.0]",1.0672093814657007
9,37,24.94759178161621,1.7632523775100708,0.03617544814125484,10.717992718943155,"[-0.01342258881777525, 1.0]",1.0968340250965722
9,38,26.024551391601562,1.7936969995498657,0.030736074772822697,10.998762866117643,"[-0.031948547810316086, 1.0]",1.1264540428828809
9,39,27.12986946105957,1.8144235610961914,0.0224351348131,11.280618865423277,"[-0.028625335544347763, 1.0]",1.1560808543524126
9,40,28.263504028320312,1.8275599479675293,0.014427542047450004,11.56298894285203,"[-0.018777351826429367, 1.0]",1.1856680175035763
9,41,29.42542266845703,1.8360165357589722,0.008692557798018363,11.845360644982607,"[-0.008815641514956951, 1.0]",1.2152227630391406
9,42,30.615589141845703,1.8423807621002197,0.005637912027697922,12.127634106828829,"[-0.0018374575302004814, 1.0]",1.2447408268694016
9,43,31.833982467651367,1.8484386205673218,0.004686897202430984,12.409872158455807,"[0.0016433345153927803, 1.0]",1.2742377505187152
9,44,33.08059310913086,1.8550931215286255,0.004937633819061205,12.692116552190955,"[0.002482776530086994, 1.0]",1.3037251659643514
9,45,34.35542678833008,1.8625941276550293,0.005616473580922765,12.974367491694808,"[0.002057810313999653, 1.0]",1.3332183329118454
9,46,35.658485412597656,1.870912790298462,0.006272676473518146,13.256622183287927,"[0.0012891637161374092, 1.0]",1.3627134240923737
9,47,36.9897575378418,1.8798367977142334,0.0066959859287862855,13.538877655304992,"[0.00023489166051149368, 1.0]",1.392197074693013
9,48,38.34925842285156,1.8889787197113037,0.006781207083668583,13.821134339492353,"[-0.0007211221382021904, 1.0]",1.4216959895374812
9,49,39.73698806762695,1.89788818359375,0.006516222555205786,14.10338283315769,"[-0.001607532612979412, 1.0]",1.4511948675246003
9,50,41.15294647216797,1.9061450958251953,0.005946039765819755,14.385631086049846,"[-0.0020412905141711235, 1.0]",1.48069374442824
9,51,42.59713363647461,1.9135347604751587,0.00520967572441311,14.667878239304176,"[-0.0019660992547869682, 1.0]",1.5101926163835093
9,52,44.069549560546875,1.9200470447540283,0.004468651151098513,14.950127321733605,"[-0.0016248775646090508, 1.0]",1.5396914970200668
9,53,45.570194244384766,1.9258804321289062,0.003881690446844388,15.232381350089101,"[-0.0006871325895190239, 1.0]",1.5691903999132917
9,54,47.09906768798828,1.9314740896224976,0.0036127111767472186,15.514628922916579,"[0.00021824706345796585, 1.0]",1.5986892737566403
9,55,48.65616989135742,1.937147855758667,0.003602191690441181,15.79687967671833,"[0.00010989326983690262, 1.0]",1.6281881619143732
9,56,50.24150085449219,1.9427629709243774,0.0035432026722954646,16.07912888905614,"[-0.0007592244073748589, 1.0]",1.6576870431355182
9,57,51.85299301147461,1.958658218383789,0.009149423083021802,16.299776311936707,"[0.0840153694152832, 1.0]",1.6848411503861371
9,58,53.4871826171875,2.0189037322998047,0.03486796920408075,16.56831677225179,"[0.08216550201177597, 1.0]",1.7087470311880237
9,59,55.146156311035156,2.127028465270996,0.06592202541105863,16.849054075085327,"[0.05353570356965065, 1.0]",1.7347944371855402
9,60,56.83085632324219,2.2652177810668945,0.08485630181319515,17.12714382241747,"[-0.011705580167472363, 1.0]",1.7617721594079099
9,61,58.542850494384766,2.398549795150757,0.08065063781974136,17.37934394469185,"[-0.06637946516275406, 1.0]",1.7902012188936915
9,62,60.282875061035156,2.4934558868408203,0.0550121196894402,17.628379959438703,"[-0.0873294472694397, 1.0]",1.819352276467865
9,63,62.05088806152344,2.5378689765930176,0.022575483402547114,17.909278332726295,"[-0.049712639302015305, 1.0]",1.8486047529855496
9,64,63.847347259521484,2.5512144565582275,0.0031558458917437804,18.189880095380335,"[0.007108521647751331, 1.0]",1.8783136584272584
9,65,65.67186737060547,2.5619633197784424,0.0032216259706689954,18.469607703792885,"[0.025911841541528702, 1.0]",1.9076333457510524
9,66,67.52434539794922,2.583691120147705,0.011987154382556042,18.751430405761184,"[0.017340872436761856, 1.0]",1.9368594641696752
9,67,69.4047622680664,2.6200854778289795,0.020794627581611103,19.033056649874837,"[0.017006468027830124, 1.0]",1.9660656250416242
9,68,71.31307220458984,2.669771671295166,0.027459853999807216,19.315322356554592,"[0.0010325359180569649, 1.0]",1.9952288871279331
9,69,73.24952697753906,2.7180798053741455,0.02574464509974206,19.594064785068355,"[-0.0279984213411808, 1.0]",2.0246280644820263
9,70,75.21427917480469,2.746565341949463,0.013453890352916886,19.873024678598924,"[-0.033923711627721786, 1.0]",2.05418080831932
9,71,77.20721435546875,2.754361629486084,0.0014439659430411922,20.15508610848017,"[0.001126517541706562, 1.0]",2.0836330681522233
9,72,79.228271484375,2.7611632347106934,0.0018165421795428571,20.43499009200949,"[0.022842515259981155, 1.0]",2.1130145843202928
9,73,81.27729034423828,2.781888484954834,0.011087804882436103,20.716150494353762,"[0.020588595420122147, 1.0]",2.142241537087873
9,74,83.35425567626953,2.8156590461730957,0.018274078767905877,20.99789410862072,"[-0.006459648720920086, 1.0]",2.171455855520043
9,75,85.45940399169922,2.8466835021972656,0.01545685380876538,21.2785416666951,"[-0.01982804760336876, 1.0]",2.2009017529298154
9,76,87.59281158447266,2.8626956939697266,0.00589557286316289,21.55925535768941,"[-0.021856483072042465, 1.0]",2.23042424188304
9,77,89.75437927246094,2.859769582748413,-0.00397277055612566,21.841452734383978,"[-0.007943595759570599, 1.0]",2.259854225293009
9,78,91.94395446777344,2.8530306816101074,-0.004408197394353941,22.118199820810055,"[0.029805663973093033, 1.0]",2.289107094506145
9,79,94.16104125976562,2.87248158454895,0.011234145584335664,22.391179628193335,"[0.04673540219664574, 1.0]",2.3178471003190575
9,80,96.39653778076172,2.942603826522827,0.03773832422696799,22.333640743184144,"[0.1122976616024971, 1.0]",2.3359979043404224
9,81,98.6240463256836,3.084536552429199,0.0734510481288213,22.272233869983324,"[0.12399617582559586, 1.0]",2.3277335973368
9,82,100.83859252929688,3.3078300952911377,0.11624778053028528,22.206945725413526,"[0.13189712166786194, 1.0]",2.3144774593776423
9,83,103.04539489746094,3.6024951934814453,0.15379315873627775,22.437181612967137,"[0.0026380838826298714, 1.0]",2.307769685422415
9,84,105.26248168945312,3.931462049484253,0.1617315093135856,22.379992292423943,"[-0.10841534286737442, 1.0]",2.3177967573080953
9,85,107.47830963134766,4.233442306518555,0.13353302758544494,22.300888249126004,"[-0.1836385577917099, 1.0]",2.3161819390155984
9,86,109.6946792602539,4.465427398681641,0.09180795120662832,22.224755136749796,"[-0.16631704568862915, 1.0]",2.316381027021624
9,87,111.91110229492188,4.6107659339904785,0.04512273729753957,22.164712294554413,"[-0.11329828947782516, 1.0]",2.3161642399934634
9,88,114.13119506835938,4.687821388244629,0.006883738785636417,22.369872306007064,"[0.019933830946683884, 1.0]",2.431126591428628
9,89,116.36143493652344,4.740410327911377,0.003077815271804951,22.14822662441935,"[0.637067437171936, 0.9613991379737854]",2.426388280295429
9,90,118.57280731201172,4.814992904663086,0.03469766005236963,22.015366489275063,"[0.7836567759513855, 0.8816362619400024]",2.3548430018565214
9,91,120.76597595214844,4.952677249908447,0.07428528334028872,21.81893067541042,"[0.8529635667800903, 0.8477468490600586]",2.2691584276039
9,92,122.93321990966797,5.164618968963623,0.11340365764413551,21.613859642852287,"[0.8634206056594849, 0.840352475643158]",2.1694313880335887
9,93,125.04631042480469,5.4773688316345215,0.1732960200311453,20.412923833668163,"[0.8929522037506104, 0.8198018074035645]",-5.0
