trace_id,step,x,y,heading,speed,action,reward
0,0,5.006353378295898,6.9979166984558105,-0.0012721920527312136,0.2738379316999147,"[-0.9492835998535156, 1.0]",0.007585648988548054
0,1,5.036839962005615,6.986577987670898,-0.008431967485353908,0.5324417258828856,"[-1.0, 1.0]",0.03288257147618978
0,2,5.08991813659668,6.9624552726745605,-0.02201954852499277,0.7825645502760784,"[-1.0, 1.0]",0.05659971506730681
0,3,5.16375732421875,6.924357891082764,-0.04265891381505327,1.0237731051614327,"[-1.0, 1.0]",0.07844616659529675
0,4,5.25739049911499,6.872265338897705,-0.07058109258009715,1.2618506005875862,"[-1.0, 1.0]",0.09931150259888437
0,5,5.369957447052002,6.805493354797363,-0.10531883320687285,1.4958254616642475,"[-1.0, 1.0]",0.11929816251450083
0,6,5.500445365905762,6.722919464111328,-0.14634203348039954,1.7333520540979084,"[-0.9740132689476013, 1.0]",0.13828800309720035
0,7,5.649099826812744,6.624083995819092,-0.1926418879797538,1.983315158981442,"[-0.916799008846283, 1.0]",0.15757937912239892
0,8,5.817441940307617,6.508978843688965,-0.24265658588366001,2.2509488536057867,"[-0.8318799138069153, 1.0]",0.17847138333609908
0,9,6.00800085067749,6.378129959106445,-0.29420033772743537,2.539471946237995,"[-0.715606689453125, 1.0]",0.20198653412794404
0,10,6.223905086517334,6.232680797576904,-0.34426909780146975,2.844650227214572,"[-0.5752002000808716, 1.0]",0.22870516186230933
0,11,6.467719078063965,6.073999881744385,-0.3896026242992887,3.156409883570384,"[-0.4317542314529419, 1.0]",0.25801783602269757
0,12,6.74049711227417,5.902946949005127,-0.4277998111820773,3.4667568607231667,"[-0.306054949760437, 1.0]",0.2883784400834593
0,13,7.042006492614746,5.719623565673828,-0.4579240246944547,3.772955049244047,"[-0.20530299842357635, 1.0]",0.3184876780621744
0,14,7.3716278076171875,5.523861408233643,-0.4801680776993411,4.075301598156357,"[-0.12702640891075134, 1.0]",0.347960172194145
0,15,7.728985786437988,5.315781593322754,-0.4952144052260703,4.3748638871335555,"[-0.06636440753936768, 1.0]",0.3770448663129018
0,16,8.114115715026855,5.096006393432617,-0.5038387861001841,4.672564566146349,"[-0.01860908791422844, 1.0]",0.40615646913652576
0,17,8.527857780456543,4.866572380065918,-0.5061296372698694,4.967468537237899,"[0.03754343464970589, 1.0]",0.43609567384725806
0,18,8.971489906311035,4.630376815795898,-0.5017988047051833,5.2619613509975585,"[0.0694984570145607, 1.0]",0.4673109519339812
0,19,9.445612907409668,4.389050006866455,-0.49196521553811934,5.555313575465189,"[0.09978356957435608, 1.0]",0.49912191218822616
0,20,9.951408386230469,4.145710468292236,-0.4767224798809959,5.846875702091575,"[0.1300068497657776, 1.0]",0.5321064194802129
0,21,10.490194320678711,3.904308557510376,-0.4558679311748586,6.136715819602249,"[0.15729062259197235, 1.0]",0.5664011556364523
0,22,11.062821388244629,3.6758453845977783,-0.42617341870436576,6.334971402482669,"[0.3258707523345947, 1.0]",0.60113443887709
0,23,11.67178726196289,3.4846577644348145,-0.37761480412646087,6.590465596951987,"[0.3427014946937561, 1.0]",0.6386229689045456
0,24,12.317626953125,3.3272511959075928,-0.3190923718041878,6.875033369962839,"[0.32117050886154175, 1.0]",0.6767773413269421
0,25,12.99885082244873,3.1958673000335693,-0.2609089598886811,7.178667752088051,"[0.25935742259025574, 1.0]",0.7135278742081267
0,26,13.713996887207031,3.081651449203491,-0.21066243381188343,7.486698516146302,"[0.1861741989850998, 1.0]",0.7488362080809592
0,27,14.461709022521973,2.977886438369751,-0.1719531210514731,7.791851611631995,"[0.12153715640306473, 1.0]",0.7827754675672853
0,28,15.240859985351562,2.880108118057251,-0.1447694368567074,8.093303687420953,"[0.0743211954832077, 1.0]",0.8155708294229841
0,29,16.050729751586914,2.785869598388672,-0.12685408588763547,8.392466398110077,"[0.045629311352968216, 1.0]",0.847635865026847
0,30,16.890962600708008,2.694214105606079,-0.11509889283602526,8.690557577901158,"[0.0318974144756794, 1.0]",0.879340358221649
0,31,17.761432647705078,2.6052160263061523,-0.10658476683104201,8.988135981095802,"[0.02805091068148613, 1.0]",0.9109166589120015
0,32,18.662139892578125,2.5196990966796875,-0.09911992629555044,9.285383811175102,"[0.029492046684026718, 1.0]",0.9424914720233348
0,33,19.59311294555664,2.438901901245117,-0.09136253751431322,9.58239584716761,"[0.0328039713203907, 1.0]",0.9740938342907699
0,34,20.554384231567383,2.3641908168792725,-0.08271551977093416,9.87928602385566,"[0.03573065623641014, 1.0]",1.0057280731180926
0,35,21.54595947265625,2.2967960834503174,-0.07315583672198578,10.176192437623104,"[0.036962445825338364, 1.0]",1.037368107058171
0,36,22.567798614501953,2.2375128269195557,-0.06304075142770138,10.473231949700617,"[0.03596969321370125, 1.0]",1.0689686856193559
0,37,23.61983299255371,2.1865570545196533,-0.05292500034314429,10.77045261759366,"[0.032870057970285416, 1.0]",1.1005014148309293
0,38,24.701974868774414,2.143613338470459,-0.043399405756149534,11.06782664452982,"[0.028249386698007584, 1.0]",1.1319470961210873
0,39,25.814138412475586,2.107945442199707,-0.03494213824043868,11.365304698710858,"[0.022931624203920364, 1.0]",1.1633074148453708
0,40,26.956241607666016,2.0785183906555176,-0.027833894974908624,11.662829093012554,"[0.01773357018828392, 1.0]",1.1945859261089862
0,41,28.128223419189453,2.0542142391204834,-0.022130735500503818,11.960360409555738,"[0.013283957727253437, 1.0]",1.2258034333664383
0,42,29.330041885375977,2.0340323448181152,-0.01769484123081355,12.257875940803299,"[0.009924155659973621, 1.0]",1.2569789079201383
0,43,30.561664581298828,2.017202138900757,-0.014262159743755554,12.555378503035172,"[0.007697251625359058, 1.0]",1.2881218991865098
0,44,31.823070526123047,2.0032126903533936,-0.011523764352881827,12.852874211537442,"[0.006414708681404591, 1.0]",1.3192438787761374
0,45,33.1142578125,1.9917851686477661,-0.009203218937041235,13.150368764582197,"[0.005757738836109638, 1.0]",1.350363945817573
0,46,34.435211181640625,1.9828064441680908,-0.007103449575568632,13.447856172150168,"[0.0053856270387768745, 1.0]",1.3814687219153008
0,47,35.78593444824219,1.9762346744537354,-0.005127783520893381,13.745349190091323,"[0.005017225630581379, 1.0]",1.4125773379569735
0,48,37.16641616821289,1.972005009651184,-0.0032710276088891987,14.042845184036244,"[0.0044834064319729805, 1.0]",1.4436745232988661
0,49,38.57665252685547,1.9699623584747314,-0.0015884424321779278,14.340346886558539,"[0.003742118366062641, 1.0]",1.4747679196320915
0,50,40.01664352416992,1.9698406457901,-0.00015486281738841257,14.637852273649065,"[0.002858971245586872, 1.0]",1.5058613325458738
0,51,41.48637390136719,1.9712847471237183,0.0009699232690065784,14.935360728036272,"[0.0019627558067440987, 1.0]",1.5369395004734288
0,52,42.98585510253906,1.9739048480987549,0.0017724668635024088,15.23286986345961,"[0.0011927532032132149, 1.0]",1.5680291155574433
0,53,44.51509094238281,1.9773422479629517,0.002287655376377984,15.530377296514517,"[0.0006483467295765877, 1.0]",1.5991225376780653
0,54,46.07407760620117,1.9813251495361328,0.0025908562664831436,15.827885153358588,"[0.0003611641004681587, 1.0]",1.630212147008473
0,55,47.662803649902344,1.9856969118118286,0.0027744812236445426,16.125400486277545,"[0.000292469747364521, 1.0]",1.6612903458894208
0,56,49.28128433227539,1.9904100894927979,0.0029218871899807652,16.422917934196924,"[0.00035216379910707474, 1.0]",1.692383813076933
0,57,50.92951965332031,1.9951826333999634,0.0029154956033643487,16.72042973557895,"[-0.001081111840903759, 1.0]",1.7234772548550272
0,58,52.604278564453125,2.010061502456665,0.008394683230092959,16.895600155840246,"[0.12485948950052261, 1.0]",1.7507891118340937
0,59,54.296810150146484,2.0715491771698,0.035048531525987414,17.107698754231166,"[0.11954764276742935, 1.0]",1.7695162300873997
0,60,56.009307861328125,2.1934456825256348,0.07258272445540115,17.398253138080175,"[0.07534477859735489, 1.0]",1.7907898503030015
0,61,57.746891021728516,2.3627116680145264,0.10098893274856735,17.696182303393552,"[0.009666216559708118, 1.0]",1.8172159807656616
0,62,59.511497497558594,2.5425517559051514,0.10537356116727459,17.942013484343434,"[-0.06713994592428207, 1.0]",1.8453455365096236
0,63,61.302467346191406,2.6894032955169678,0.08287384469773951,18.1101100812752,"[-0.1463639885187149, 1.0]",1.872465343998551
0,64,63.1148681640625,2.7762999534606934,0.04521954320316368,18.28705983714049,"[-0.14389389753341675, 1.0]",1.894692587138226
0,65,64.94922637939453,2.7907726764678955,0.0018648785533281753,18.55140273274836,"[-0.08308374881744385, 1.0]",1.917839527629399
0,66,66.80854797363281,2.7518386840820312,-0.029727535668009786,18.816884083789915,"[0.026539970189332962, 1.0]",1.9439975726153358
0,67,68.6943359375,2.7150962352752686,-0.024690965414452037,19.06904735895603,"[0.07376755028963089, 1.0]",1.9715986769824896
0,68,70.6065444946289,2.7190797328948975,0.0039456063130067776,19.338240464274552,"[0.07732094079256058, 1.0]",1.9992306392181418
0,69,72.54502868652344,2.784398317337036,0.03934287878374043,19.623793505509664,"[0.06625483930110931, 1.0]",2.0267912626693247
0,70,74.50988006591797,2.902442455291748,0.06627928847129283,19.921363361541072,"[0.005843629129230976, 1.0]",2.054497514521466
0,71,76.50177764892578,3.032667398452759,0.06901994754909335,20.158999204210144,"[-0.06654123216867447, 1.0]",2.0826130794267583
0,72,78.51908111572266,3.1271557807922363,0.045034320349349066,20.36050343473268,"[-0.10458499938249588, 1.0]",2.108925732253172
0,73,80.5610122680664,3.164431571960449,0.011922572726120961,20.653857135178885,"[-0.04811660572886467, 1.0]",2.134873509452055
0,74,82.6323471069336,3.1579737663269043,-0.009590708875648168,20.951055163189615,"[0.0007974850013852119, 1.0]",2.165614587101541
0,75,84.73109436035156,3.1450912952423096,-0.008686033053347586,21.16822302255476,"[0.07442150264978409, 1.0]",2.1940042570194653
0,76,86.85405731201172,3.1609835624694824,0.010061023124155355,21.465486967642317,"[0.02111782506108284, 1.0]",2.2195576430145465
0,77,89.0033187866211,3.188366651535034,0.016282833220853554,21.643704103190824,"[-0.09763162583112717, 1.0]",2.246658143073734
0,78,91.17180633544922,3.180438756942749,-0.005473062356221803,21.85281787914169,"[-0.09204399585723877, 1.0]",2.2668252292842626
0,79,93.3621826171875,3.1139636039733887,-0.03815377735701997,22.143056651804276,"[-0.0494312159717083, 1.0]",2.2900200366714003
0,80,95.57735443115234,3.0019359588623047,-0.05776649404685408,22.367627384187365,"[0.05733111873269081, 1.0]",2.315826137193687
0,81,97.80982971191406,2.90964674949646,-0.0415321303578402,22.312333364200253,"[0.10287754237651825, 1.0]",2.33288078090062
0,82,100.03958892822266,2.8766651153564453,-0.006512227813570526,22.25592191180325,"[0.09931404143571854, 1.0]",2.3299108649117084
0,83,102.2643814086914,2.9100327491760254,0.029480527476904328,22.221756434393296,"[0.016402598470449448, 1.0]",2.32479038442352
0,84,104.4922103881836,2.9757730960845947,0.04062519084861371,22.504072215265506,"[-0.03941004350781441, 1.0]",2.3290973044608823
0,85,106.73961639404297,3.028324604034424,0.022661902979920434,22.453682920224775,"[-0.0852699801325798, 1.0]",2.3484475790003865
0,86,108.98430633544922,3.03532338142395,-0.003998603218699159,22.416680927462945,"[-0.022455092519521713, 1.0]",2.345565005579833
0,87,111.22456359863281,2.9971389770507812,-0.024435834582021698,22.369873252836754,"[-0.04683954641222954, 1.0]",2.380560107239745
0,88,113.45146179199219,2.898162841796875,-0.05075412458056672,22.0341116951643,"[-0.9272323250770569, 1.0]",2.240989335924471
0,89,115.64524841308594,2.735795736312866,-0.0809316013147452,21.83403791644677,"[-1.0, 0.9691142439842224]",2.0308568570906793
0,90,117.81289672851562,2.5088937282562256,-0.11228739367322937,21.64527899433279,"[-1.0, 0.942741334438324]",2.257072562772962
0,91,119.95398712158203,2.21797776222229,-0.14271121280823973,21.46294117758605,"[-1.0, 0.923615574836731]",1.9936948941437629
0,92,122.06719970703125,1.8646209239959717,-0.17220878451612087,21.27989433586259,"[-1.0, 0.9079539179801941]",1.756862835057659
0,93,124.15069580078125,1.4510120153427124,-0.20192020805953526,21.09210310725447,"[-1.0, 0.8880603909492493]",1.5515584887972727
0,94,126.20226287841797,0.9783198833465576,-0.23228104343476552,20.90150677580146,"[-1.0, 0.8786777853965759]",1.3779901119698668
0,95,128.21974182128906,0.44721782207489014,-0.2632394921586094,20.70930639590988,"[-1.0, 0.8725214600563049]",1.2333318558782855
0,96,130.2011260986328,-0.14153406023979187,-0.29459927925872886,20.516909040546256,"[-1.0, 0.8673714995384216]",1.1133682901965927
0,97,132.14453125,-0.7868490219116211,-0.3262179256168043,20.324484725158726,"[-1.0, 0.8623783588409424]",1.0137472571118509
0,98,134.0482177734375,-1.4874330759048462,-0.358082648059602,20.131505942777036,"[-1.0, 0.8574272990226746]",0.930694985172029
0,99,135.91036987304688,-2.2419381141662598,-0.3902355245323461,19.938310251373004,"[-1.0, 0.8553892970085144]",0.8610969190972914
0,100,137.729248046875,-3.0489842891693115,-0.42270078980095693,19.745317522908326,"[-1.0, 0.8556424975395203]",-5.0
1,0,5.006125450134277,6.9979939460754395,-0.0012247877853273081,0.264013892219074,"[-0.9492835998535156, 1.0]",0.0073135126492631765
1,1,5.035531997680664,6.987091541290283,-0.008112521312598986,0.5134084980385173,"[-1.0, 1.0]",0.031716885787560045
1,2,5.086742401123047,6.963902950286865,-0.0211838485749265,0.7543981979822185,"[-1.0, 1.0]",0.0546051953333028
1,3,5.157958984375,6.927255153656006,-0.04106913980232996,0.986739656694332,"[-1.0, 1.0]",0.07565691170707761
1,4,5.2482757568359375,6.8771748542785645,-0.0679940978971949,1.2161983156035365,"[-1.0, 1.0]",0.09578966488115341
1,5,5.356930732727051,6.813086986541748,-0.1014916044043197,1.4417754344341194,"[-1.0, 1.0]",0.11514296534606681
1,6,5.482903480529785,6.733893394470215,-0.14108455401441944,1.669199489112932,"[-0.9788551926612854, 1.0]",0.13348414550374257
1,7,5.626225471496582,6.639061450958252,-0.18589929673189154,1.9078765046337574,"[-0.9256925582885742, 1.0]",0.15190743523764877
1,8,5.788249492645264,6.528571605682373,-0.23450957663494432,2.16258052762857,"[-0.8467705249786377, 1.0]",0.1717556335230102
1,9,5.971232891082764,6.402823448181152,-0.2849664924378583,2.437048661830873,"[-0.7378768920898438, 1.0]",0.19395011741573892
1,10,6.178114414215088,6.2627997398376465,-0.33454576350353626,2.7287171701115884,"[-0.6034556031227112, 1.0]",0.21916075039782637
1,11,6.411524772644043,6.109802722930908,-0.380134953466003,3.0286792943927683,"[-0.46147555112838745, 1.0]",0.24703941525372253
1,12,6.672782897949219,5.944796562194824,-0.4192179077273517,3.328539787996468,"[-0.33310699462890625, 1.0]",0.2762365543511599
1,13,6.961874008178711,5.768021583557129,-0.45061085118304245,3.624709547372782,"[-0.22831857204437256, 1.0]",0.3054023031926697
1,14,7.278220176696777,5.579318046569824,-0.47430725908840365,3.917020858558803,"[-0.14631715416908264, 1.0]",0.333972762381581
1,15,7.621369361877441,5.378683567047119,-0.49089782057321596,4.206421956600007,"[-0.08270144462585449, 1.0]",0.3620780839853641
1,16,7.991250038146973,5.166577339172363,-0.5011178344144493,4.493835791143947,"[-0.03231647238135338, 1.0]",0.390102937329679
1,17,8.38863754272461,4.944929122924805,-0.5049949974874419,4.778359424980935,"[0.027799289673566818, 1.0]",0.41889012199005093
1,18,8.81478214263916,4.716579437255859,-0.5021490103885284,5.062282508120611,"[0.06261720508337021, 1.0]",0.44892487120109353
1,19,9.270255088806152,4.483121871948242,-0.4936251638455662,5.344807243607259,"[0.09674424678087234, 1.0]",0.47952457876322485
1,20,9.75627326965332,4.247768878936768,-0.47937978201667697,5.625197357852621,"[0.1313897669315338, 1.0]",0.5113315689575048
1,21,10.27415943145752,4.01450252532959,-0.4591514756408719,5.90386294198741,"[0.16143950819969177, 1.0]",0.5444535450431426
1,22,10.824789047241211,3.7941808700561523,-0.4297959835771463,6.094260976596928,"[0.33407461643218994, 1.0]",0.5780537901783775
1,23,11.410696983337402,3.610520362854004,-0.3815311156674772,6.340141470633546,"[0.35172492265701294, 1.0]",0.6144385727140423
1,24,12.031923294067383,3.4579126834869385,-0.32423520218523905,6.620007291755568,"[0.31532594561576843, 1.0]",0.6510163435428805
1,25,12.687108993530273,3.3277382850646973,-0.2682389113149606,6.9114085603843325,"[0.2635684311389923, 1.0]",0.6862870379846201
1,26,13.374738693237305,3.211982250213623,-0.22010946514672192,7.2102684850004355,"[0.17241433262825012, 1.0]",0.7200759078895332
1,27,14.093542098999023,3.1033802032470703,-0.18391084750398345,7.502960715423712,"[0.12735363841056824, 1.0]",0.7525667289811254
1,28,14.842798233032227,3.001451015472412,-0.15706258844851284,7.793479632605728,"[0.08158936351537704, 1.0]",0.7843267923799289
1,29,15.621810913085938,2.90356707572937,-0.13831113805521067,8.08191643013193,"[0.055426064878702164, 1.0]",0.8153813039893046
1,30,16.430274963378906,2.809231996536255,-0.12496550520060534,8.369309529617995,"[0.04156121984124184, 1.0]",0.8461259431762498
1,31,17.268123626708984,2.719404697418213,-0.11411458849713263,8.655534748956143,"[0.045497093349695206, 1.0]",0.8767985697003807
1,32,18.135351181030273,2.6353394985198975,-0.10375635659532367,8.942359602035484,"[0.03651028499007225, 1.0]",0.9074681725304488
1,33,19.031850814819336,2.5566184520721436,-0.09401145069256067,9.228391705677605,"[0.04187582805752754, 1.0]",0.9380273964646118
1,34,19.957740783691406,2.487316608428955,-0.08242230573491671,9.512369194381582,"[0.05991144850850105, 1.0]",0.9686956302467874
1,35,20.913021087646484,2.434964656829834,-0.06573919940222428,9.791560832309518,"[0.09090493619441986, 1.0]",0.9993423277004709
1,36,21.89737892150879,2.4060277938842773,-0.043140679656247904,10.074302260963465,"[0.09191159158945084, 1.0]",1.0296921940366404
1,37,22.910524368286133,2.39332914352417,-0.022621556089405637,10.36270801064762,"[0.028895985335111618, 1.0]",1.059777632825258
1,38,23.95248031616211,2.382943868637085,-0.012539493992638207,10.649726034046179,"[0.007710267789661884, 1.0]",1.0898797150291843
1,39,25.023149490356445,2.3753275871276855,-0.007603990702448549,10.936205758519135,"[0.016763251274824142, 1.0]",1.119882100107672
1,40,26.122325897216797,2.378763437271118,9.321063814127228e-07,11.218195364996909,"[0.05217758193612099, 1.0]",1.1496582860028377
1,41,27.249717712402344,2.3987724781036377,0.012480638132547739,11.504957954531793,"[0.03425658121705055, 1.0]",1.17916412598094
1,42,28.40561294555664,2.4242491722106934,0.020292355400021833,11.790401181767727,"[-0.010718653909862041, 1.0]",1.2089520384722516
1,43,29.59014320373535,2.441805839538574,0.01763745010932194,12.073887506893453,"[-0.037638794630765915, 1.0]",1.2388627519597315
1,44,30.80150604248047,2.43750262260437,0.003066363679117501,12.311239498087561,"[-0.11788540333509445, 1.0]",1.2667634164865111
1,45,32.03654479980469,2.3855276107788086,-0.029986794400128858,12.575049541372428,"[-0.13307234644889832, 1.0]",1.2916264802603947
1,46,33.29647445678711,2.2912449836730957,-0.06580311526838578,12.866123220754856,"[-0.05323415622115135, 1.0]",1.3178272114758187
1,47,34.58372116088867,2.1852145195007324,-0.08224853447378955,13.137236316199534,"[0.03464432433247566, 1.0]",1.3463642675244605
1,48,35.89963912963867,2.095998764038086,-0.07395318715235621,13.409450440886467,"[0.07569753378629684, 1.0]",1.376260495733989
1,49,37.24485778808594,2.0340893268585205,-0.052364538091737245,13.693682448429216,"[0.06185019388794899, 1.0]",1.4068402294651972
1,50,38.617881774902344,2.0050346851348877,-0.025912157932307167,13.924229376451462,"[0.12236814945936203, 1.0]",1.435683019010438
1,51,40.01612854003906,2.022881031036377,0.007763380893690552,14.212200788617915,"[0.0626540556550026, 1.0]",1.4622016686854993
1,52,41.44245529174805,2.0671401023864746,0.030719030541845882,14.500352641499493,"[0.02171171084046364, 1.0]",1.4915783385957322
1,53,42.89705276489258,2.125645399093628,0.04163599364035342,14.787340879933302,"[0.00818385649472475, 1.0]",1.5211405071042312
1,54,44.3801155090332,2.189568519592285,0.0445891729731418,15.073179800373085,"[-0.013808648101985455, 1.0]",1.5508920532423038
1,55,45.891693115234375,2.2412307262420654,0.03641579842963427,15.3452405804827,"[-0.06259237974882126, 1.0]",1.580631188813344
1,56,47.431583404541016,2.2585349082946777,0.013824069744437395,15.622613996461773,"[-0.07365892082452774, 1.0]",1.6101920522907185
1,57,48.999488830566406,2.238396406173706,-0.012264123135923732,15.909136302958997,"[-0.044748704880476, 1.0]",1.6394965393887062
1,58,50.59556198120117,2.1952033042907715,-0.028804750350296615,16.19596569682728,"[-0.0022636307403445244, 1.0]",1.6689549962704884
1,59,52.216583251953125,2.1542773246765137,-0.027910061382084628,16.330721855772875,"[0.17300687730312347, 1.0]",1.6945095191029311
1,60,53.852691650390625,2.1554276943206787,-0.002228533200177907,16.488295010956403,"[0.16556918621063232, 1.0]",1.7103057259868037
1,61,55.50422286987305,2.2205159664154053,0.03894460304271874,16.687698788562496,"[0.13831138610839844, 1.0]",1.726625864030953
1,62,57.17364501953125,2.3535704612731934,0.08215172856816455,16.9700710678632,"[0.0668473094701767, 1.0]",1.7457874694635875
1,63,58.86634063720703,2.5266377925872803,0.10691619722870271,17.22989457698328,"[-0.03310633823275566, 1.0]",1.770230143272206
1,64,60.5848274230957,2.6897568702697754,0.09888183969409692,17.42222471760044,"[-0.1093372330069542, 1.0]",1.796886797117874
1,65,62.326377868652344,2.807375907897949,0.06776213656624819,17.600904600865228,"[-0.13901719450950623, 1.0]",1.820754516260534
1,66,64.09107208251953,2.858283281326294,0.02602560859474501,17.853716614019703,"[-0.09587497264146805, 1.0]",1.8450359386302762
1,67,65.8822021484375,2.8472740650177,-0.012017114944819163,18.13813971615125,"[-0.039157625287771225, 1.0]",1.8727516946406495
1,68,67.7011489868164,2.803615093231201,-0.029682927719751007,18.422793013541085,"[0.013190594501793385, 1.0]",1.901849406939841
1,69,69.54850006103516,2.758997917175293,-0.026504977590959378,18.70553966194132,"[0.033850450068712234, 1.0]",1.9315260026974859
1,70,71.42456817626953,2.7320070266723633,-0.013546967833015344,18.990843275545892,"[0.02769918367266655, 1.0]",1.9615269099743315
1,71,73.32937622070312,2.7266619205474854,-0.0006275739108776435,19.277025515571054,"[0.01970420405268669, 1.0]",1.9915546592536635
1,72,75.26277923583984,2.738189458847046,0.00814820767120672,19.56382682214892,"[0.003468346782028675, 1.0]",2.0214402358363888
1,73,77.22480010986328,2.75475811958313,0.009669272127805328,19.849863278010016,"[-0.011791492812335491, 1.0]",2.0513452587744827
1,74,79.21546173095703,2.7639079093933105,0.004275971446231708,20.135352971435136,"[-0.019320596009492874, 1.0]",2.0812707094652083
1,75,81.23473358154297,2.7592883110046387,-0.003700994966883364,20.42198480803276,"[-0.010184834711253643, 1.0]",2.111170782222085
1,76,83.2826156616211,2.746100425720215,-0.007880426823598796,20.708546850314814,"[0.004500088281929493, 1.0]",2.1410705409045416
1,77,85.3591537475586,2.7343685626983643,-0.00596348347096054,20.994717598302515,"[0.012095090933144093, 1.0]",2.1710143151298613
1,78,87.46434783935547,2.731518030166626,-0.00036152411797818473,21.281047977962427,"[0.011876647360622883, 1.0]",2.200958807697706
1,79,89.59817504882812,2.7403340339660645,0.005634849392444075,21.567618422054345,"[0.008386393077671528, 1.0]",2.2308814923719007
1,80,91.76060485839844,2.7584025859832764,0.009644637887721963,21.854351381871464,"[0.0007608877494931221, 1.0]",2.2607743907887343
1,81,93.95166778564453,2.7788097858428955,0.009784720161060356,22.140826526054838,"[-0.007177199237048626, 1.0]",2.2906966466133407
1,82,96.17142486572266,2.7934627532958984,0.005923269738500103,22.427026685683323,"[-0.011703046970069408, 1.0]",2.3206787001637
1,83,98.412109375,2.797222852706909,0.00022011026409529677,22.3904868196039,"[-0.008150572888553143, 1.0]",2.341441699965561
1,84,100.65042114257812,2.7914490699768066,-0.003988483206557092,22.35411729960463,"[-0.002271297387778759, 1.0]",2.338905295426346
1,85,102.88507843017578,2.7808878421783447,-0.005480119733110911,22.31774457794047,"[0.0014607282355427742, 1.0]",2.3350871381983884
1,86,105.11610412597656,2.7697513103485107,-0.0050947603233755245,22.28137411587688,"[0.0019471915438771248, 1.0]",2.4518524674864124
1,87,107.33735656738281,2.749534845352173,-0.009704692170303453,21.99321288467067,"[-0.8050681352615356, 1.0]",2.3731251493269867
1,88,109.53235626220703,2.6854093074798584,-0.032208536539527266,21.804740102230713,"[-1.0, 0.9955471158027649]",2.185279765108675
1,89,111.70551300048828,2.564155101776123,-0.06177841307100351,21.61403882027464,"[-1.0, 0.959538996219635]",1.9623339411404752
1,90,113.85520935058594,2.379491090774536,-0.09220862379263117,21.43004827820442,"[-1.0, 0.9349221587181091]",2.1617046713383603
1,91,115.98004150390625,2.131917715072632,-0.12233283730500766,21.243844666174688,"[-1.0, 0.9157363176345825]",1.8988983377849598
1,92,118.07783508300781,1.8225798606872559,-0.15250259087202522,21.0526298516825,"[-1.0, 0.898233950138092]",1.6683917685114862
1,93,120.14625549316406,1.4523494243621826,-0.18304665173025292,20.858151544267386,"[-1.0, 0.883844792842865]",1.4727532924462015
1,94,122.18309783935547,1.022028923034668,-0.21402800363947172,20.661685397566146,"[-1.0, 0.8764446377754211]",1.3096517127981882
1,95,124.18626403808594,0.5324313640594482,-0.24542361025625237,20.464099132732816,"[-1.0, 0.8700569272041321]",1.174739158100555
1,96,126.15377044677734,-0.015460468828678131,-0.27716090044089015,20.266524883587504,"[-1.0, 0.865178644657135]",1.0632638978394793
1,97,128.08377075195312,-0.6204644441604614,-0.30917981991080357,20.068799407677655,"[-1.0, 0.8610066771507263]",0.9708815219969119
1,98,129.9744110107422,-1.2813081741333008,-0.3414852955140102,19.87069761843296,"[-1.0, 0.8574000000953674]",0.89393964192454
1,99,131.8238983154297,-1.9966654777526855,-0.37410462465168237,19.67257136526522,"[-1.0, 0.856112539768219]",0.8294987106350304
1,100,133.6304473876953,-2.7651584148406982,-0.40705418576452423,19.47467154712612,"[-1.0, 0.8562900424003601]",-5.0
2,0,5.006512641906738,6.997872829437256,-0.0012989568216861258,0.28061318605913943,"[-0.9452800154685974, 1.0]",0.007775401244004409
2,1,5.037744998931885,6.986265659332275,-0.008624913506331211,0.5452079136251287,"[-1.0, 1.0]",0.033685792636459565
2,2,5.092080116271973,6.96152925491333,-0.02255524337826209,0.8013944770219221,"[-1.0, 1.0]",0.05794139248668654
2,3,5.167673110961914,6.922464847564697,-0.04369714716601969,1.0485117659513077,"[-1.0, 1.0]",0.08031129763672229
2,4,5.263518810272217,6.86902379989624,-0.07228484988747574,1.2923358756693735,"[-1.0, 1.0]",0.10166121075081491
2,5,5.378691673278809,6.800449848175049,-0.10785083361326553,1.531909420431172,"[-1.0, 1.0]",0.12206645539853207
2,6,5.5121870040893555,6.715606212615967,-0.14982544818622223,1.7762553838579314,"[-0.9707087278366089, 1.0]",0.14148848003790757
2,7,5.664407253265381,6.614088535308838,-0.1971060117569987,2.033867623304591,"[-0.9106839895248413, 1.0]",0.16137265348089605
2,8,5.836996078491211,6.495904445648193,-0.24802911390873117,2.310260974694233,"[-0.8216463327407837, 1.0]",0.18298499961195414
2,9,6.0326619148254395,6.361666679382324,-0.3002439823472063,2.6081750787952442,"[-0.7004975080490112, 1.0]",0.20740262418880712
2,10,6.254641532897949,6.212625980377197,-0.350562413773436,2.922196498469097,"[-0.5565177202224731, 1.0]",0.23512950231562071
2,11,6.505428314208984,6.05017614364624,-0.3956495978704231,3.2416265512766,"[-0.41268542408943176, 1.0]",0.26537410079177987
2,12,6.785889148712158,5.875091552734375,-0.4332081587238106,3.5588724102092284,"[-0.28905847668647766, 1.0]",0.2964757603491154
2,13,7.095665454864502,5.687392234802246,-0.4624704401493833,3.8717487023078965,"[-0.19096016883850098, 1.0]",0.3271991753127293
2,14,7.4341325759887695,5.48692512512207,-0.48374390409499046,4.180806838642551,"[-0.11500861495733261, 1.0]",0.35728075189815905
2,15,7.800975322723389,5.273906230926514,-0.4977641156537125,4.487167594362212,"[-0.05614848807454109, 1.0]",0.3870350009092491
2,16,8.196314811706543,5.049093723297119,-0.5053145768182503,4.791727660243631,"[-0.009684036485850811, 1.0]",0.41690226345425063
2,17,8.621084213256836,4.814707279205322,-0.5064584045064393,5.093378343354542,"[0.04559959098696709, 1.0]",0.4476896040953884
2,18,9.076651573181152,4.573861122131348,-0.500868562536418,5.394679388366136,"[0.07694312930107117, 1.0]",0.479843417171964
2,19,9.563739776611328,4.328493595123291,-0.4895999290159665,5.6945023185978,"[0.10863740742206573, 1.0]",0.5127134638638658
2,20,10.083664894104004,4.082169532775879,-0.4726156191639852,5.992431451981336,"[0.13907164335250854, 1.0]",0.5468910590265919
2,21,10.637683868408203,3.845836877822876,-0.44646643989466117,6.2035560325194705,"[0.31081604957580566, 1.0]",0.5819349764505368
2,22,11.22936725616455,3.6438169479370117,-0.4008563441176367,6.465733220935975,"[0.336902379989624, 1.0]",0.6207791872505596
2,23,11.859078407287598,3.473747491836548,-0.3442567141024009,6.7534659628119895,"[0.32635170221328735, 1.0]",0.6601017479557009
2,24,12.525346755981445,3.3296289443969727,-0.2862223060498845,7.061277060511515,"[0.27273082733154297, 1.0]",0.6980440954661494
2,25,13.22669792175293,3.203490734100342,-0.23443261127944037,7.375720269997045,"[0.20332126319408417, 1.0]",0.734541906986471
2,26,13.961776733398438,3.088946580886841,-0.1930624011158777,7.688581412360339,"[0.13867804408073425, 1.0]",0.7696774280011294
2,27,14.729402542114258,2.981508255004883,-0.16279637427545346,7.997965852176921,"[0.08906039595603943, 1.0]",0.8036166550506164
2,28,15.528762817382812,2.8785719871520996,-0.14194142609515215,8.304822900926276,"[0.057027656584978104, 1.0]",0.836731978322723
2,29,16.35942268371582,2.7790069580078125,-0.12771375428751242,8.610353155647962,"[0.04010844603180885, 1.0]",0.8694064555334237
2,30,17.221193313598633,2.682699680328369,-0.11729227230981465,8.915218230473352,"[0.03376343473792076, 1.0]",0.9018891119199426
2,31,18.11403465270996,2.590304136276245,-0.10842780746343195,9.219684205546972,"[0.033506330102682114, 1.0]",0.9343299180362895
2,32,19.037961959838867,2.5029540061950684,-0.09964883008803938,9.523876489041982,"[0.035812754184007645, 1.0]",0.9667847513295952
2,33,19.99299430847168,2.421943426132202,-0.09021950877445128,9.827919753018612,"[0.03824673965573311, 1.0]",0.9992579875213963
2,34,20.9791316986084,2.3485069274902344,-0.07999763072045418,10.131961429412472,"[0.039320189505815506, 1.0]",1.0317312165690748
2,35,21.996335983276367,2.2835092544555664,-0.0692528409864206,10.436123371724678,"[0.03833996132016182, 1.0]",1.0641668398407298
2,36,23.044527053833008,2.2272539138793945,-0.05849087386335583,10.74046543335459,"[0.035283852368593216, 1.0]",1.0965231650067362
2,37,24.123607635498047,2.179497003555298,-0.048287105304771316,11.044983539096538,"[0.030640531331300735, 1.0]",1.1287830075909735
2,38,25.233482360839844,2.1395609378814697,-0.03913581800898669,11.349622941921776,"[0.025187354534864426, 1.0]",1.1609480285804448
2,39,26.374059677124023,2.1064326763153076,-0.031349667087976485,11.65431948952295,"[0.019743148237466812, 1.0]",1.193021753987033
2,40,27.545265197753906,2.0789756774902344,-0.02502186317989441,11.959027546470189,"[0.0149734141305089, 1.0]",1.2250211445889987
2,41,28.747045516967773,2.056135892868042,-0.02003988772868226,12.263728573694069,"[0.01127257663756609, 1.0]",1.2569670977954905
2,42,29.9793643951416,2.0370726585388184,-0.016154602014365693,12.568414618412842,"[0.008732226677238941, 1.0]",1.288876743956686
2,43,31.242198944091797,2.02120304107666,-0.01305441618940506,12.873096299128164,"[0.007197399623692036, 1.0]",1.3207634822962722
2,44,32.53553771972656,2.0081872940063477,-0.010449711485252422,13.177763356360167,"[0.006362226791679859, 1.0]",1.3526387107383864
2,45,33.8593635559082,1.9978681802749634,-0.008121576060306168,13.482428607863078,"[0.0058798836544156075, 1.0]",1.3844967649170246
2,46,35.21367645263672,1.9901784658432007,-0.0059549613554716885,13.787092074264537,"[0.005450059659779072, 1.0]",1.416354811062706
2,47,36.59846878051758,1.9850411415100098,-0.003927496817594189,14.091758332381097,"[0.004880805499851704, 1.0]",1.4482052403765744
2,48,38.013736724853516,1.9822967052459717,-0.002086986188240658,14.396427330094504,"[0.004107673652470112, 1.0]",1.4800518673213627
2,49,39.45947265625,1.9816720485687256,-0.0005074653457146638,14.701105017994808,"[0.0031829075887799263, 1.0]",1.511890903977461
2,50,40.9356803894043,1.9827983379364014,0.0007494135307481997,15.00578469189909,"[0.002231885679066181, 1.0]",1.5437337642678428
2,51,42.44234848022461,1.9852620363235474,0.0016627446265911061,15.310467342499306,"[0.0013978974893689156, 1.0]",1.5755651938615594
2,52,43.97948455810547,1.9886749982833862,0.0022642195587856406,15.615148836742202,"[0.0007912935689091682, 1.0]",1.6074042476461994
2,53,45.547088623046875,1.9927337169647217,0.002629605260343837,15.919830500462488,"[0.00045472104102373123, 1.0]",1.6392433021934874
2,54,47.14515686035156,1.9972554445266724,0.002856506585218632,16.224519313329925,"[0.00035548675805330276, 1.0]",1.671078574214672
2,55,48.7736930847168,2.0021755695343018,0.003035337852417719,16.529210219208636,"[0.00040337909013032913, 1.0]",1.7029176703516733
2,56,50.432701110839844,2.0075130462646484,0.003223490183431821,16.833903435394326,"[0.0004845457151532173, 1.0]",1.7347605915823214
2,57,52.11885452270508,2.0237386226654053,0.009163937310962211,17.01251778746894,"[0.126334547996521, 1.0]",1.7627097419088447
2,58,53.82298278808594,2.0868589878082275,0.03597810790448008,17.222513675854284,"[0.12380004674196243, 1.0]",1.7816295769222037
2,59,55.54677963256836,2.2125892639160156,0.07450925518796403,17.5158166341427,"[0.08360423892736435, 1.0]",1.8026180193360641
2,60,57.29539489746094,2.390510320663452,0.10545358915803149,17.819551681483336,"[0.010907423682510853, 1.0]",1.8288032474592533
2,61,59.07136917114258,2.580867052078247,0.11094289679690217,18.069770538979828,"[-0.06717389076948166, 1.0]",1.85728824110705
2,62,60.87470626831055,2.7393882274627686,0.08874465016276467,18.26224000547233,"[-0.12632015347480774, 1.0]",1.8855171771925943
2,63,62.702720642089844,2.838674306869507,0.05121964513911248,18.486278643744544,"[-0.11216341704130173, 1.0]",1.9112026276761473
2,64,64.55716705322266,2.8692753314971924,0.010312558689113516,18.778805554697467,"[-0.0656256228685379, 1.0]",1.938951036128951
2,65,66.44109344482422,2.8477795124053955,-0.018336663053522884,19.08410127566371,"[-0.011260236613452435, 1.0]",1.9698048473420493
2,66,68.35507202148438,2.8068509101867676,-0.025502430598598913,19.386172618285286,"[0.021827224642038345, 1.0]",2.00121635344244
2,67,70.29943084716797,2.7716307640075684,-0.018400312603575664,19.689376476251432,"[0.023294832557439804, 1.0]",2.0329610198267254
2,68,72.27436065673828,2.7515482902526855,-0.008501609147860023,19.993798628988838,"[0.013993513770401478, 1.0]",2.064901903400762
2,69,74.27982330322266,2.7448365688323975,-0.001451023319929412,20.298458800995313,"[0.005968485958874226, 1.0]",2.096805711088854
2,70,76.31574249267578,2.7439286708831787,0.0006881608256765759,20.602686061604516,"[-0.008821005932986736, 1.0]",2.1286312767303452
2,71,78.3820571899414,2.7371363639831543,-0.0035673042801604993,20.906329474809855,"[-0.016732167452573776, 1.0]",2.1603931799022695
2,72,80.47869110107422,2.7240171432495117,-0.007303186657324545,21.209513352112364,"[0.01439028698951006, 1.0]",2.192076721217318
2,73,82.60564422607422,2.722928524017334,-0.00015592808182418594,21.511113240678636,"[0.028245825320482254, 1.0]",2.223753134583054
2,74,84.7624740600586,2.7505879402160645,0.015901601710808677,21.809232974892637,"[0.04192756488919258, 1.0]",2.2549713823713917
2,75,86.94668579101562,2.8265271186828613,0.04037259001921978,22.06054380680454,"[0.06829927861690521, 1.0]",2.283484178087652
2,76,89.15433502197266,2.96699857711792,0.07129535238445683,22.35732761608263,"[0.04882846400141716, 1.0]",2.308257205229403
2,77,91.37992858886719,3.156402826309204,0.09186947022780956,22.31922590484562,"[-0.013226593844592571, 1.0]",2.3260300834663363
2,78,93.60253143310547,3.343499183654785,0.08539412719533601,22.253011725277737,"[-0.12696795165538788, 1.0]",2.322741397002031
2,79,95.82210540771484,3.476686716079712,0.053946322621190035,22.173958522248693,"[-0.1682756245136261, 1.0]",2.319356787959494
2,80,98.04244995117188,3.530613899230957,0.01066702543020348,22.311523014740708,"[-0.12648601830005646, 1.0]",2.3207463970233646
2,81,100.27140808105469,3.4979281425476074,-0.03455611304043238,22.256440213361742,"[-0.10696295648813248, 1.0]",2.3291121108429405
2,82,102.4937744140625,3.389252185821533,-0.07257300391742216,22.220314636323142,"[-0.015479261986911297, 1.0]",2.3223577488712666
2,83,104.71568298339844,3.239577293395996,-0.08741852909795966,22.462444896179942,"[0.06496267765760422, 1.0]",2.322989571368747
2,84,106.95498657226562,3.103750705718994,-0.06235618586949698,22.394196354111717,"[0.15652701258659363, 1.0]",2.3839747231989343
2,85,109.1865463256836,3.0077061653137207,-0.035221636996842776,22.14059973863106,"[-0.6586666107177734, 1.0]",2.277488479933217
2,86,111.39423370361328,2.8944077491760254,-0.048002013910078745,21.955623045428037,"[-1.0, 1.0]",2.0720248474968987
2,87,113.5802993774414,2.735698699951172,-0.07759599204942091,21.774465151818642,"[-1.0, 0.9746825695037842]",2.2984686514902877
2,88,115.74282836914062,2.515141010284424,-0.10914233358389946,21.596400047354813,"[-1.0, 0.9418444037437439]",2.026912326128277
2,89,117.88003540039062,2.2312240600585938,-0.13955589954871428,21.41758602193596,"[-1.0, 0.915011465549469]",1.7831784508547843
2,90,119.9898910522461,1.8853691816329956,-0.16922444619857835,21.234324333498307,"[-1.0, 0.888003945350647]",1.5722718413524988
2,91,122.0701904296875,1.4789552688598633,-0.1989595718756938,21.048342128683885,"[-1.0, 0.8794656991958618]",1.3940435501087318
2,92,124.11895751953125,1.0132702589035034,-0.2293098877646189,20.861384801613514,"[-1.0, 0.8794369101524353]",1.2453735422233971
2,93,126.13414001464844,0.48906761407852173,-0.2602639422726636,20.67160185115842,"[-1.0, 0.8638450503349304]",1.1221975063893357
2,94,128.11366271972656,-0.09284762293100357,-0.2916311862238352,20.481597999123604,"[-1.0, 0.8592848777770996]",1.020155574227699
2,95,130.05564880371094,-0.7314286231994629,-0.3232715373447945,20.292334111354936,"[-1.0, 0.8601080179214478]",0.9353292680910604
2,96,131.95838928222656,-1.425440788269043,-0.35516462245320213,20.10293589922386,"[-1.0, 0.8575050830841064]",0.8644297476132483
2,97,133.82012939453125,-2.1735715866088867,-0.3873373394760673,19.914220864705644,"[-1.0, 0.8606740832328796]",0.8048010532410909
2,98,135.63919067382812,-2.974473237991333,-0.41981059422794864,19.684000152030453,"[-1.0, 0.8603315949440002]",-5.0
3,0,5.007198333740234,0.00038487472920678556,0.000239418181998019,0.30026228891607226,"[0.16539497673511505, 1.0]",0.0085495140403567
3,1,5.043173789978027,0.0023680790327489376,0.0015687350401112354,0.6004473839340092,"[0.15931475162506104, 1.0]",0.03867746946549601
3,2,5.109086990356445,0.006540199741721153,0.004086887008835305,0.9004248449757304,"[0.161968395113945, 1.0]",0.06996511218080875
3,3,5.20488977432251,0.013269583694636822,0.008004130656233066,1.2002855796909833,"[0.1633533537387848, 1.0]",0.10120406907467389
3,4,5.330561637878418,0.022726954892277718,0.01338438184846602,1.5002293890222929,"[0.16303330659866333, 1.0]",0.1324228958065085
3,5,5.486090183258057,0.03516581654548645,0.020120980983875825,1.8002846792828227,"[0.16067415475845337, 1.0]",0.16362982643641139
3,6,5.671451568603516,0.050972770899534225,0.028079038953250368,2.1004708693281766,"[0.1561221033334732, 1.0]",0.19481350425743577
3,7,5.886617660522461,0.0705816000699997,0.03710102977811225,2.4008275023312797,"[0.149441659450531, 1.0]",0.22596981567943608
3,8,6.131558418273926,0.09443037211894989,0.0469777621548344,2.7013843770174772,"[0.14076748490333557, 1.0]",0.2570969874480435
3,9,6.406245708465576,0.12291877716779709,0.057457966834568275,3.0021540782389953,"[0.1302957683801651, 1.0]",0.28819698354372586
3,10,6.710653781890869,0.15638601779937744,0.06825082662627846,3.303123442076212,"[0.11830798536539078, 1.0]",0.3192721289146359
3,11,7.044761657714844,0.1950988918542862,0.07904368641798776,3.604257769788024,"[0.10514456778764725, 1.0]",0.3503270357880207
3,12,7.4085516929626465,0.23923999071121216,0.08951936372386893,3.9055097343250855,"[0.09117836505174637, 1.0]",0.3813648290522656
3,13,7.802016735076904,0.2888913154602051,0.0993727934410531,4.206823916399243,"[0.0767771378159523, 1.0]",0.41239574973805443
3,14,8.225157737731934,0.3440077006816864,0.10832034891344655,4.508150734543777,"[0.06227727606892586, 1.0]",0.4434276809604763
3,15,8.677993774414062,0.4044063985347748,0.1161102282599833,4.8094417849795805,"[0.04797443374991417, 1.0]",0.474478524714537
3,16,9.160560607910156,0.46975672245025635,0.12252591648403843,5.110657098422154,"[0.03412577882409096, 1.0]",0.5055647904389935
3,17,9.6729154586792,0.539575457572937,0.12739417495670313,5.411770660170555,"[0.02096063271164894, 1.0]",0.5367078187398104
3,18,10.215131759643555,0.613228440284729,0.13058623983927298,5.712761909029146,"[0.008689661510288715, 1.0]",0.5679237295549866
3,19,10.78726577758789,0.6902450919151306,0.13219998230180607,6.013691131101753,"[0.0018873857334256172, 1.0]",0.5991956280342938
3,20,11.389369010925293,0.7701492309570312,0.1324287478394437,6.314490338724696,"[-0.008534650318324566, 1.0]",0.6305184398616634
3,21,12.02159309387207,0.8516628742218018,0.13097173240706184,6.615150750364675,"[-0.017953749746084213, 1.0]",0.6619922613234184
3,22,12.684062004089355,0.9336382746696472,0.1278019049195942,6.915724763295956,"[-0.025385569781064987, 1.0]",0.6935896716521169
3,23,13.376872062683105,1.0150622129440308,0.12308557978711843,7.216262494351306,"[-0.030868198722600937, 1.0]",0.7252832398183309
3,24,14.100095748901367,1.0950390100479126,0.1170761567873555,7.516802755607655,"[-0.03443817421793938, 1.0]",0.7570492986184961
3,25,14.853784561157227,1.1727893352508545,0.11007031206573803,7.81737761547352,"[-0.0362132303416729, 1.0]",0.7888670115254902
3,26,15.637968063354492,1.2476519346237183,0.10239028811416695,8.118008555178523,"[-0.036420341581106186, 1.0]",0.8207145406955689
3,27,16.452651977539062,1.3191076517105103,0.09435113688959973,8.418699682562373,"[-0.03537089750170708, 1.0]",0.852568062756101
3,28,17.29783058166504,1.3867987394332886,0.0862355529417469,8.71945043409389,"[-0.03340606018900871, 1.0]",0.8844161310793991
3,29,18.17347526550293,1.4505178928375244,0.07827975865929826,9.020249467243348,"[-0.03085453435778618, 1.0]",0.9162358064404856
3,30,19.07955551147461,1.5101697444915771,0.07066325109972649,9.321082220169561,"[-0.028004180639982224, 1.0]",0.9480251159624428
3,31,20.016036987304688,1.5657570362091064,0.0635080030409565,9.621940242844776,"[-0.0250796340405941, 1.0]",0.9797802069228796
3,32,20.982873916625977,1.6173598766326904,0.05688352298743826,9.922813464049863,"[-0.022238653153181076, 1.0]",1.0114895899095135
3,33,21.980030059814453,1.665110468864441,0.05081977150143757,10.22369803524819,"[-0.019577737897634506, 1.0]",1.0431627843470934
3,34,23.007474899291992,1.709176778793335,0.04531634910878779,10.524585319672338,"[-0.017147313803434372, 1.0]",1.0748054734160646
3,35,24.065174102783203,1.749751091003418,0.04035368157548014,10.825476143052706,"[-0.014963547699153423, 1.0]",1.1064138461349482
3,36,25.153100967407227,1.78704035282135,0.035900077284540366,11.126377290506982,"[-0.013022373430430889, 1.0]",1.137995562431305
3,37,26.271257400512695,1.8184871673583984,0.030365362749083857,11.42574672242495,"[-0.03175407275557518, 1.0]",1.169572293356381
3,38,27.419645309448242,1.8396927118301392,0.02183565725172354,11.726252148038741,"[-0.028292473405599594, 1.0]",1.2011560436017212
3,39,28.598220825195312,1.852862000465393,0.013665611659577692,12.027307039897561,"[-0.01794103905558586, 1.0]",1.2326983974266092
3,40,29.806943893432617,1.8611853122711182,0.007986420634984448,12.32834968844134,"[-0.0075795454904437065, 1.0]",1.2642006418352907
3,41,31.0457820892334,1.867548942565918,0.005202085715306559,12.629279991305244,"[-0.0005639595910906792, 1.0]",1.295669955761655
3,42,32.3147087097168,1.8739237785339355,0.004619519226851665,12.930182158592832,"[0.0026152627542614937, 1.0]",1.3271124401970662
3,43,33.61372375488281,1.8812400102615356,0.005203550453906303,13.23109911512618,"[0.002999936230480671, 1.0]",1.3585549911840835
3,44,34.94282531738281,1.8896957635879517,0.006118079972239343,13.532023911996395,"[0.0024052010849118233, 1.0]",1.3899956701039837
3,45,36.30201721191406,1.8992036581039429,0.006916362508990304,13.832955375646003,"[0.0012783901765942574, 1.0]",1.421440193721657
3,46,37.6912956237793,1.909381628036499,0.007355118298581154,14.133885717171005,"[-6.384681910276413e-05, 1.0]",1.4528808975925038
3,47,39.11066436767578,1.9196823835372925,0.007343400389784094,14.434809955521112,"[-0.001166502945125103, 1.0]",1.4843253886963295
3,48,40.56013107299805,1.9295960664749146,0.006940597274910587,14.735735609784175,"[-0.0017466796562075615, 1.0]",1.5157775155662945
3,49,42.039695739746094,1.9388741254806519,0.0063436497165687555,15.036660102052963,"[-0.0014492226764559746, 1.0]",1.5472296372072851
3,50,43.549354553222656,1.9476240873336792,0.005807155914972384,15.337584639785268,"[-0.0008602095767855644, 1.0]",1.5786779443555963
3,51,45.089107513427734,1.9560604095458984,0.005452422857773698,15.638510768168295,"[-0.0003779483959078789, 1.0]",1.6101262586618355
3,52,46.65895462036133,1.9643722772598267,0.0052660015814680605,15.939438153579754,"[-0.00015954207628965378, 1.0]",1.6415745786247027
3,53,48.25889587402344,1.9726665019989014,0.005167198305025877,16.24037402687085,"[-0.00016795378178358078, 1.0]",1.6730229367830283
3,54,49.88893127441406,1.980947732925415,0.005074786615200111,16.54130864853362,"[-0.0002838028594851494, 1.0]",1.7044712893090264
3,55,51.5490608215332,1.9891566038131714,0.004944424879841591,16.84224781309553,"[-0.0003940938040614128, 1.0]",1.7359196622780706
3,56,53.23665237426758,2.007772207260132,0.010570485840688093,17.05243070440443,"[0.09552465379238129, 1.0]",1.7643274909041948
3,57,54.945621490478516,2.0728631019592285,0.03718451987828608,17.309374686670097,"[0.09608107060194016, 1.0]",1.786861302300953
3,58,56.67837142944336,2.1946592330932617,0.07231108202421321,17.607181218800985,"[0.06069870665669441, 1.0]",1.8119822544494482
3,59,58.4376220703125,2.3555283546447754,0.0952936295993787,17.905133728057393,"[-0.00443586241453886, 1.0]",1.839823742645399
3,60,60.22508239746094,2.5184969902038574,0.09408055972284757,18.159350517779476,"[-0.0687033161520958, 1.0]",1.869177404478445
3,61,62.040679931640625,2.643897533416748,0.06884258102049401,18.381607667263264,"[-0.10444234311580658, 1.0]",1.8983147686823723
3,62,63.883670806884766,2.7108871936798096,0.03266007550235006,18.673661813157487,"[-0.0709632858633995, 1.0]",1.9270223534033493
3,63,65.75706481933594,2.7277002334594727,0.0036217659244535128,18.975622439377183,"[-0.016430635005235672, 1.0]",1.9587843134283691
3,64,67.66049194335938,2.727231740951538,-0.004444815859342199,19.272433450259275,"[0.026516225188970566, 1.0]",1.9901530745496043
3,65,69.59363555908203,2.737734079360962,0.0049649312202344476,19.569985661742052,"[0.034040797501802444, 1.0]",2.0212085512004956
3,66,71.55634307861328,2.7716434001922607,0.019483952851128805,19.869992301108514,"[0.023437369614839554, 1.0]",2.0521224848862385
3,67,73.54863739013672,2.8256351947784424,0.029774806777358442,20.170968829311366,"[0.0028700577095150948, 1.0]",2.0830636712553385
3,68,75.57084655761719,2.8843400478363037,0.030461769180543996,20.470088271253456,"[-0.019319329410791397, 1.0]",2.1143245647011093
3,69,77.62327575683594,2.929532051086426,0.021053619997621453,20.767763984921956,"[-0.03056148812174797, 1.0]",2.1458841371508988
3,70,79.7059555053711,2.9520177841186523,0.008096542346058833,21.068442767703683,"[-0.014783787541091442, 1.0]",2.177487740989823
3,71,81.81877136230469,2.9611823558807373,0.0019240007295273642,21.368738996371764,"[0.008756567724049091, 1.0]",2.2089751824172668
3,72,83.96157836914062,2.97407603263855,0.0058076885471898265,21.66807508617166,"[0.01989920809864998, 1.0]",2.24031334472371
3,73,86.13419342041016,3.002826690673828,0.01521330772707774,21.968018309379758,"[0.017808545380830765, 1.0]",2.2714711336617404
3,74,88.33650207519531,3.0503177642822266,0.02412544315697307,22.268766927491587,"[0.008963455446064472, 1.0]",2.3025181059588684
3,75,90.56053161621094,3.1087353229522705,0.02799328516614974,22.23206300856525,"[-0.006680998019874096, 1.0]",2.3240738245541688
3,76,92.78229522705078,3.1610114574432373,0.02314393513722468,22.192724606708392,"[-0.02545003965497017, 1.0]",2.3216308715700316
3,77,95.00867462158203,3.1895523071289062,0.009924802434397861,22.490537110275937,"[-0.029079008847475052, 1.0]",2.3275868115274916
3,78,97.25566864013672,3.190078020095825,-0.0037823545381847623,22.454019827600472,"[-0.010585273616015911, 1.0]",2.3480371077788895
3,79,99.50025939941406,3.177166700363159,-0.008303603120812575,22.416441670324513,"[0.013784204609692097, 1.0]",2.345464746793804
3,80,101.74110412597656,3.1722664833068848,-0.0015877766419052364,22.377752453879555,"[0.024076048284769058, 1.0]",2.341544612604958
3,81,103.9781265258789,3.184598922729492,0.00827910203878357,22.341386924219815,"[0.005780977196991444, 1.0]",2.337558641061333
3,82,106.21138000488281,3.200904369354248,0.008905877001334161,22.30192028044774,"[-0.023931335657835007, 1.0]",2.3336121202659212
3,83,108.44072723388672,3.1981256008148193,-0.003099786350797551,22.261505042815234,"[-0.032835882157087326, 1.0]",2.3003911361751133
3,84,110.66068267822266,3.1785664558410645,-0.011815646808354785,22.002735227269266,"[0.6962898373603821, 0.9342952370643616]",2.270727811848248
3,85,112.85862731933594,3.193438768386841,0.007679225003244028,21.866358630745257,"[0.7956593036651611, 0.8798547387123108]",2.2023655595052083
3,86,115.04080963134766,3.266258716583252,0.03967164602031126,21.711580887030284,"[0.8429843187332153, 0.850684404373169]",2.127098415771697
3,87,117.20391082763672,3.4077014923095703,0.07368247682754969,21.545911220347733,"[0.8719136118888855, 0.8332948684692383]",2.3266707619250995
3,88,119.34461212158203,3.617704153060913,0.10748238527645348,21.369940774640618,"[0.8865416646003723, 0.8232682347297668]",2.2231320108729653
3,89,121.45962524414062,3.895775318145752,0.1407267583219669,21.186257683598676,"[0.897478461265564, 0.8171706199645996]",2.1164324193251343
3,90,123.54605102539062,4.241037368774414,0.17356167034988168,21.000123424006507,"[0.9046328067779541, 0.8132386803627014]",2.0100680832964213
3,91,125.60152435302734,4.6521220207214355,0.2062515732564405,20.813994540998138,"[0.9084383249282837, 0.8107900023460388]",1.9066242877473778
3,92,127.62399291992188,5.127529621124268,0.2390742347433399,20.628830236751476,"[0.9125765562057495, 0.8093506693840027]",1.3712867807311313
3,93,129.61154174804688,5.665701866149902,0.27216387812952014,20.445454406021433,"[0.9133737087249756, 0.808149516582489]",1.3016522853955994
3,94,131.5623016357422,6.265206336975098,0.3055663097857293,20.26312243045035,"[0.9137457609176636, 0.8078953623771667]",1.2366821041122826
3,95,133.47434997558594,6.924678325653076,0.33930816132287056,20.081017294868637,"[0.9143461585044861, 0.8076247572898865]",1.1765098188741498
3,96,135.34568786621094,7.6427435874938965,0.37340953960717105,19.89905024694315,"[0.9142619371414185, 0.807732880115509]",1.1210663663587797
3,97,137.17430114746094,8.417991638183594,0.4078717762191779,19.716863484628313,"[0.9149073362350464, 0.8073100447654724]",1.0701834668673138
3,98,138.95822143554688,9.248937606811523,0.4426783595601318,19.534870972834426,"[0.9144430160522461, 0.8074024319648743]",1.0236234042580536
3,99,140.69549560546875,10.134038925170898,0.4778234306756355,19.353166359009677,"[0.9138780832290649, 0.8072992563247681]",0.981100535316069
3,100,142.38426208496094,11.071660041809082,0.5133003316629621,19.17182685723951,"[0.9133990406990051, 0.8071677684783936]",0.9423122015257377
3,101,144.02267456054688,12.060070991516113,0.5491058001497784,18.990813330225915,"[0.913373589515686, 0.8071300387382507]",0.9069298577960648
3,102,145.6089630126953,13.097442626953125,0.5852393035038643,18.810136016163504,"[0.9132445454597473, 0.8068571090698242]",0.8746464411885687
3,103,147.1414031982422,14.18186092376709,0.6217072333118372,18.62981267874489,"[0.9132619500160217, 0.8068591952323914]",0.8451694735062717
3,104,148.61830139160156,15.31132698059082,0.6585158480022582,18.449758751967746,"[0.9136371612548828, 0.8068254590034485]",0.8182240178028624
3,105,150.03807067871094,16.48375701904297,0.6956694752118988,18.270103274733852,"[0.9136527180671692, 0.8068310022354126]",0.7935682360882178
3,106,151.399169921875,17.696996688842773,0.7331769699513844,18.090865300620763,"[0.9136738777160645, 0.8068397641181946]",-5.0
4,0,5.0070481300354,0.00037658290239050984,0.00023435817592698527,0.29399149323569934,"[0.16539497673511505, 1.0]",0.008371091754961039
4,1,5.042273044586182,0.0023150122724473476,0.0015342471039945238,0.5879090855014006,"[0.15924757719039917, 1.0]",0.037870505435537556
4,2,5.106810569763184,0.006390497088432312,0.00399474163511826,0.8816210226771375,"[0.16184017062187195, 1.0]",0.06850481977904907
4,3,5.200613975524902,0.01296390313655138,0.007826364653470641,1.175218036620273,"[0.16319668292999268, 1.0]",0.09909188692650998
4,4,5.323663711547852,0.02219543606042862,0.013091300970502928,1.4688985142211397,"[0.16289040446281433, 1.0]",0.12965977933694434
4,5,5.475947856903076,0.034322429448366165,0.019683556774830357,1.7626859926491012,"[0.16059164702892303, 1.0]",0.16021623232214557
4,6,5.657445430755615,0.049714695662260056,0.027473569279420573,2.056598692537891,"[0.15615281462669373, 1.0]",0.19075226796895958
4,7,5.868128299713135,0.06879034638404846,0.03631126935684925,2.350673585646636,"[0.14963942766189575, 1.0]",0.2212609000929294
4,8,6.107968330383301,0.09197276085615158,0.045997319399521785,2.6449405904130083,"[0.14117993414402008, 1.0]",0.25174226332702454
4,9,6.376937389373779,0.11965011805295944,0.05629123596100527,2.939412466478457,"[0.130959615111351, 1.0]",0.28219641508963156
4,10,6.675012588500977,0.15215454995632172,0.06691605028793024,3.234078571473539,"[0.11924532800912857, 1.0]",0.31262855269882817
4,11,7.002171516418457,0.1897505521774292,0.07756975991268344,3.528908216766628,"[0.10636214166879654, 1.0]",0.3430390148929303
4,12,7.358397960662842,0.23262473940849304,0.0879476992065591,3.823855039906088,"[0.09266650676727295, 1.0]",0.37343379192396214
4,13,7.743681907653809,0.28087007999420166,0.09775558886910218,4.1188681462255765,"[0.07851438969373703, 1.0]",0.4038188536489819
4,14,8.158024787902832,0.33446088433265686,0.1067164601469468,4.413898333993326,"[0.06423049420118332, 1.0]",0.4342054227519934
4,15,8.601439476013184,0.39324143528938293,0.11458383748120404,4.7088991397067135,"[0.05010247603058815, 1.0]",0.46460473423903176
4,16,9.07396125793457,0.4569161534309387,0.12114333640412411,5.003836478777365,"[0.036381591111421585, 1.0]",0.4950390460758849
4,17,9.575637817382812,0.5250441431999207,0.12622225091901385,5.298676338321676,"[0.023290563374757767, 1.0]",0.5255206029706897
4,18,10.106539726257324,0.5970392823219299,0.12968902086802458,5.593404408967882,"[0.01103318203240633, 1.0]",0.5560722287148672
4,19,10.666718482971191,0.6724629402160645,0.13162101108082247,5.888063894377374,"[0.003979523666203022, 1.0]",0.5866750442385653
4,20,11.25622272491455,0.7508577704429626,0.13218839755106426,6.182601455220574,"[-0.006598244421184063, 1.0]",0.617325948491852
4,21,11.875200271606445,0.8310020565986633,0.13109104202389688,6.477004335854765,"[-0.016208987683057785, 1.0]",0.648124066203241
4,22,12.523771286010742,0.911787748336792,0.12829192656016897,6.771315054691663,"[-0.023973848670721054, 1.0]",0.6790419321504093
4,23,13.20202922821045,0.9922256469726562,0.12393752501983535,7.06558359131747,"[-0.02975679561495781, 1.0]",0.7100530683606356
4,24,13.910051345825195,1.0714433193206787,0.1182657908462934,7.359849397398529,"[-0.033663567155599594, 1.0]",0.7411414399030395
4,25,14.647889137268066,1.1486669778823853,0.1115602175375825,7.654142822579082,"[-0.03579339012503624, 1.0]",0.7722814341444769
4,26,15.415575981140137,1.2232271432876587,0.1041261365126811,7.948486908695319,"[-0.03634978458285332, 1.0]",0.8034550349611993
4,27,16.213125228881836,1.2945858240127563,0.09626847971640196,8.242889186408746,"[-0.035614024847745895, 1.0]",0.8346422490805385
4,28,17.0405330657959,1.362358570098877,0.08826714537931402,8.537344869370717,"[-0.03390642628073692, 1.0]",0.8658258888262307
4,29,17.897775650024414,1.4263064861297607,0.08036088589314083,8.831850597834869,"[-0.03154661878943443, 1.0]",0.8969859119187725
4,30,18.78482437133789,1.486304759979248,0.07273638885029854,9.126391060118303,"[-0.028820987790822983, 1.0]",0.9281174810840089
4,31,19.701644897460938,1.5423259735107422,0.06552561388279976,9.42095593504777,"[-0.025960784405469894, 1.0]",0.9592148278307618
4,32,20.6481990814209,1.594422698020935,0.058810985826383444,9.715540435064653,"[-0.023133542388677597, 1.0]",0.9902741159177519
4,33,21.624454498291016,1.642704963684082,0.05263511525848941,10.010133413383418,"[-0.020450111478567123, 1.0]",1.0213010172303425
4,34,22.63037109375,1.6873224973678589,0.047005725346280336,10.304735067831553,"[-0.01797611638903618, 1.0]",1.0522879032642263
4,35,23.66592025756836,1.7284526824951172,0.04190989975846815,10.599340772225535,"[-0.015735100954771042, 1.0]",1.0832461972933742
4,36,24.731075286865234,1.7662898302078247,0.03732273793886076,10.893951385046837,"[-0.013729329220950603, 1.0]",1.1141778105295859
4,37,25.825838088989258,1.7983388900756836,0.031695611713578487,11.187058346424196,"[-0.03230580314993858, 1.0]",1.1451045646829323
4,38,26.950212478637695,1.8203425407409668,0.02315911515543778,11.48128398649926,"[-0.02886248752474785, 1.0]",1.1760401675876841
4,39,28.104154586791992,1.8344645500183105,0.014956578997994185,11.776053037740796,"[-0.018728788942098618, 1.0]",1.2069343468241305
4,40,29.287620544433594,1.8437435626983643,0.009137438858116909,12.070816591827002,"[-0.008528347127139568, 1.0]",1.2377846323048232
4,41,30.500572204589844,1.850907325744629,0.006110756279241514,12.365467984679064,"[-0.001482139341533184, 1.0]",1.2685962660873058
4,42,31.742990493774414,1.857833743095398,0.0052461610313470075,12.66008031561439,"[0.0018997536972165108, 1.0]",1.299388650604835
4,43,33.014869689941406,1.8654470443725586,0.005580787222315919,12.954702765330131,"[0.0025588320568203926, 1.0]",1.3301753586109777
4,44,34.31620407104492,1.87397301197052,0.006304234932435371,13.249336007439947,"[0.002021391876041889, 1.0]",1.3609563931369955
4,45,35.64699935913086,1.8833469152450562,0.006957641505886514,13.543970529528924,"[0.001110573299229145, 1.0]",1.3917431554688178
4,46,37.00724792480469,1.8932902812957764,0.007327687739352662,13.838605917437377,"[-3.881286829710007e-05, 1.0]",1.4225222923022964
4,47,38.3969612121582,1.9033571481704712,0.007318366675537646,14.133240397435333,"[-0.0010207844898104668, 1.0]",1.4533128691419746
4,48,39.81614303588867,1.9131112098693848,0.0069689599405196034,14.427869113260025,"[-0.001580650918185711, 1.0]",1.484107234740139
4,49,41.264793395996094,1.9223169088363647,0.006433131929195923,14.722501858653112,"[-0.0013967109844088554, 1.0]",1.5149016184713608
4,50,42.74291229248047,1.9310317039489746,0.005923269738500103,15.017132925321626,"[-0.0009354455396533012, 1.0]",1.5456959946483224
4,51,44.2504997253418,1.9394147396087646,0.005549228763397807,15.311768934916701,"[-0.0005256040021777153, 1.0]",1.5764903930684533
4,52,45.78755187988281,1.9476125240325928,0.005313539006926327,15.606399802781237,"[-0.00031011831015348434, 1.0]",1.607280953653531
4,53,47.35405731201172,1.9557170867919922,0.005160007770083297,15.901036163717075,"[-0.00027800630778074265, 1.0]",1.638060094865633
4,54,48.95003128051758,1.9637469053268433,0.005024452870598495,16.195673678183024,"[-0.0003450615331530571, 1.0]",1.6688545000576829
4,55,50.57547378540039,1.9716644287109375,0.0048694568951557216,16.490313938435552,"[-0.0004221303388476372, 1.0]",1.6996489176057725
4,56,52.22807312011719,1.9899811744689941,0.010501376810400309,16.711267483509605,"[0.08753331750631332, 1.0]",1.7278000383925902
4,57,53.90327072143555,2.053912401199341,0.03679063835306273,16.9814974265816,"[0.08753565698862076, 1.0]",1.7516143397379766
4,58,55.603450775146484,2.1693994998931885,0.06939758379166605,17.274821840791635,"[0.0527794249355793, 1.0]",1.7779167519944998
4,59,57.330360412597656,2.317474126815796,0.08909059478836667,17.566644347293025,"[-0.008620942942798138, 1.0]",1.8059595370139905
4,60,59.085533142089844,2.463477373123169,0.08582835561107416,17.827053676475508,"[-0.06560095399618149, 1.0]",1.8353944710363272
4,61,60.869590759277344,2.5713109970092773,0.060381185605093535,18.077001231972545,"[-0.09009753912687302, 1.0]",1.8654041227313765
4,62,62.68244934082031,2.626065254211426,0.026923360198210844,18.369190251305447,"[-0.05284140631556511, 1.0]",1.8955199376738432
4,63,64.52517700195312,2.644535779953003,0.005262805788159852,18.663765075802598,"[-0.0009040338918566704, 1.0]",1.9267146039739242
4,64,66.39729309082031,2.656151294708252,0.0032566465390031496,18.954812915646695,"[0.028578314930200577, 1.0]",1.9574127469875977
4,65,68.2984848022461,2.6809563636779785,0.01331274281514272,19.248160935254717,"[0.02457244321703911, 1.0]",1.9878084356344274
4,66,70.22872161865234,2.7235662937164307,0.02396898244293144,19.542686234987684,"[0.013001595623791218, 1.0]",2.0181789044636944
4,67,72.18814086914062,2.777339458465576,0.02923445139218117,19.836983795838137,"[-0.006164866499602795, 1.0]",2.0486856775695528
4,68,74.1770248413086,2.8280467987060547,0.025925873211921413,20.129699335533243,"[-0.02207047864794731, 1.0]",2.0794676191778683
4,69,76.19554138183594,2.863166570663452,0.01601918027293614,20.422920800637623,"[-0.02267320826649666, 1.0]",2.110419684130213
4,70,78.24365234375,2.8810133934020996,0.006513293078006299,20.71762335695658,"[-0.0058049364015460014, 1.0]",2.141340267020367
4,71,80.32125091552734,2.8924942016601562,0.004028430622907919,21.011602976267227,"[0.010718409903347492, 1.0]",2.172150785170546
4,72,82.42820739746094,2.9099109172821045,0.008557402372696643,21.305505449444613,"[0.01470207143574953, 1.0]",2.2028312564560943
4,73,84.56442260742188,2.9398679733276367,0.01560585767175482,21.599765989637877,"[0.011693631298840046, 1.0]",2.233414156914308
4,74,86.7298812866211,2.9821908473968506,0.021211811766372435,21.894407264731637,"[0.003245641477406025, 1.0]",2.263983511890511
4,75,88.92469787597656,3.029642105102539,0.022504909633660475,22.18877566981618,"[-0.006980898790061474, 1.0]",2.2946660798696414
4,76,91.14903259277344,3.0720391273498535,0.018489528500093222,22.482456540721497,"[-0.014926726929843426, 1.0]",2.3255057712301217
4,77,93.39502716064453,3.099729299545288,0.010390056676834902,22.444976050058663,"[-0.017282899469137192, 1.0]",2.346996960096358
4,78,95.63877868652344,3.1098878383636475,0.0021434452033499696,22.40854838922581,"[-0.006898689083755016, 1.0]",2.3445899936304224
4,79,97.87889862060547,3.1110880374908447,-0.0010124006883938108,22.371903564359876,"[0.00638843048363924, 1.0]",2.340793500121651
4,80,100.11534881591797,3.1148569583892822,0.001756221580852646,22.33510794471101,"[0.010551606304943562, 1.0]",2.3369581810636997
4,81,102.34808349609375,3.1278185844421387,0.007069893745833333,22.298469877758798,"[0.009326201863586903, 1.0]",2.3330777946256958
4,82,104.57709503173828,3.149158477783203,0.01098141159688737,22.26206346951344,"[-0.0014926968142390251, 1.0]",2.329190821257342
4,83,106.80244445800781,3.169858455657959,0.009682321617146883,22.225008838739303,"[-0.012183698825538158, 1.0]",2.3253619660438583
4,84,109.02417755126953,3.181521415710449,0.0041412154950730695,22.188325907030706,"[-0.010321359150111675, 1.0]",2.321580559843357
4,85,111.2501449584961,3.1891157627105713,0.002359560725810006,22.48097725567849,"[0.017876561731100082, 1.0]",2.3271318048771157
4,86,113.49613952636719,3.203538417816162,0.006816893442275429,22.444385129154966,"[-0.0031718118116259575, 1.0]",2.3168777077474036
4,87,115.73468780517578,3.2277002334594727,0.01243216860070806,22.196059259344956,"[0.683377206325531, 0.9407633543014526]",2.286624599902922
4,88,117.95063018798828,3.300140142440796,0.03642738318037608,22.051430646051802,"[0.7936302423477173, 0.878608226776123]",2.2196827275780726
4,89,120.14800262451172,3.436786651611328,0.06939878221415707,21.883024500623517,"[0.8429534435272217, 0.8489158153533936]",2.144714068981602
4,90,122.3228988647461,3.6433050632476807,0.10417180972537565,21.70900203780015,"[0.8692381381988525, 0.8329376578330994]",2.3457783629656364
4,91,124.47245788574219,3.9189388751983643,0.13827465274827677,21.527294125557972,"[0.8858356475830078, 0.8232451677322388]",2.2414027138798533
4,92,126.59366607666016,4.262627601623535,0.1713295418822316,21.339651149417808,"[0.8966799378395081, 0.8182157874107361]",2.133733500172484
4,93,128.68382263183594,4.672952175140381,0.2037154449503582,21.149760211159755,"[0.9066646099090576, 0.8130777478218079]",2.0261439112788957
4,94,130.74075317382812,5.148092746734619,0.2358832351252067,20.961180124215584,"[0.9098862409591675, 0.8110451698303223]",1.9212427794372662
4,95,132.76263427734375,5.686331748962402,0.26824863185293957,20.77454301610059,"[0.9117287397384644, 0.8094802498817444]",1.381224473751123
4,96,134.7476806640625,6.286089897155762,0.30101803011803785,20.5896941948316,"[0.9119875431060791, 0.8087723851203918]",1.3104857111438597
4,97,136.69406127929688,6.945919036865234,0.33422112416665506,20.404908236171757,"[0.9138585925102234, 0.8084703087806702]",1.2444319372103287
4,98,138.59979248046875,7.664447784423828,0.3678207629015855,20.21968873591227,"[0.9144420623779297, 0.8075242638587952]",1.1832011225277068
4,99,140.462890625,8.440313339233398,0.4017961736663258,20.034425850774287,"[0.9140605330467224, 0.8079561591148376]",1.1267959507374679
4,100,142.28131103515625,9.272093772888184,0.43612432011744673,19.848613639390333,"[0.9151047468185425, 0.8074384331703186]",1.0750337606753495
4,101,144.05311584472656,10.158260345458984,0.47077617379906744,19.663199095331276,"[0.9139285683631897, 0.8077530860900879]",1.027687789140185
4,102,145.7764434814453,11.097224235534668,0.5057524005014598,19.47814694999397,"[0.9131428003311157, 0.8069176077842712]",0.9844817480134591
4,103,147.44944763183594,12.087285041809082,0.5410463423218985,19.29327831712551,"[0.9136266708374023, 0.8068438768386841]",0.9450733424538136
4,104,149.07040405273438,13.126628875732422,0.5766545371509668,19.108956959671513,"[0.9133552312850952, 0.8075365424156189]",0.9091426999335542
4,105,150.63758850097656,14.213369369506836,0.6125859065783157,18.92470594718259,"[0.9140986800193787, 0.8067736029624939]",0.8763662350715384
4,106,152.14935302734375,15.345515251159668,0.6488447782407167,18.740855776809298,"[0.9141106605529785, 0.8067899346351624]",0.8464414942077533
4,107,153.6040802001953,16.521013259887695,0.6854421376776676,18.55717732244402,"[0.9149020910263062, 0.8067176938056946]",0.8190959085558553
4,108,155.00025939941406,17.737720489501953,0.7223837106855111,18.37392948428479,"[0.9148935079574585, 0.8067160844802856]",-5.0
5,0,5.006587505340576,6.997836589813232,-0.001320794742624365,0.28393088910316483,"[-0.9492835998535156, 1.0]",0.007865194341540413
5,1,5.038183689117432,6.986049175262451,-0.008759669457488073,0.5519955042841194,"[-1.0, 1.0]",0.03408016354613401
5,2,5.093178749084473,6.960964679718018,-0.022878551134597913,0.811499644648392,"[-1.0, 1.0]",0.05864680836795878
5,3,5.169709205627441,6.921372890472412,-0.044292363669653056,1.061816822637337,"[-1.0, 1.0]",0.08130863224483677
5,4,5.26674222946167,6.867201328277588,-0.07323932682215961,1.3087470686802811,"[-1.0, 1.0]",0.10292238564328979
5,5,5.3833136558532715,6.797649383544922,-0.1092503247661023,1.5513445995028556,"[-1.0, 1.0]",0.12355247708936441
5,6,5.518424987792969,6.711574554443359,-0.15173719837473598,1.7994162892761398,"[-0.9688543677330017, 1.0]",0.1432087052414399
5,7,5.672569274902344,6.608606338500977,-0.19953974151916842,2.061212439018268,"[-0.907260537147522, 1.0]",0.16341974308495721
5,8,5.847458839416504,6.488761901855469,-0.25094154687684167,2.3423866728315437,"[-0.8159558773040771, 1.0]",0.1854303045419021
5,9,6.045898914337158,6.352701663970947,-0.30349636782846545,2.6453769413001504,"[-0.6921876072883606, 1.0]",0.21034427115650497
5,10,6.271178245544434,6.201733112335205,-0.35391786358888133,2.9641134344571323,"[-0.5464327335357666, 1.0]",0.2386178416623325
5,11,6.52573823928833,6.037258148193359,-0.3988447253882459,3.2876197635881717,"[-0.40259453654289246, 1.0]",0.26935428268004324
5,12,6.8103461265563965,5.8600006103515625,-0.43603869948840135,3.608559621400602,"[-0.2801702320575714, 1.0]",0.30084640556436915
5,13,7.124581336975098,5.669938564300537,-0.4648258729755037,3.9250381943820596,"[-0.1834966242313385, 1.0]",0.33189788229342043
5,14,7.467820644378662,5.466935634613037,-0.48557163155111205,4.2377246774990756,"[-0.10875856131315231, 1.0]",0.3623090684523103
5,15,7.839787483215332,5.251265048980713,-0.499036041390335,4.547759322505872,"[-0.05082465335726738, 1.0]",0.39243175578794637
5,16,8.24064826965332,5.023758888244629,-0.5060044686986362,4.856022115068147,"[-0.00501809548586607, 1.0]",0.4227128859557949
5,17,8.671388626098633,4.786740303039551,-0.5065243177434198,5.161306012036036,"[0.049835313111543655, 1.0]",0.4539662334994747
5,18,9.133424758911133,4.543444633483887,-0.5002469807379928,5.466277625141759,"[0.08085138350725174, 1.0]",0.4866343821256379
5,19,9.627544403076172,4.295984268188477,-0.48819204890569523,5.769553561044719,"[0.11339627951383591, 1.0]",0.5200826351897403
5,20,10.155138969421387,4.048179626464844,-0.4702472700065776,6.070896388166916,"[0.143916517496109, 1.0]",0.554913600091966
5,21,10.71728515625,3.8110151290893555,-0.44310260112178135,6.280192157112165,"[0.3168347179889679, 1.0]",0.590407051535618
5,22,11.317172050476074,3.6092820167541504,-0.3964325672309066,6.543931027502881,"[0.341173380613327, 1.0]",0.6293345838498372
5,23,11.9555082321167,3.4408724308013916,-0.3385615441112666,6.8355536630204,"[0.3281863331794739, 1.0]",0.6690961731242168
5,24,12.630797386169434,3.299168586730957,-0.2795799828170633,7.148189734673389,"[0.2710472643375397, 1.0]",0.7074560078587646
5,25,13.341568946838379,3.1759583950042725,-0.22727896111732449,7.466444051350022,"[0.20298884809017181, 1.0]",0.7443705589000205
5,26,14.086423873901367,3.064746141433716,-0.18573950706648645,7.7835680684342226,"[0.13369785249233246, 1.0]",0.7798809833709422
5,27,14.864115715026855,2.9602668285369873,-0.15597561924959713,8.096726415213663,"[0.08434506505727768, 1.0]",0.8141271099939498
5,28,15.673874855041504,2.860283374786377,-0.13573386391028652,8.40726800036727,"[0.05508594587445259, 1.0]",0.8475918460163012
5,29,16.51531410217285,2.764052629470825,-0.12183322828450915,8.716584702449284,"[0.03941734507679939, 1.0]",0.8806638782923695
5,30,17.38825225830078,2.671476364135742,-0.11149829904223818,9.025271326238695,"[0.03382283076643944, 1.0]",0.9135518770960038
5,31,18.292619705200195,2.5828609466552734,-0.10275434223518154,9.333773106776276,"[0.030602816492319107, 1.0]",0.9463694258799074
5,32,19.228382110595703,2.498704671859741,-0.09450320338784302,9.641955407701458,"[0.032517287880182266, 1.0]",0.9791512047301644
5,33,20.195587158203125,2.420734167098999,-0.0855790837330419,9.94969713506511,"[0.037978921085596085, 1.0]",1.0119786847152148
5,34,21.194307327270508,2.352055072784424,-0.07472670229096945,10.256327108357757,"[0.049771953374147415, 1.0]",1.0448736410549928
5,35,22.224536895751953,2.2955801486968994,-0.06156389544519847,10.56386191932885,"[0.04853140190243721, 1.0]",1.0777669471184252
5,36,23.28615379333496,2.2509870529174805,-0.048054345025498435,10.872013120205562,"[0.042892131954431534, 1.0]",1.1105409566239328
5,37,24.378997802734375,2.220126152038574,-0.03399099025711738,11.177838220913392,"[0.056587714701890945, 1.0]",1.1431442813935244
5,38,25.502836227416992,2.2075891494750977,-0.017530790507664484,11.48469704239493,"[0.05569273605942726, 1.0]",1.1755195613733944
5,39,26.657508850097656,2.209829330444336,-0.002633333685870376,11.794088030336745,"[0.024697240442037582, 1.0]",1.2077460188171794
5,40,27.843027114868164,2.215456962585449,0.004258394583036562,12.101460051213149,"[-0.012042704038321972, 1.0]",1.239974835000967
5,41,29.059328079223633,2.2159616947174072,0.0026458505429935997,12.409449883152435,"[-0.017450574785470963, 1.0]",1.2721434888296548
5,42,30.30632209777832,2.207228183746338,-0.004008856388896476,12.71538862715739,"[-0.038462501019239426, 1.0]",1.3042132673768958
5,43,31.583885192871094,2.1890575885772705,-0.012063587105840767,13.023405379414665,"[0.0032158391550183296, 1.0]",1.3361684193001395
5,44,32.89225387573242,2.176536798477173,-0.011224291888302318,13.329702617035677,"[0.027730021625757217, 1.0]",1.3683523446379886
5,45,34.23138427734375,2.174767255783081,-0.003846137246291903,13.637781932895344,"[0.02373354509472847, 1.0]",1.4005004203093572
5,46,35.60129165649414,2.177727222442627,0.0015499597544259558,13.94541050276214,"[-0.010061780922114849, 1.0]",1.4326617264128203
5,47,37.00199508666992,2.1759321689605713,1.464738599743498e-06,14.253703182127646,"[-0.011618311516940594, 1.0]",1.4648450944953557
5,48,38.43339538574219,2.165172576904297,-0.006054430422186563,14.559349414748569,"[-0.034801509231328964, 1.0]",1.4969173714386341
5,49,39.89531707763672,2.1438236236572266,-0.013734587531811115,14.867068887836021,"[0.006940980441868305, 1.0]",1.5288235018897933
5,50,41.38792419433594,2.1195695400238037,-0.016762601691231005,15.173699323622982,"[-0.023198585957288742, 1.0]",1.5608887636555222
5,51,42.91108322143555,2.085571050643921,-0.0219849274308217,15.482099207881186,"[0.0017619924619793892, 1.0]",1.5928284735350746
5,52,44.46468734741211,2.043268918991089,-0.027198198422706987,15.785251233115233,"[-0.03972610458731651, 1.0]",1.624637756525581
5,53,46.04829406738281,1.9874966144561768,-0.03491271031039389,16.090960003046167,"[0.01815382018685341, 1.0]",1.6560160399844108
5,54,47.66011047363281,1.9483551979064941,-0.026373151117000226,16.287036303008843,"[0.12141299992799759, 1.0]",1.6851080696135399
5,55,49.29533004760742,1.9486767053604126,-0.0015090802316937157,16.5935585377488,"[0.05236018821597099, 1.0]",1.709890587394479
5,56,50.9604377746582,1.9829938411712646,0.021970945835098732,16.89958313888294,"[0.04633424058556557, 1.0]",1.7411558511757546
5,57,52.65072250366211,2.059515953063965,0.046727957644584706,17.041835131626264,"[0.19637389481067657, 1.0]",1.7669729870962245
5,58,54.35591506958008,2.1962356567382812,0.08104092407749253,17.33935304031816,"[0.08127382397651672, 1.0]",1.7832196545994004
5,59,56.08338928222656,2.397704601287842,0.11915222401512615,17.612649902720158,"[0.09256723523139954, 1.0]",1.8067311372087251
5,60,57.830223083496094,2.651871681213379,0.14896777715716247,17.853643539232728,"[-0.05170191451907158, 1.0]",1.8271751971960786
5,61,59.6039924621582,2.8941359519958496,0.1403178299365857,18.121717412947106,"[-0.07861030846834183, 1.0]",1.8553171070203713
5,62,61.410308837890625,3.0941522121429443,0.10913407778452111,18.39051237100149,"[-0.09034334868192673, 1.0]",1.8890736814019287
5,63,63.246036529541016,3.22944974899292,0.06930064472798758,18.504967894638572,"[-0.23979264497756958, 1.0]",1.9190000471762643
5,64,65.09867858886719,3.290121078491211,0.02541148364737289,18.654937258775117,"[-0.15633437037467957, 1.0]",1.9365892769906599
5,65,66.9676513671875,3.2714717388153076,-0.021515678446750286,18.829770286985205,"[-0.12042666226625443, 1.0]",1.953706744611746
5,66,68.85281372070312,3.191343307495117,-0.05752747533902003,19.06251723259146,"[0.045990053564310074, 1.0]",1.9709436810622867
5,67,70.76060485839844,3.1135077476501465,-0.05000297999511005,19.24957016690849,"[0.12643086910247803, 1.0]",1.9944142034464007
5,68,72.68830108642578,3.079036235809326,-0.015852732704805916,19.412298336684067,"[0.1614817976951599, 1.0]",2.015051570542422
5,69,74.63511657714844,3.114786386489868,0.02598912328781111,19.680198194138764,"[0.07733284682035446, 1.0]",2.0353763825962807
5,70,76.60658264160156,3.2090647220611572,0.05825105620719384,19.975170421244563,"[-0.0014709709212183952, 1.0]",2.0613543313487255
5,71,78.6053466796875,3.3183069229125977,0.06023058384544999,20.223015676108076,"[-0.06903968006372452, 1.0]",2.089767608628424
5,72,80.62962341308594,3.393003463745117,0.03492349611280865,20.413127928578735,"[-0.1200617179274559, 1.0]",2.1161358090770417
5,73,82.674560546875,3.402630567550659,-0.0026318689472706325,20.594157498783797,"[-0.12181356549263, 1.0]",2.1376108425335896
5,74,84.73927307128906,3.342115640640259,-0.04026499831118091,20.884717819977507,"[-0.03868276998400688, 1.0]",2.158693754603961
5,75,86.83110809326172,3.233492136001587,-0.060723002331005915,21.19229942376326,"[0.005148169584572315, 1.0]",2.1872003693795907
5,76,88.95275115966797,3.1143620014190674,-0.05838621163251556,21.489970451802577,"[0.04184209182858467, 1.0]",2.2183479334393614
5,77,91.10579681396484,3.0238840579986572,-0.0385396693989728,21.79011387734692,"[0.04923694208264351, 1.0]",2.2511011667449363
5,78,93.29043579101562,2.9818763732910156,-0.012882242824931112,22.092917036852125,"[0.042868975549936295, 1.0]",2.284057103716616
5,79,95.50591278076172,2.986422300338745,0.008326506306187476,22.401246472832423,"[0.01494752336293459, 1.0]",2.3162825988738396
5,80,97.74369812011719,3.0120952129364014,0.015098525484095404,22.362467312549526,"[-0.01940930262207985, 1.0]",2.338416442261942
5,81,99.97892761230469,3.0245256423950195,0.004354002066170537,22.317942162450628,"[-0.043492112308740616, 1.0]",2.335660231918528
5,82,102.20980834960938,2.999937057495117,-0.016091085622367274,22.278810973679654,"[-0.030807804316282272, 1.0]",2.331135386686246
5,83,104.436279296875,2.9447789192199707,-0.02974045199929609,22.241915876657014,"[0.004842487163841724, 1.0]",2.3265595687105813
5,84,106.65888214111328,2.886878728866577,-0.027507258267210233,22.202060372663937,"[0.02756580337882042, 1.0]",2.322512115915269
5,85,108.8862533569336,2.848625898361206,-0.01456429536942494,22.508217031728787,"[0.026661183685064316, 1.0]",2.328658192463092
5,86,111.13492584228516,2.838568925857544,-0.000169510203383183,22.470498187136897,"[0.020190689712762833, 1.0]",2.3497897271936785
5,87,113.38121032714844,2.852740526199341,0.009835320221771582,22.434126591288805,"[0.0024974988773465157, 1.0]",2.3472380545240807
5,88,115.62374877929688,2.8734192848205566,0.010504173129545435,22.396280632009496,"[-0.016748551279306412, 1.0]",2.3433217149924803
5,89,117.862548828125,2.8800196647644043,0.001282312064873281,22.35659793081391,"[-0.02832769975066185, 1.0]",2.3394047395167874
5,90,120.0973892211914,2.861199140548706,-0.011909256920670686,22.319686553772293,"[-0.015427711419761181, 1.0]",2.3352789825583815
5,91,122.32833099365234,2.8249781131744385,-0.019203521988343297,22.28307325005004,"[0.004324828274548054, 1.0]",2.3312156020861625
5,92,124.55557250976562,2.787447929382324,-0.017501495735674055,22.245791151672737,"[0.014508654363453388, 1.0]",2.3273475762958085
5,93,126.77924346923828,2.7605810165405273,-0.010528141579355221,22.208732933375373,"[0.014238071627914906, 1.0]",2.4225452290259017
5,94,128.99658203125,2.73770809173584,-0.009076319311098757,22.066586526175037,"[-0.9254510998725891, 1.0]",2.28182348134505
5,95,131.19898986816406,2.6794424057006836,-0.028314595551668376,21.897317530682393,"[-1.0, 0.9722520112991333]",2.062395058720579
5,96,133.38221740722656,2.568413496017456,-0.056364606049037036,21.717053391947616,"[-1.0, 0.9422587156295776]",2.271476500833319
5,97,135.5432891845703,2.3952856063842773,-0.0863591236163268,21.538245078179386,"[-1.0, 0.9214258790016174]",1.9899568476335459
5,98,137.68045043945312,2.1591789722442627,-0.11649518819555382,21.359727483414428,"[-1.0, 0.9027714729309082]",1.7422366697645184
5,99,139.79173278808594,1.8609404563903809,-0.1465903732520495,21.177738028615693,"[-1.0, 0.8872639536857605]",1.5315975763557286
5,100,141.87493896484375,1.501500129699707,-0.17690859804983816,20.993298574226007,"[-1.0, 0.8780578374862671]",1.3559300221261612
5,101,143.92799377441406,1.0817395448684692,-0.20758568380451514,20.807306878574433,"[-1.0, 0.8711465001106262]",1.2108536597263144
5,102,145.9488525390625,0.6025165319442749,-0.23862922052518698,20.620152203039083,"[-1.0, 0.8657180666923523]",1.0913560064608658
5,103,147.935546875,0.06476461887359619,-0.2700104460720816,20.432525774185194,"[-1.0, 0.8613120913505554]",0.9927518695943646
5,104,149.88616943359375,-0.530440628528595,-0.30168541828721196,20.24478147126498,"[-1.0, 0.8575218319892883]",0.9110005853443249
5,105,151.7989044189453,-1.1819064617156982,-0.3336352287268376,20.057065830093435,"[-1.0, 0.856087863445282]",0.8428141794163345
5,106,153.67196655273438,-1.8883793354034424,-0.3658719947739204,19.8694853514886,"[-1.0, 0.8557389378547668]",0.7855727708433355
5,107,155.50360107421875,-2.648545265197754,-0.3984099643402903,19.68204978242684,"[-1.0, 0.8552176356315613]",-5.0
6,0,5.007232666015625,3.499434232711792,-0.00035167042194483855,0.30205591757344674,"[-0.24135750532150269, 1.0]",0.00859191764470551
6,1,5.04307222366333,3.4955430030822754,-0.0028759476611766033,0.5975273326705651,"[-0.4055336117744446, 1.0]",0.038528430644722625
6,2,5.107987403869629,3.485555648803711,-0.009003215539175713,0.8938777448250795,"[-0.4108148217201233, 1.0]",0.06893763005801169
6,3,5.201854705810547,3.4688754081726074,-0.01868074346636117,1.1910472253429707,"[-0.39770591259002686, 1.0]",0.09922701445496133
6,4,5.324873447418213,3.4461400508880615,-0.03153568889011815,1.4900877161171118,"[-0.37393099069595337, 1.0]",0.12972413633019303
6,5,5.4773125648498535,3.4177772998809814,-0.04676590769011835,1.7910691130676732,"[-0.3413410484790802, 1.0]",0.16049892844044517
6,6,5.659374237060547,3.3838651180267334,-0.06350760356679253,2.093732199057654,"[-0.3026507496833801, 1.0]",0.1914834671064528
6,7,5.871208190917969,3.3443543910980225,-0.08090523601995336,2.397667909786768,"[-0.2609749138355255, 1.0]",0.22262345945146234
6,8,6.112931728363037,3.2992563247680664,-0.09815013618459822,2.7023808067104795,"[-0.21911998093128204, 1.0]",0.2538842510752655
6,9,6.384612083435059,3.2485713958740234,-0.11454229216819911,3.0074148103932004,"[-0.17924010753631592, 1.0]",0.2852137217187909
6,10,6.686258792877197,3.1922199726104736,-0.12952803278012937,3.3124346416544164,"[-0.14265605807304382, 1.0]",0.31655266532958354
6,11,7.017855167388916,3.1301417350769043,-0.14271480807571102,3.6172388057975278,"[-0.10991913825273514, 1.0]",0.3478739491378076
6,12,7.379387378692627,3.062392234802246,-0.15384988406749578,3.9217422988031627,"[-0.08104360848665237, 1.0]",0.3791800516483252
6,13,7.770863056182861,2.9891679286956787,-0.1627846563666573,4.225932931816953,"[-0.055757489055395126, 1.0]",0.4104923756834107
6,14,8.192317962646484,2.9108242988586426,-0.16944229277574685,4.529824948499947,"[-0.03364185616374016, 1.0]",0.4418391187318728
6,15,8.643817901611328,2.8278894424438477,-0.17379096851973674,4.8334457427700945,"[-0.014364059083163738, 1.0]",0.47325044480730916
6,16,9.125465393066406,2.7410728931427,-0.17583174886306452,5.136822863619316,"[0.0025504129007458687, 1.0]",0.5047631943413651
6,17,9.637383460998535,2.6512436866760254,-0.17560245069320857,5.439998524464721,"[0.016806576400995255, 1.0]",0.5363980612922201
6,18,10.179716110229492,2.5594093799591064,-0.17317750936263732,5.742978767758229,"[0.029404420405626297, 1.0]",0.5681760536858691
6,19,10.75297737121582,2.470836877822876,-0.16629616742198117,6.038278430975478,"[0.09838659316301346, 1.0]",0.6004335139257178
6,20,11.357762336730957,2.3929386138916016,-0.15183387112230573,6.337790692882779,"[0.10893652588129044, 1.0]",0.6333050236331093
6,21,11.993877410888672,2.3243730068206787,-0.13372397623560417,6.639305546519121,"[0.1090102568268776, 1.0]",0.6659919491170508
6,22,12.661190032958984,2.2645044326782227,-0.11436852090707106,6.942201992446498,"[0.10046208649873734, 1.0]",0.6985525310363218
6,23,13.359580039978027,2.212705612182617,-0.09550055721607809,7.245914222207352,"[0.08687698096036911, 1.0]",0.730996621018976
6,24,14.088912963867188,2.1682181358337402,-0.07832489923977537,7.549989250363256,"[0.0710381418466568, 1.0]",0.7633078755157948
6,25,14.849047660827637,2.1300432682037354,-0.06353902886765539,7.854077166152659,"[0.055709097534418106, 1.0]",0.7954780442081362
6,26,15.639847755432129,2.096762180328369,-0.051595949801140684,8.15817813705812,"[0.037992771714925766, 1.0]",0.8275118962212538
6,27,16.461198806762695,2.06681489944458,-0.042673161726884956,8.461978176557848,"[0.02732013538479805, 1.0]",0.8594299531250768
6,28,17.313039779663086,2.0397050380706787,-0.03599621739989267,8.765611797465372,"[0.020273398607969284, 1.0]",0.8912862259889848
6,29,18.195329666137695,2.015108346939087,-0.03085644965409351,9.069154145910156,"[0.016078557819128036, 1.0]",0.9231010801312051
6,30,19.10804557800293,1.9929057359695435,-0.026669560946325888,9.372648474412767,"[0.013783221133053303, 1.0]",0.9548928300000918
6,31,20.051172256469727,1.9730929136276245,-0.02300944550217565,9.676119197893673,"[0.012584303505718708, 1.0]",0.9866692148573184
6,32,21.02469825744629,1.955743670463562,-0.019610719319016923,9.97957667454939,"[0.011873659677803516, 1.0]",1.0184340960120348
6,33,22.028615951538086,1.940961241722107,-0.01634501803230748,10.283030833435687,"[0.011241485364735126, 1.0]",1.0501913328422574
6,34,23.06291389465332,1.9288188219070435,-0.013187041611690375,10.586487478978821,"[0.01045477855950594, 1.0]",1.0819371367706392
6,35,24.127586364746094,1.9193154573440552,-0.010177136947683074,10.889953487658056,"[0.009427142329514027, 1.0]",1.1136772607872347
6,36,25.22262954711914,1.912355661392212,-0.007391337289405442,11.193427401628087,"[0.008180593140423298, 1.0]",1.1454136056803732
6,37,26.348031997680664,1.907752275466919,-0.004904477463489876,11.496913760936474,"[0.0068092988803982735, 1.0]",1.1771385624857376
6,38,27.50379180908203,1.9052478075027466,-0.0027708859561723642,11.800401651037667,"[0.005436037667095661, 1.0]",1.2088616188310366
6,39,28.689903259277344,1.9045469760894775,-0.0010128001625568928,12.103899572097443,"[0.004175667650997639, 1.0]",1.240578998269751
6,40,29.90636444091797,1.9053516387939453,0.000383362038917312,12.407396200567684,"[0.0031135277822613716, 1.0]",1.2722944645431795
6,41,31.15317153930664,1.9073904752731323,0.0014599449095813455,12.710885909899396,"[0.002290179021656513, 1.0]",1.3040060849832191
6,42,32.43032455444336,1.9104384183883667,0.002277269048127195,13.014377605652244,"[0.0017020748928189278, 1.0]",1.335717714362154
6,43,33.73782730102539,1.9143246412277222,0.002902579272077155,13.317861907060635,"[0.001311485655605793, 1.0]",1.367433125163804
6,44,35.07567596435547,1.9189294576644897,0.003393799335142944,13.621342157657834,"[0.001058642752468586, 1.0]",1.3991447030395383
6,45,36.443870544433594,1.9241704940795898,0.003796202975853369,13.924821971704143,"[0.000881304033100605, 1.0]",1.4308562789507937
6,46,37.842411041259766,1.9299849271774292,0.004133226011802549,14.228300748893743,"[0.0007263617590069771, 1.0]",1.4625678501961936
6,47,39.271297454833984,1.9363110065460205,0.004412591610152283,14.531779329267753,"[0.0005625756457448006, 1.0]",1.4942794205559236
6,48,40.73052978515625,1.9430766105651855,0.004631636609811807,14.83525835313798,"[0.0003811316564679146, 1.0]",1.5259909929113866
6,49,42.22010803222656,1.9501947164535522,0.004782637843618431,15.138738680350032,"[0.0001914696767926216, 1.0]",1.5577025711318877
6,50,43.74003219604492,1.957568883895874,0.004861467411885201,15.442223747056017,"[1.4414079487323761e-05, 1.0]",1.5894141706801115
6,51,45.290306091308594,1.9651020765304565,0.004870389001537134,15.745704433575215,"[-0.00012801121920347214, 1.0]",1.6211295652147604
6,52,46.87092971801758,1.9727091789245605,0.004822052627751816,16.049188550534872,"[-0.00022046547383069992, 1.0]",1.6528449751863914
6,53,48.481903076171875,1.9803355932235718,0.004736831472869518,16.352682573439484,"[-0.0002204282209277153, 1.0]",1.6845604297347745
6,54,50.12322235107422,1.987965703010559,0.004645485047479525,16.656176910753683,"[-0.0001895381137728691, 1.0]",1.7162720710007353
6,55,51.79421615600586,2.0053348541259766,0.009911752945057195,16.94560436789664,"[0.05084741488099098, 1.0]",1.7472490245871755
6,56,53.494056701660156,2.0540130138397217,0.028138427445559167,17.24507186651526,"[0.048046793788671494, 1.0]",1.7774433690536156
6,57,55.222904205322266,2.132044792175293,0.04662382804596277,17.54880638644281,"[0.02258211001753807, 1.0]",1.807817132401102
6,58,56.981353759765625,2.2247393131256104,0.054913982203270706,17.85068709221656,"[-0.01455842237919569, 1.0]",1.8387776463583339
6,59,58.770301818847656,2.3087010383605957,0.04814182986730842,18.147528301470334,"[-0.044179897755384445, 1.0]",1.8706119364386478
6,60,60.59013366699219,2.364506244659424,0.029786924160318584,18.446020747993977,"[-0.04733225330710411, 1.0]",1.9028389415105043
6,61,62.440673828125,2.388819456100464,0.010559167406055003,18.749528971418716,"[-0.02264079824090004, 1.0]",1.9349130415041969
6,62,64.3216781616211,2.395240068435669,0.0005182511481294227,19.0527304767321,"[0.004070562310516834, 1.0]",1.9667416206413881
6,63,66.23298645019531,2.399703025817871,0.001066462858521966,19.355305087893655,"[0.015286033041775227, 1.0]",1.9984071614697403
6,64,68.17454528808594,2.4115750789642334,0.0066178221507922075,19.65860711328577,"[0.010440577752888203, 1.0]",2.030022569900411
6,65,70.14636993408203,2.4316110610961914,0.011242401383714906,19.962093315160505,"[0.0033171819522976875, 1.0]",2.061654065914316
6,66,72.14850616455078,2.4549124240875244,0.01238702802023095,20.2653506567013,"[-0.006616721861064434, 1.0]",2.093330308423906
6,67,74.18099975585938,2.4736592769622803,0.009033442417548443,20.56818953154328,"[-0.013324926607310772, 1.0]",2.1250504442005385
6,68,76.24386596679688,2.4821364879608154,0.0029965888585570255,20.871387323446154,"[-0.010875317268073559, 1.0]",2.1567874538930076
6,69,78.33706665039062,2.480534076690674,-0.0021049625255988857,21.17488816458607,"[-0.0038946596905589104, 1.0]",2.1884876803343873
6,70,80.46060943603516,2.4736196994781494,-0.00414161496923704,21.47834649669737,"[0.0022743837907910347, 1.0]",2.2201953448796696
6,71,82.614501953125,2.4673476219177246,-0.0029365345759755357,21.781630766373834,"[0.00710954237729311, 1.0]",2.251909855538526
6,72,84.79871368408203,2.4684460163116455,0.0013519537273785076,22.084439674659652,"[0.012933258898556232, 1.0]",2.283591709493
6,73,87.01316833496094,2.4829277992248535,0.00811451868341706,22.387393333156012,"[0.012650934047996998, 1.0]",2.3151979208781084
6,74,89.24966430664062,2.509026527404785,0.01328344804315229,22.350953329624282,"[-0.001962806098163128, 1.0]",2.3370752616629966
6,75,91.48384094238281,2.532954454421997,0.010965698946455937,22.312602697108893,"[-0.02016349509358406, 1.0]",2.3345833478791773
6,76,93.71436309814453,2.5425984859466553,0.0026675553058783663,22.276005774895204,"[-0.011002282612025738, 1.0]",2.330764181748747
6,77,95.94104766845703,2.549168348312378,0.0016211993135861746,22.234720203975602,"[0.029035348445177078, 1.0]",2.3267408112303904
6,78,98.16366577148438,2.5658061504364014,0.008167116114945472,22.196622970919393,"[-0.012411783449351788, 1.0]",2.322502906396481
6,79,100.39070892333984,2.5719852447509766,0.003105512147141276,22.49843979232277,"[-0.020912375301122665, 1.0]",2.328286130920921
6,80,102.63836669921875,2.5711421966552734,-0.0016241287907847735,22.459224143939547,"[0.01990192010998726, 1.0]",2.348724284526634
6,81,104.88355255126953,2.5782501697540283,0.003064233150245066,22.422780691129073,"[-1.795124262571335e-05, 1.0]",2.346088365160862
6,82,107.12495422363281,2.5779693126678467,6.791060779498537e-06,22.382113742575996,"[-0.028891514986753464, 1.0]",2.3421211842048733
6,83,109.36235809326172,2.5630605220794678,-0.008201204576899102,22.34479135589492,"[0.008192394860088825, 1.0]",2.3379554307304335
6,84,111.59571838378906,2.5613982677459717,-0.0007283745581370127,22.293284659293214,"[0.06912205368280411, 1.0]",2.3336800714941632
6,85,113.82343292236328,2.611942768096924,0.027924975084189896,22.244379807525277,"[0.06441450864076614, 1.0]",2.3278142477080825
6,86,116.04493713378906,2.7113234996795654,0.052874932914651396,22.206562131138753,"[-0.011709044687449932, 1.0]",2.321433741015906
6,87,118.2681655883789,2.8120102882385254,0.048163001997973964,22.41071901322314,"[-0.08942504227161407, 1.0]",2.3240766901493477
6,88,120.50628662109375,2.8666090965270996,0.018974490134596067,22.353332864911426,"[-0.11442063003778458, 1.0]",2.3387110306069454
6,89,122.74056243896484,2.850048542022705,-0.018483669545695136,22.305942094258263,"[-0.06568512320518494, 1.0]",2.334652557295256
6,90,124.96864318847656,2.7614080905914307,-0.05508402503887222,22.266672656789996,"[-0.0361083559691906, 1.0]",2.328280776467274
6,91,127.19039154052734,2.6272947788238525,-0.07301175970701301,22.222821195841355,"[0.042820874601602554, 1.0]",2.3217510474320675
6,92,129.4081573486328,2.5062575340270996,-0.055610265670271275,22.166892465573408,"[0.0920361801981926, 1.0]",2.317516824200549
6,93,131.6291961669922,2.445891857147217,-0.018397915758594507,22.366655554500998,"[0.09862774610519409, 1.0]",2.3216887683546297
6,94,133.86390686035156,2.4640302658081055,0.02275005361200222,22.32255462092943,"[0.055096324533224106, 1.0]",2.335162189153557
6,95,136.09408569335938,2.543856382369995,0.05171805573712085,22.287052250743535,"[-0.007143552415072918, 1.0]",2.3304705681361586
6,96,138.319580078125,2.641517162322998,0.050783419352557146,22.238587176351988,"[-0.05460342392325401, 1.0]",2.3255680270592087
6,97,140.54122924804688,2.7040855884552,0.02367576840691399,22.178705517155045,"[-0.10868667811155319, 1.0]",2.321453344749073
6,98,142.76564025878906,2.69643497467041,-0.014657506007578647,22.435115787858155,"[-0.062047164887189865, 1.0]",2.3253690317875493
6,99,145.00616455078125,2.623596668243408,-0.046030742071201836,22.398956271103046,"[-0.010532411746680737, 1.0]",2.341319595212151
6,100,147.2427978515625,2.5216994285583496,-0.05214096571822502,22.355738669037525,"[0.03753235563635826, 1.0]",2.337234124791919
6,101,149.47567749023438,2.442082166671753,-0.0330033569668613,22.29777905580456,"[0.09913983196020126, 1.0]",2.3332196444229956
6,102,151.70420837402344,2.4283456802368164,0.003056776299192876,22.242749606972954,"[0.09151478856801987, 1.0]",2.328623257020441
6,103,153.92674255371094,2.4922430515289307,0.04370114190765584,22.20015073357876,"[0.04919687286019325, 1.0]",2.3224348579886045
6,104,156.14976501464844,2.614680528640747,0.07128216973706092,22.474427245011974,"[-0.01269425731152296, 1.0]",2.324157383540054
6,105,158.39048767089844,2.75411057472229,0.06818118496377235,22.42469099408785,"[-0.07502967864274979, 1.0]",2.341633765723395
6,106,160.6295166015625,2.852674722671509,0.03887296400939633,22.365726601815048,"[-0.11281505227088928, 1.0]",2.33967470037223
6,107,162.8648223876953,2.8774523735046387,-0.0017821874014813943,22.31374078471819,"[-0.0768824890255928, 1.0]",2.3357176196640443
6,108,165.09498596191406,2.8268063068389893,-0.04187607761262413,22.27742066342523,"[-0.02652297541499138, 1.0]",2.3304119672041637
6,109,167.31983947753906,2.729315996170044,-0.06260093037367476,22.23864370620836,"[0.026802245527505875, 1.0]",2.3249274123029378
6,110,169.54013061523438,2.6236305236816406,-0.05217838313154122,22.190057680636457,"[0.058276478201150894, 1.0]",2.3201463972581764
6,111,171.76531982421875,2.557929277420044,-0.02316590621621728,22.476392949039862,"[0.05729818716645241, 1.0]",2.3263329772550545
6,112,174.0107879638672,2.5526676177978516,0.007260975554046922,22.43426317459339,"[0.04103849455714226, 1.0]",2.3464223239341075
6,113,176.25303649902344,2.5987930297851562,0.028152409041282134,22.397834837343666,"[0.006445464678108692, 1.0]",10.0
7,0,5.006652355194092,3.499481201171875,-0.0003226419660631308,0.27781121952108806,"[-0.24135750532150269, 1.0]",0.007902505681936694
7,1,5.039618968963623,3.4959239959716797,-0.0026326678955976845,0.5496092943328701,"[-0.4056692123413086, 1.0]",0.035439855594029165
7,2,5.099335670471191,3.4867959022521973,-0.008243415680176724,0.8220911689648254,"[-0.41142672300338745, 1.0]",0.06341611176791008
7,3,5.1856689453125,3.4715044498443604,-0.01715461900369064,1.0952370335563348,"[-0.3995557129383087, 1.0]",0.0912618414923121
7,4,5.298795223236084,3.4506430625915527,-0.029055353808873363,1.370052284629931,"[-0.377808153629303, 1.0]",0.11929151320441868
7,5,5.438962459564209,3.4246397018432617,-0.04323282502996495,1.6465823160324822,"[-0.34776467084884644, 1.0]",0.14757685675027116
7,6,5.606351375579834,3.393568277359009,-0.05893588808150785,1.924619941340987,"[-0.31175437569618225, 1.0]",0.17604970575165943
7,7,5.801095962524414,3.3573763370513916,-0.07542405102240668,2.203861705393635,"[-0.2724851965904236, 1.0]",0.20466196461885144
7,8,6.0233073234558105,3.316065549850464,-0.09198305404830087,2.483911732127334,"[-0.23245935142040253, 1.0]",0.23338896372596948
7,9,6.273056507110596,3.26963472366333,-0.1079670805948485,2.764372684740494,"[-0.19371406733989716, 1.0]",0.26218886073611736
7,10,6.550365447998047,3.2180161476135254,-0.1228497568725917,3.0449208206856975,"[-0.15763631463050842, 1.0]",0.2910110845805368
7,11,6.855223178863525,3.1611320972442627,-0.13623653556603887,3.3253443445590913,"[-0.12493246048688889, 1.0]",0.3198217804159944
7,12,7.187615394592285,3.0989859104156494,-0.14785883687925416,3.6055344276540824,"[-0.09577938169240952, 1.0]",0.34861712065320316
7,13,7.547537803649902,3.031684398651123,-0.1575503464021608,3.885454642701715,"[-0.07003116607666016, 1.0]",0.3774069549497749
7,14,7.935006618499756,2.959453582763672,-0.16521479086135482,4.165109511778516,"[-0.04738665744662285, 1.0]",0.40621180765285686
7,15,8.350061416625977,2.88265323638916,-0.17080596441192153,4.444516057965198,"[-0.027515586465597153, 1.0]",0.4350551203870641
7,16,8.792771339416504,2.8017890453338623,-0.17431214914506565,4.723701405144766,"[-0.010123099200427532, 1.0]",0.4639665791136788
7,17,9.263227462768555,2.717508316040039,-0.17575065560787184,5.002692304048423,"[0.0050216661766171455, 1.0]",0.4929682387202687
7,18,9.761544227600098,2.6305880546569824,-0.17516515964221746,5.281514374717787,"[0.018084395676851273, 1.0]",0.5220835795177731
7,19,10.287847518920898,2.541934013366699,-0.17261744658539335,5.560182113063776,"[0.02953312173485756, 1.0]",0.5513241108295878
7,20,10.842619895935059,2.4564096927642822,-0.1659877733677506,5.831899936231665,"[0.09598807245492935, 1.0]",0.5810159267272026
7,21,11.426414489746094,2.380805015563965,-0.1523447985774382,6.107534155776731,"[0.10569020360708237, 1.0]",0.6112784975120304
7,22,12.03903579711914,2.313642978668213,-0.13537074189565423,6.38493229382564,"[0.10591699928045273, 1.0]",0.6413535026952623
7,23,12.680357933044434,2.2541849613189697,-0.11727602702716489,6.663615840103092,"[0.09737887233495712, 1.0]",0.6713084072057569
7,24,13.350266456604004,2.2017009258270264,-0.09968717960773699,6.942998246282047,"[0.08429373055696487, 1.0]",0.7011520156678395
7,25,14.04864501953125,2.1554911136627197,-0.08365614826795031,7.222638241033376,"[0.0697670504450798, 1.0]",0.7308804350118963
7,26,14.775373458862305,2.114783525466919,-0.06972541892185546,7.502269950054424,"[0.05591383948922157, 1.0]",0.7604886541062996
7,27,15.530344009399414,2.0788414478302,-0.0580333427880797,7.781786300645369,"[0.04391390457749367, 1.0]",0.7899885888900136
7,28,16.313467025756836,2.047013759613037,-0.04844489759935833,8.061168487718229,"[0.03421798720955849, 1.0]",0.8193982745521539
7,29,17.124679565429688,2.0187454223632812,-0.04066633668745556,8.340447046502005,"[0.026798028498888016, 1.0]",0.8487445513821106
7,30,17.96393394470215,1.9935970306396484,-0.0343469217368062,8.619652917578572,"[0.021360088139772415, 1.0]",0.8780428174015645
7,31,18.831195831298828,1.9712485074996948,-0.029142172860409765,8.898808293970015,"[0.017497729510068893, 1.0]",0.9073065239195448
7,32,19.726442337036133,1.9514859914779663,-0.024752351277578022,9.177938004544623,"[0.014791366644203663, 1.0]",0.9365472267577555
7,33,20.649656295776367,1.9341754913330078,-0.020946028289582586,9.457055648219823,"[0.01286229956895113, 1.0]",0.9657707091572236
7,34,21.600826263427734,1.9192328453063965,-0.01755595737996618,9.736164046298015,"[0.01140578556805849, 1.0]",0.9949827058597083
7,35,22.579944610595703,1.906595230102539,-0.014479873162869694,10.015264550351947,"[0.010196019895374775, 1.0]",1.0241870376445525
7,36,23.586999893188477,1.896195650100708,-0.011665977155091767,10.294372753433214,"[0.009086166508495808, 1.0]",1.053379959983223
7,37,24.62198829650879,1.8879456520080566,-0.009098157232037885,10.57348301297982,"[0.00799958873540163, 1.0]",1.0825690768787217
7,38,25.684900283813477,1.8817249536514282,-0.006780674451450253,10.85259514448704,"[0.006913204677402973, 1.0]",1.1117486654548792
7,39,26.775733947753906,1.8773804903030396,-0.00472617882850912,11.13171452267963,"[0.005840216763317585, 1.0]",1.140926379292488
7,40,27.894485473632812,1.8747313022613525,-0.0029449235334091384,11.410834884700582,"[0.004814331419765949, 1.0]",1.1701002828600588
7,41,29.04115104675293,1.8735804557800293,-0.0014354438275532289,11.689955717138709,"[0.0038748281076550484, 1.0]",1.1992703738472414
7,42,30.215728759765625,1.873727560043335,-0.00018761969879577123,11.96907642784069,"[0.003051971085369587, 1.0]",1.2284385569379783
7,43,31.4182186126709,1.8749810457229614,0.0008230499348886866,12.248200496649414,"[0.002365012653172016, 1.0]",1.2576067551401957
7,44,32.64862060546875,1.877167820930481,0.001626791951874651,12.527320112628802,"[0.001815308816730976, 1.0]",1.2867749333046812
7,45,33.90692901611328,1.8801395893096924,0.0022602248171503803,12.806440529039339,"[0.0013909684494137764, 1.0]",1.3159373930252083
7,46,35.19314956665039,1.883772611618042,0.0027567712023959245,13.085560475411354,"[0.0010686861351132393, 1.0]",1.3451055726764605
7,47,36.50728225708008,1.8879661560058594,0.0031466579859831256,13.364681189610206,"[0.0008214907720685005, 1.0]",1.3742737557829334
7,48,37.84932327270508,1.8926361799240112,0.003451190456633668,13.64380031986898,"[0.0006229327991604805, 1.0]",1.4034381170644104
7,49,39.219276428222656,1.897708773612976,0.003685681790615014,13.922921294400918,"[0.0004537450149655342, 1.0]",1.4326063013423822
7,50,40.61714172363281,1.9031141996383667,0.003859852525906149,14.202047622599055,"[0.00030145514756441116, 1.0]",1.461774509711852
7,51,42.04291534423828,1.9087849855422974,0.003977297929978363,14.481175204276465,"[0.00016087759286165237, 1.0]",1.490938909024713
7,52,43.49660110473633,1.9146534204483032,0.004041746428359083,14.760300108445321,"[3.443378955125809e-05, 1.0]",1.520107110986051
7,53,44.97820281982422,1.9206537008285522,0.004057592236844876,15.0394224905785,"[-7.301103323698044e-05, 1.0]",1.549279116295494
7,54,46.48771667480469,1.9267250299453735,0.004030028519562023,15.318542679614684,"[-0.000157172791659832, 1.0]",1.5784472970387349
7,55,48.025142669677734,1.9328192472457886,0.0039699742369805335,15.597661773460535,"[-0.00019305478781461716, 1.0]",1.6076154728536194
7,56,49.590476989746094,1.9389082193374634,0.003893008881478366,15.876780319051742,"[-0.00020211469382047653, 1.0]",1.6367798315040922
7,57,51.18372344970703,1.9449729919433594,0.003806456146049797,16.15589726347785,"[-0.00021610688418149948, 1.0]",1.6659479976465879
7,58,52.80426025390625,1.960728645324707,0.009071658779191694,16.4216857065703,"[0.052005473524332047, 1.0]",1.694434389878785
7,59,54.451263427734375,2.007187604904175,0.027193138416635954,16.696849140450354,"[0.04928093031048775, 1.0]",1.7221389949601515
7,60,56.12488555908203,2.082071304321289,0.04569545008996112,16.976237706789213,"[0.024182666093111038, 1.0]",1.7500152010282077
7,61,57.82569885253906,2.1713807582855225,0.05449120538022001,17.25401210687722,"[-0.012557621113955975, 1.0]",1.7784563479379787
7,62,59.55454635620117,2.253255844116211,0.0488467686078522,17.527185265670116,"[-0.04218577966094017, 1.0]",1.8077198373576249
7,63,61.31181716918945,2.30965518951416,0.031908131968566344,17.801743540636092,"[-0.04642705246806145, 1.0]",1.8373786589211436
7,64,63.097381591796875,2.337506055831909,0.013748702285588443,18.080946522765416,"[-0.022508960217237473, 1.0]",1.8669286819598663
7,65,64.9110107421875,2.349627733230591,0.004177434485898246,18.359759517107047,"[0.004186292178928852, 1.0]",1.8962480682176066
7,66,66.75250244140625,2.3609464168548584,0.004855475299432754,18.637898927255595,"[0.01617572084069252, 1.0]",1.9253622443914002
7,67,68.62177276611328,2.3803961277008057,0.010712698642898033,18.916743189390058,"[0.012420390732586384, 1.0]",1.9543956690592865
7,68,70.51881408691406,2.409085750579834,0.016110926172489215,19.195859858907234,"[0.005709503777325153, 1.0]",1.9834226901658638
7,69,72.44368743896484,2.44273042678833,0.018350910965354572,19.474848818943457,"[-0.004495712928473949, 1.0]",2.012510171736027
7,70,74.396484375,2.4739253520965576,0.0161197146040859,19.753426954787464,"[-0.012173409573733807, 1.0]",2.0416873573317
7,71,76.37727355957031,2.4967637062072754,0.010806708229377904,20.03222337509291,"[-0.011304187588393688, 1.0]",2.0709341897582307
7,72,78.38602447509766,2.511085271835327,0.006057359899385162,20.31136979435451,"[-0.00273903738707304, 1.0]",2.100152079601939
7,73,80.42271423339844,2.5218849182128906,0.004540556500530535,20.590438548249455,"[0.0030389027670025826, 1.0]",2.129346731767904
7,74,82.48731231689453,2.5331711769104004,0.005396496474881829,20.86954611314392,"[0.0026599066331982613, 1.0]",2.1585110410052413
7,75,84.5798110961914,2.5458357334136963,0.006321811795629628,21.14866937687523,"[-0.00038581620901823044, 1.0]",2.1876677914928138
7,76,86.70022583007812,2.5581893920898438,0.005941246075858331,21.42773193488312,"[-0.003541710786521435, 1.0]",2.216839527593693
7,77,88.84855651855469,2.5676093101501465,0.0040932785954517215,21.706758655339044,"[-0.005052338354289532, 1.0]",2.246011102425588
7,78,91.02481079101562,2.572655439376831,0.0017297231280064551,21.985856718464817,"[-0.002946312539279461, 1.0]",2.275190627694029
7,79,93.2289810180664,2.574483633041382,0.00031292142808414525,22.26497593899646,"[0.0002523483708500862, 1.0]",2.304362618776265
7,80,95.45348358154297,2.575451135635376,0.000262188209318559,22.22860635778643,"[0.0014656903222203255, 1.0]",2.3245312920866015
7,81,97.67562103271484,2.5763344764709473,0.00044687843091573143,22.19223218324502,"[-0.0016727698966860771, 1.0]",2.3220024959964776
7,82,99.90168762207031,2.5750174522399902,-0.0007307714031172807,22.471251247341407,"[-0.004854436032474041, 1.0]",2.327187219968505
7,83,102.14682006835938,2.5690364837646484,-0.0032137696454528353,22.434820244364357,"[-0.0047414107248187065, 1.0]",2.3460891373887023
7,84,104.3895492553711,2.558112144470215,-0.005567604574919116,22.398453225849924,"[-0.002009461633861065, 1.0]",2.3435222265280435
7,85,106.62862396240234,2.5443150997161865,-0.006646717448619555,22.36209370338409,"[0.0007242904976010323, 1.0]",2.3397041286964786
7,86,108.86407470703125,2.530099868774414,-0.006456967220952237,22.325728161321248,"[0.0015318738296627998, 1.0]",2.335916521354852
7,87,111.09587097167969,2.5167555809020996,-0.005830325416456006,22.289375155045906,"[0.0007191123440861702, 1.0]",2.332098452846144
7,88,113.32403564453125,2.5041706562042236,-0.005491970799961443,22.253025349842165,"[-0.00024601351469755173, 1.0]",2.3283032869258524
7,89,115.54857635498047,2.4914987087249756,-0.00567093522521489,22.216662647931983,"[-0.0012469468638300896, 1.0]",2.324515692364913
7,90,117.77705383300781,2.477851390838623,-0.006238854327674126,22.495781805056765,"[-0.000982317142188549, 1.0]",2.3297084961500993
7,91,120.02459716796875,2.463393211364746,-0.006568154196462395,22.45942442316032,"[0.0007403092458844185, 1.0]",2.3486107448651588
7,92,122.269775390625,2.449556827545166,-0.006136722099869374,22.42305551295694,"[0.0019272016361355782, 1.0]",2.3460819724645563
7,93,124.5113296508789,2.4375622272491455,-0.005127384046729411,22.386683473303954,"[0.00211441982537508, 1.0]",2.342294335883774
7,94,126.74925994873047,2.4278528690338135,-0.004020574297692647,22.35032699635459,"[0.0014373483136296272, 1.0]",2.338506769335158
7,95,128.98355102539062,2.4198646545410156,-0.0033108418671865536,22.31396989491061,"[1.7498619854450226e-05, 1.0]",2.334703941187254
7,96,131.21401977539062,2.421931266784668,0.001905491759951694,22.271752233646165,"[0.03345543518662453, 1.0]",2.3306916350514078
7,97,133.44020080566406,2.4532577991485596,0.017133446873025093,22.233372981737624,"[0.026395108550786972, 1.0]",2.3262312086912567
7,98,135.662109375,2.509185314178467,0.029075993307321468,22.1969545847666,"[0.0012148292735219002, 1.0]",2.321794864967387
7,99,137.88771057128906,2.568264961242676,0.027871845020442265,22.47152169667499,"[-0.029869791120290756, 1.0]",2.3267230439241
7,100,140.13238525390625,2.6010680198669434,0.011580223367991138,22.42670468357576,"[-0.04631568118929863, 1.0]",2.3455948536932785
7,101,142.37429809570312,2.591315984725952,-0.010088187367275125,22.389026370303178,"[-0.02434440329670906, 1.0]",2.3426634604632395
7,102,144.6121368408203,2.5536811351776123,-0.021533388467998904,22.351824989945104,"[0.008562733419239521, 1.0]",2.3384219575719403
7,103,146.84619140625,2.514918565750122,-0.018217752910850926,22.31313916737674,"[0.023288104683160782, 1.0]",2.334463691682883
7,104,149.07664489746094,2.4924910068511963,-0.007645136541290398,22.275870916713785,"[0.017477650195360184, 1.0]",2.3306949103361494
7,105,151.30349731445312,2.488426923751831,0.0011387676821179582,22.239456553346677,"[0.005729069001972675, 1.0]",2.3269299714822473
7,106,153.5266876220703,2.491093158721924,0.0027047064030849555,22.201763045489145,"[-0.015448848716914654, 1.0]",2.3230982413218886
7,107,155.75355529785156,2.480140209197998,-0.006271211734918403,22.476756214238414,"[-0.031190235167741776, 1.0]",2.328013078745323
7,108,157.99899291992188,2.4453444480895996,-0.01885664525636077,22.440422744410352,"[-0.005932825617492199, 1.0]",2.346419524420159
7,109,160.24183654785156,2.4016315937042236,-0.021690248656204503,22.402915120650132,"[0.01417525578290224, 1.0]",2.343656745972613
7,110,162.48106384277344,2.3669872283935547,-0.01463926335411081,22.36453077061385,"[0.022689130157232285, 1.0]",2.3398676833896372
7,111,164.71665954589844,2.3564281463623047,-0.0013895042987490669,22.3244697076153,"[0.03045840933918953, 1.0]",2.3360558168092687
7,112,166.94825744628906,2.3772077560424805,0.01355682152904869,22.28743853353615,"[0.0165778286755085, 1.0]",2.331891373791538
7,113,169.17550659179688,2.4287221431732178,0.027340544382971288,22.245889701044238,"[0.03382229432463646, 1.0]",2.3273556491625116
7,114,171.39779663085938,2.512932300567627,0.04167074789257885,22.20961505254932,"[0.00594764668494463, 1.0]",2.3222333067989718
7,115,173.62359619140625,2.6041250228881836,0.04280259135586206,22.48444572880182,"[-0.02802233025431633, 1.0]",2.326979566326483
7,116,175.8687744140625,2.670947551727295,0.02714986204892167,22.437552439939186,"[-0.05309611186385155, 1.0]",2.3461472086359763
7,117,178.11163330078125,2.688927412033081,0.001882322258468072,22.397019013580756,"[-0.038079094141721725, 1.0]",2.3436454722798636
7,118,180.3505096435547,2.6656625270843506,-0.016709871101648233,22.36061348068377,"[-0.005308995954692364, 1.0]",2.3394991034365145
7,119,182.58544921875,2.6270782947540283,-0.02022724111136931,22.322572366010586,"[0.017534125596284866, 1.0]",2.3353911508423604
7,120,184.81674194335938,2.5963947772979736,-0.012706474192985873,22.28480265521421,"[0.019886989146471024, 1.0]",2.331574336557839
7,121,187.04444885253906,2.5846691131591797,-0.0023545007197389722,22.24757484529366,"[0.01616160199046135, 1.0]",2.327820995983509
7,122,189.26846313476562,2.591646671295166,0.005875865471096198,22.211167932283484,"[0.005446319468319416, 1.0]",2.3239645379218383
7,123,191.49636840820312,2.606761932373047,0.008265386759170212,22.489867376834297,"[-0.008325721137225628, 1.0]",2.329109676633254
7,124,193.74330139160156,2.6160292625427246,0.003517103693613244,22.452045457887333,"[-0.018387768417596817, 1.0]",2.3479671879589303
7,125,195.98776245117188,2.6086273193359375,-0.005547497708689342,22.4149167876908,"[-0.015380839817225933, 1.0]",10.0
8,0,5.00654411315918,3.4994897842407227,-0.00031731564388248756,0.2733036549058157,"[-0.24135750532150269, 1.0]",0.007773979606255858
8,1,5.038976192474365,3.495995044708252,-0.0025872609990118534,0.5407007284054856,"[-0.40569430589675903, 1.0]",0.034865232593010234
8,2,5.097725868225098,3.4870262145996094,-0.008101469194075506,0.8087455947271512,"[-0.41154026985168457, 1.0]",0.0623890309270046
8,3,5.182658672332764,3.471992015838623,-0.01686939445094371,1.0774265165237902,"[-0.3998986482620239, 1.0]",0.08978122343202308
8,4,5.293946743011475,3.4514780044555664,-0.028591164830872984,1.3477416401198397,"[-0.3785277307033539, 1.0]",0.11735290805925022
8,5,5.431832313537598,3.4259116649627686,-0.04256876581215341,1.6197297298704791,"[-0.3489610552787781, 1.0]",0.1451743543105402
8,6,5.596493721008301,3.39536714553833,-0.05807355652054014,1.8931924714971604,"[-0.31346049904823303, 1.0]",0.17318077359244036
8,7,5.788061618804932,3.359790325164795,-0.0743840866167309,2.1678449267079203,"[-0.2746581435203552, 1.0]",0.2013231999668165
8,8,6.006645679473877,3.3191819190979004,-0.09080327368539631,2.44330680521902,"[-0.23499934375286102, 1.0]",0.2295789412924309
8,9,6.252318859100342,3.2735402584075928,-0.10669821749347985,2.719194462123271,"[-0.1964951455593109, 1.0]",0.25790955470601956
8,10,6.525102615356445,3.222799777984619,-0.12154787057370697,2.9951895133538367,"[-0.16053709387779236, 1.0]",0.28626210906619576
8,11,6.824989318847656,3.1668813228607178,-0.13495662034614675,3.2710759191207655,"[-0.12785659730434418, 1.0]",0.3146065451272544
8,12,7.1519646644592285,3.105780839920044,-0.14665575385681073,3.5467409137145283,"[-0.09866384416818619, 1.0]",0.34293567972328765
8,13,7.506021499633789,3.039591073989868,-0.15647363037344242,3.822145842010398,"[-0.07283496856689453, 1.0]",0.37125649146360734
8,14,7.887174606323242,2.968517303466797,-0.16431197925181795,4.097290371384823,"[-0.05008703097701073, 1.0]",0.3995909133606848
8,15,8.295458793640137,2.892892837524414,-0.17012033358928047,4.37219531312516,"[-0.030095379799604416, 1.0]",0.42795906622595775
8,16,8.730937957763672,2.8131916522979736,-0.1738824481031811,4.646881668822785,"[-0.012567023746669292, 1.0]",0.4563901316332377
8,17,9.193699836730957,2.73002552986145,-0.17561243754729627,4.921373356740753,"[0.0027302103117108345, 1.0]",0.4849080590726186
8,18,9.683849334716797,2.6441309452056885,-0.1753509151282504,5.1956986674560905,"[0.015912342816591263, 1.0]",0.5135301419893923
8,19,10.201510429382324,2.5563759803771973,-0.17315114406784549,5.469865084423901,"[0.02763545885682106, 1.0]",0.5422754875454349
8,20,10.747164726257324,2.471536636352539,-0.1669128223723888,5.73727026287031,"[0.09439253062009811, 1.0]",0.5714720130579164
8,21,11.321370124816895,2.396277666091919,-0.15372950918622408,6.008427647856486,"[0.10470781475305557, 1.0]",0.6012433229749246
8,22,11.923925399780273,2.3290231227874756,-0.13725852363435642,6.281499891450292,"[0.10381419956684113, 1.0]",0.6308220244749052
8,23,12.55469036102295,2.268641233444214,-0.11988446015684318,6.555957687280755,"[0.09296058863401413, 1.0]",0.6602667708354392
8,24,13.21354866027832,2.214167833328247,-0.10327818602159944,6.830884063390038,"[0.07999365776777267, 1.0]",0.6895972775406263
8,25,13.900376319885254,2.1646499633789062,-0.08849164985920766,7.106244631209082,"[0.06125049665570259, 1.0]",0.7188057604473744
8,26,14.615053176879883,2.1190359592437744,-0.07612898976295046,7.381228434190946,"[0.05052456632256508, 1.0]",0.7478923849484882
8,27,15.35749340057373,2.0769903659820557,-0.06588833642326897,7.656229794010878,"[0.036840301007032394, 1.0]",0.7768932577668966
8,28,16.127607345581055,2.0375680923461914,-0.05780963725651311,7.931027173376776,"[0.028744850307703018, 1.0]",0.8058035672875197
8,29,16.925363540649414,2.001016616821289,-0.05107090759223176,8.205571660911305,"[0.027482833713293076, 1.0]",0.8346812675424602
8,30,17.75074577331543,1.9678541421890259,-0.04488638175079451,8.480154268637692,"[0.023803573101758957, 1.0]",0.8635429268748852
8,31,18.603713989257812,1.9374598264694214,-0.03946165576835803,8.754814549876585,"[0.017945963889360428, 1.0]",0.8923648814168275
8,32,19.48421287536621,1.9136766195297241,-0.03245008525039772,9.025236107942,"[0.05735660716891289, 1.0]",0.9211124485941374
8,33,20.391935348510742,1.9077234268188477,-0.017958760494840575,9.29177495809722,"[0.09164925664663315, 1.0]",0.9495354604559687
8,34,21.326574325561523,1.916308045387268,-0.0015652729306943058,9.56671023157078,"[0.01608184352517128, 1.0]",0.9776891730928498
8,35,22.28866195678711,1.921173095703125,0.003881290972681306,9.83976725437854,"[-0.016646306961774826, 1.0]",1.0063665838702893
8,36,23.27813148498535,1.9214692115783691,0.002804042311744581,10.11433446598297,"[-0.0040273768827319145, 1.0]",1.0349840332951656
8,37,24.295053482055664,1.9212262630462646,0.0012520851865005511,10.38882656173396,"[-0.009299646131694317, 1.0]",1.0636717165981153
8,38,25.339370727539062,1.9161453247070312,-0.00243612660714998,10.662191226087003,"[-0.027807336300611496, 1.0]",1.09229710600079
8,39,26.41098403930664,1.9078210592269897,-0.006178400570929554,10.935137139370855,"[0.016846034675836563, 1.0]",1.120821428894747
8,40,27.50984001159668,1.9103953838348389,-0.0012365056941234798,11.205540005782407,"[0.047025758773088455, 1.0]",1.14928090231606
8,41,28.63580894470215,1.9251700639724731,0.0084593980445824,11.480498670881065,"[0.016577649861574173, 1.0]",1.1776311771244337
8,42,29.789121627807617,1.9464313983917236,0.015953133877901315,11.754185415268388,"[0.02934633567929268, 1.0]",1.2062065174741765
8,43,30.969619750976562,1.9778321981430054,0.024048211485361293,12.028854669732477,"[0.01892637088894844, 1.0]",1.2346279691827415
8,44,32.175315856933594,2.005326747894287,0.024430774575950664,12.227309906361008,"[-0.11156440526247025, 1.0]",1.2607190005356559
8,45,33.40324783325195,1.9950675964355469,0.0018133463862346488,12.489180486354305,"[-0.10242348164319992, 1.0]",1.2841332885069539
8,46,34.6570930480957,1.9534469842910767,-0.02557273805137683,12.766142476232313,"[-0.046733420342206955, 1.0]",1.3112928559867953
8,47,35.93605422973633,1.9050116539001465,-0.037758431093197764,12.972125188208407,"[0.0858994647860527, 1.0]",1.337335744987563
8,48,37.23614501953125,1.8896716833114624,-0.020641895293095125,13.1503678668215,"[0.15577071905136108, 1.0]",1.3592674451956186
8,49,38.55585479736328,1.9261395931243896,0.016770724332555886,13.405903175778537,"[0.12983295321464539, 1.0]",1.3800363421230346
8,50,39.899200439453125,2.0139496326446533,0.05772707926272069,13.68155191409055,"[0.08322364836931229, 1.0]",1.4049126257032512
8,51,41.26571273803711,2.127887725830078,0.0828067330382698,13.878224076275904,"[-0.07390876859426498, 1.0]",1.428964306927226
8,52,42.65545654296875,2.229466438293457,0.07880293665544436,14.151982009912635,"[-0.025497447699308395, 1.0]",1.4534277239762474
8,53,44.072731018066406,2.3280563354492188,0.07126153023861281,14.426699096318355,"[-0.01251500379294157, 1.0]",1.4821946210310888
8,54,45.517940521240234,2.414194345474243,0.061015017944533234,14.691100075777289,"[-0.06003856286406517, 1.0]",1.511319453514826
8,55,46.98844909667969,2.4640867710113525,0.03760862828188127,14.837386460197136,"[-0.17566534876823425, 1.0]",1.5372768145103402
8,56,48.478179931640625,2.466280221939087,0.004790760484943313,15.11177377070843,"[-0.062497105449438095, 1.0]",1.5577338169291255
8,57,49.9945068359375,2.434095621109009,-0.021349364036674423,15.385689496759658,"[-0.04684854671359062, 1.0]",1.5855625070322934
8,58,51.536346435546875,2.363417148590088,-0.04588613242401074,15.644152276026528,"[-0.08024392277002335, 1.0]",1.6122382848514945
8,59,53.100074768066406,2.2587649822235107,-0.06742071931450067,15.821632811233176,"[0.08671380579471588, 1.0]",1.6349256801700804
8,60,54.68367004394531,2.1791770458221436,-0.055377771707107115,16.01162906901163,"[0.11926759034395218, 1.0]",1.6556476066894585
8,61,56.29009246826172,2.1438095569610596,-0.024377777670258283,16.281874188291162,"[0.06956306099891663, 1.0]",1.6796908581637164
8,62,57.923404693603516,2.1554410457611084,0.007826497811525002,16.54590153424867,"[0.0797562524676323, 1.0]",1.707768782245916
8,63,59.58262634277344,2.211536407470703,0.035742551306062076,16.821975834039545,"[0.01801897957921028, 1.0]",1.7349205404230998
8,64,61.26874923706055,2.283665895462036,0.04604299261221634,17.09590872260089,"[-0.008167448453605175, 1.0]",1.7630544835388133
8,65,62.98225784301758,2.353182792663574,0.042316164982759474,17.365657291462977,"[-0.03737663850188255, 1.0]",1.7916540637686147
8,66,64.72351837158203,2.4062278270721436,0.030585606171232627,17.640287679989335,"[-0.01704961434006691, 1.0]",1.8206418231244053
8,67,66.4925537109375,2.4470670223236084,0.021672538634955885,17.91454814587364,"[-0.015030036680400372, 1.0]",1.8496508060119001
8,68,68.28925323486328,2.47171688079834,0.012602610910473544,18.187101029767177,"[-0.02677210047841072, 1.0]",1.8785414785597336
8,69,70.11341857910156,2.481419563293457,0.004214718741159196,18.461406728599144,"[0.003143434412777424, 1.0]",1.9072416745169773
8,70,71.96503448486328,2.489043712615967,0.0030429278615242694,18.735967912078266,"[0.0017193006351590157, 1.0]",1.935927761366071
8,71,73.8441162109375,2.4940900802612305,0.002525076187558817,19.010385401803596,"[-0.005756485275924206, 1.0]",1.964628460382335
8,72,75.75064086914062,2.494331121444702,3.0892668645421395e-05,19.284835504405567,"[-0.007165457122027874, 1.0]",1.99330641797295
8,73,77.68461608886719,2.49106764793396,-0.0020935109329114354,19.55932463471927,"[0.0028262855485081673, 1.0]",2.0219921805827994
8,74,79.6460189819336,2.4913330078125,-6.857639806945315e-05,19.833136389184723,"[0.013883587904274464, 1.0]",2.0506520068177374
8,75,81.63479614257812,2.500910520553589,0.005454020754427802,20.107547541896967,"[0.00981940794736147, 1.0]",2.0792611245830677
8,76,83.65097045898438,2.5183801651000977,0.009728793778168487,20.382153535414965,"[0.0016040699556469917, 1.0]",2.1078940073156174
8,77,85.694580078125,2.537858724594116,0.010125338464481715,20.656418063260926,"[-0.008016022853553295, 1.0]",2.136563500425299
8,78,87.76565551757812,2.5513417720794678,0.006094910470755721,20.930338934843462,"[-0.013555283658206463, 1.0]",2.1652619646599205
8,79,89.86418914794922,2.554234504699707,0.00014847123077199598,21.204811879121884,"[-0.007961909286677837, 1.0]",2.193955283827142
8,80,91.99015808105469,2.549640655517578,-0.0033587787668079017,21.479352085115366,"[0.0017079459503293037, 1.0]",2.222626017488488
8,81,94.14356994628906,2.544524908065796,-0.0027124295702458667,21.753726797637437,"[0.0069816457107663155, 1.0]",2.2513036358237435
8,82,96.32443237304688,2.544020175933838,0.00036565201766780575,22.028201266686825,"[0.005826634354889393, 1.0]",2.279989332457903
8,83,98.53273010253906,2.5493004322052,0.0032566465390031496,22.302771135520363,"[0.002667953260242939, 1.0]",2.3086601996020293
8,84,100.76102447509766,2.5576536655426025,0.004283295139228649,22.26635147485196,"[-0.0032240552827715874, 1.0]",2.3284929541954273
8,85,102.9869155883789,2.5629515647888184,0.0021343904556445636,22.229583331120583,"[-0.009598727338016033, 1.0]",2.3259242382712926
8,86,105.20914459228516,2.559356927871704,-0.0026959179714873827,22.192930101950438,"[-0.00945743452757597, 1.0]",2.322097189365027
8,87,107.43513488769531,2.546288013458252,-0.007231680782055605,22.467501099693617,"[-0.0032941801473498344, 1.0]",2.3270940503587774
8,88,109.67984008789062,2.528325080871582,-0.008852347463423449,22.431071369892212,"[0.0032655494287610054, 1.0]",2.3456450213598274
8,89,111.92215728759766,2.511441469192505,-0.00751863638951189,22.394627010384575,"[0.004879389889538288, 1.0]",2.343093021253762
8,90,114.16085052490234,2.498396635055542,-0.005212605201611709,22.35824407718136,"[0.0032047750428318977, 1.0]",2.3393053356520035
8,91,116.39591979980469,2.488854169845581,-0.0036599822860958753,22.321885516792292,"[6.051827222108841e-05, 1.0]",2.335517759727909
8,92,118.62736511230469,2.480130672454834,-0.003686214422833345,22.285489493324867,"[-0.0028197793290019035, 1.0]",2.331730015219962
8,93,120.85515594482422,2.4692728519439697,-0.005109141393262462,22.249087096572858,"[-0.003732609562575817, 1.0]",2.327911724454109
8,94,123.07929229736328,2.455378293991089,-0.0067240822782865806,22.21273435269872,"[-0.0008936477825045586, 1.0]",2.3240936571262067
8,95,125.3072509765625,2.4402916431427,-0.007076951122722441,22.487297261643658,"[0.002116289921104908, 1.0]",2.3291515168766153
8,96,127.55397033691406,2.4264116287231445,-0.006056427793003749,22.450901285780652,"[0.003046994097530842, 1.0]",2.3477484161375752
8,97,129.7982940673828,2.415447950363159,-0.004464656409463252,22.41451924670206,"[0.0027296291664242744, 1.0]",2.345189067078909
8,98,132.03878784179688,2.4173195362091064,0.002209491598383906,22.3714692914641,"[0.03612289950251579, 1.0]",2.3411653862256507
8,99,134.27490234375,2.451436996459961,0.018782609378056314,22.333007749104926,"[0.027164403349161148, 1.0]",2.3366130368240974
8,100,136.5066680908203,2.5115416049957275,0.03106670622215546,22.296502918993927,"[-0.0005185557529330254, 1.0]",2.332100010205785
8,101,138.73455810546875,2.5732486248016357,0.028973727921462356,22.254698051412312,"[-0.03307517245411873, 1.0]",2.328036155879793
8,102,140.9587860107422,2.605437994003296,0.01115797917715966,22.20904613451461,"[-0.048715729266405106, 1.0]",2.3241686128787533
8,103,143.18641662597656,2.5936062335968018,-0.011370765748257128,22.482573906010195,"[-0.023088868707418442, 1.0]",2.328802197811421
8,104,145.43234252929688,2.554344892501831,-0.0221608292208213,22.44495047370012,"[0.011802618391811848, 1.0]",2.346928180451963
8,105,147.67572021484375,2.516934394836426,-0.01716473901583271,22.405569326210728,"[0.026831116527318954, 1.0]",2.3442027475148235
8,106,149.91546630859375,2.4999709129333496,-0.004556135992907606,22.36782957564805,"[0.021013911813497543, 1.0]",2.340401326840416
8,107,152.15151977539062,2.505274772644043,0.005986919288552883,22.33137869115546,"[0.0068408893421292305, 1.0]",2.3365446709070747
8,108,154.38385009765625,2.520699977874756,0.008866462217200777,22.294202559529502,"[-0.01178100984543562, 1.0]",2.332654233783508
8,109,156.6124725341797,2.5277810096740723,0.002365819154372062,22.25539907334066,"[-0.02412208542227745, 1.0]",2.3287717323534705
8,110,158.83721923828125,2.5142059326171875,-0.008992696052870564,22.218276454488816,"[-0.01643601432442665, 1.0]",2.3247289481467623
8,111,161.06558227539062,2.4837112426757812,-0.01640826810819629,22.492728973370074,"[0.0022450806573033333, 1.0]",2.3295803174895404
8,112,163.3126220703125,2.4508137702941895,-0.015380820559643738,22.455414387345332,"[0.014261742122471333, 1.0]",2.348089159664929
8,113,165.55731201171875,2.428276538848877,-0.008685899895293225,22.41840613923982,"[0.013859768398106098, 1.0]",2.345572769032829
8,114,167.79803466796875,2.431086540222168,0.004462792196700427,22.369622090868216,"[0.05330422893166542, 1.0]",2.341385955658907
8,115,170.03358459472656,2.4835009574890137,0.02907665909759416,22.329307732063207,"[0.03770393505692482, 1.0]",2.336031811552097
8,116,172.2639617919922,2.5741264820098877,0.04662609173288956,22.29272392152778,"[4.4261105358600616e-05, 1.0]",2.3306944549125
8,117,174.4901885986328,2.669628620147705,0.0448054216536562,22.247684518753385,"[-0.04271894320845604, 1.0]",2.3263413869750154
8,118,176.71302795410156,2.7285337448120117,0.022432604810064483,22.19655324046951,"[-0.06687424331903458, 1.0]",2.322723845050863
8,119,178.93931579589844,2.7286412715911865,-0.007850732577444397,22.46652257682062,"[-0.03865182772278786, 1.0]",2.3273871933925676
8,120,181.18357849121094,2.684422254562378,-0.026696325715281688,22.429683404314083,"[0.0024514691904187202, 1.0]",2.3451962706319134
8,121,183.42506408691406,2.6301910877227783,-0.02650604285539515,22.389888051611102,"[0.026848774403333664, 1.0]",2.342240091935375
8,122,185.6629638671875,2.592552900314331,-0.014391456214679188,22.35133159936468,"[0.02543339505791664, 1.0]",2.3384807724705787
8,123,187.89730834960938,2.582090377807617,-0.00046898266796269183,22.31342127877935,"[0.021020162850618362, 1.0]",2.334754878176382
8,124,190.1278839111328,2.5966298580169678,0.010094845270000263,22.27703072499228,"[0.005391617305576801, 1.0]",2.330822199785903
8,125,192.35470581054688,2.620347738265991,0.012368918524818362,22.23972496105831,"[-0.012910853140056133, 1.0]",2.326900661738825
8,126,194.57781982421875,2.6341865062713623,0.005154681447902654,22.200571339666595,"[-0.025731947273015976, 1.0]",2.3230165847003748
8,127,196.80458068847656,2.6247873306274414,-0.0073378077514956175,22.473963585532573,"[-0.019700337201356888, 1.0]",10.0
9,0,5.0063629150390625,6.997913360595703,-0.0012741894235483997,0.2742472165035043,"[-0.9492835998535156, 1.0]",0.00759702751332827
9,1,5.036894798278809,6.986556053161621,-0.00844448434247802,0.5332345322133725,"[-1.0, 1.0]",0.03293143863470627
9,2,5.090050220489502,6.962393760681152,-0.022055101725545256,0.7837376637424966,"[-1.0, 1.0]",0.056682241697534594
9,3,5.163998603820801,6.924234867095947,-0.042725492842304647,1.025315520130925,"[-1.0, 1.0]",0.07856230317188799
9,4,5.257770538330078,6.872057914733887,-0.07068974955257268,1.2637526675577166,"[-1.0, 1.0]",0.09945882151328707
9,5,5.370499610900879,6.805173873901367,-0.10547942182060499,1.4980775074480646,"[-1.0, 1.0]",0.11947042135431707
9,6,5.501175403594971,6.7224578857421875,-0.14656241006060355,1.7360290798290368,"[-0.9738063216209412, 1.0]",0.13848792355332246
9,7,5.650052547454834,6.62345552444458,-0.19292338410697507,1.9864675668962493,"[-0.9164179563522339, 1.0]",0.1578162479108964
9,8,5.81865930557251,6.508157730102539,-0.24299507365820894,2.254646071028339,"[-0.8312444686889648, 1.0]",0.1787526654373033
9,9,6.009536266326904,6.377096652984619,-0.29458130292137064,2.54375625938577,"[-0.7146650552749634, 1.0]",0.2023238639216305
9,10,6.225818634033203,6.231423377990723,-0.3446665745941644,2.849489951611244,"[-0.5740268230438232, 1.0]",0.22910507248854942
9,11,6.470067977905273,6.072506427764893,-0.38998625265431475,3.1617337958964984,"[-0.430545449256897, 1.0]",0.25847714595360455
9,12,6.743325233459473,5.9012017250061035,-0.4281438915949156,3.4725123362255657,"[-0.30496904253959656, 1.0]",0.28888356106721425
9,13,7.045351028442383,5.7176055908203125,-0.4582164397821451,3.779127974959742,"[-0.20438525080680847, 1.0]",0.319031870870229
9,14,7.37552547454834,5.521549224853516,-0.48039937324001425,4.081893294626312,"[-0.1262548267841339, 1.0]",0.3485429659317754
9,15,7.733475208282471,5.313159465789795,-0.49538205121669066,4.381880078842781,"[-0.06571013480424881, 1.0]",0.3776681940889234
9,16,8.119242668151855,5.0930681228637695,-0.5039393204313338,4.680008419694212,"[-0.01803816482424736, 1.0]",0.40682749775800875
9,17,8.533674240112305,4.863322734832764,-0.5061597309901877,4.9753361130843485,"[0.03805679455399513, 1.0]",0.4368205844693288
9,18,8.978049278259277,4.626831531524658,-0.5017502020152893,5.270255360393082,"[0.0699743703007698, 1.0]",0.46809118726874155
9,19,9.452980041503906,4.3852458000183105,-0.49182766326781646,5.564015240901062,"[0.10034068673849106, 1.0]",0.4999688318286837
9,20,9.95965576171875,4.14171028137207,-0.4764778685348725,5.855977307912234,"[0.1305786371231079, 1.0]",0.5330276181004489
9,21,10.499395370483398,3.90019154548645,-0.45549908336388256,6.14621519150913,"[0.15784180164337158, 1.0]",0.5673975771264396
9,22,11.073038101196289,3.6716911792755127,-0.4256824649574096,6.344755869569651,"[0.3260365128517151, 1.0]",0.6021941321259541
9,23,11.683045387268066,3.4805407524108887,-0.3770243813127898,6.6005566065919306,"[0.3428298830986023, 1.0]",0.6397097908014411
9,24,12.329972267150879,3.323298692703247,-0.3183950230727497,6.885554323878673,"[0.32119035720825195, 1.0]",0.6779118743402666
9,25,13.012330055236816,3.1921892166137695,-0.2601225284187816,7.189661604081995,"[0.2592737674713135, 1.0]",0.7147112653043065
9,26,13.728656768798828,3.078334331512451,-0.20981608121745676,7.498160842901133,"[0.18600432574748993, 1.0]",0.7500684373550668
9,27,14.477594375610352,2.9749913215637207,-0.17108293316528922,7.8037696660180496,"[0.12131316214799881, 1.0]",0.7840545703086047
9,28,15.258011817932129,2.8776724338531494,-0.14390537424103123,8.105667839344566,"[0.0740799605846405, 1.0]",0.8168929475988279
9,29,16.069189071655273,2.78391432762146,-0.12601465751204266,8.405269619954245,"[0.04540823772549629, 1.0]",0.8490009670129386
9,30,16.910770416259766,2.692753791809082,-0.11429088976129531,8.703803825455712,"[0.03172356262803078, 1.0]",0.8807484618190429
9,31,17.78263282775879,2.6042673587799072,-0.105804726947758,9.00182613773648,"[0.02793680503964424, 1.0]",0.9123706291188376
9,32,18.684770584106445,2.5192863941192627,-0.09835693064324236,9.299519125206231,"[0.029436033219099045, 1.0]",0.9439855924110843
9,33,19.617219924926758,2.4390594959259033,-0.09060247133920463,9.596975768701547,"[0.03279348090291023, 1.0]",0.9756357317794695
9,34,20.58001136779785,2.3649632930755615,-0.0819475972706103,9.894306437998088,"[0.035744938999414444, 1.0]",1.0073158218420852
9,35,21.573144912719727,2.298234701156616,-0.07237193525512087,10.191658433954318,"[0.03697938099503517, 1.0]",1.0389960078746694
9,36,22.596582412719727,2.2396693229675293,-0.0622383409912608,10.48914819372261,"[0.03596684709191322, 1.0]",1.0706386668717518
9,37,23.65025520324707,2.189476728439331,-0.05211127147207151,10.786820642706006,"[0.03282976523041725, 1.0]",1.1022134834195207
9,38,24.73407554626465,2.1473286151885986,-0.0425846116206392,11.084648263382299,"[0.028166305273771286, 1.0]",1.1337012602027985
9,39,25.84795570373535,2.112473726272583,-0.03413986096205335,11.382575823013223,"[0.02280973270535469, 1.0]",1.1651017486742625
9,40,26.9918155670166,2.083859920501709,-0.027058249307422955,11.680550692317224,"[0.01758444681763649, 1.0]",1.1964223413966775
9,41,28.16559600830078,2.0603561401367188,-0.021392240930224737,11.978531490188303,"[0.01312545407563448, 1.0]",1.227683832990027
9,42,29.36925506591797,2.04095458984375,-0.016999489870193507,12.276495695512576,"[0.00977375078946352, 1.0]",1.2589032882469942
9,43,30.602760314941406,2.0248820781707764,-0.013610351066958515,12.574451018670633,"[0.007569422014057636, 1.0]",1.2900902786074553
9,44,31.86609649658203,2.0116305351257324,-0.010911503618272533,12.872394111339693,"[0.006317918188869953, 1.0]",1.3212619551416536
9,45,33.15925216674805,2.000929594039917,-0.008620652448586341,13.17033517524249,"[0.005694729276001453, 1.0]",1.3524221784546069
9,46,34.48221969604492,1.992675542831421,-0.0065404573211251815,13.468270441436722,"[0.005351138301193714, 1.0]",1.3835747462833403
9,47,35.834991455078125,1.9868372678756714,-0.004575443910811217,13.76620379555576,"[0.005002771504223347, 1.0]",1.4147196761132041
9,48,37.217567443847656,1.9833570718765259,-0.0027221501082248523,14.064139281466481,"[0.004479956813156605, 1.0]",1.4458646155361303
9,49,38.629940032958984,1.9820842742919922,-0.001040097563731024,14.362081104011315,"[0.0037424610927700996, 1.0]",1.477001954079379
9,50,40.072105407714844,1.982754111289978,0.0003944141574407922,14.660024775000423,"[0.002860140986740589, 1.0]",1.5081354862433614
9,51,41.544063568115234,1.985011339187622,0.0015225291951983522,14.957973210474638,"[0.0019661756232380867, 1.0]",1.5392690398475266
9,52,43.045814514160156,1.988483190536499,0.0023362580662720234,15.25592563375269,"[0.0012864666059613228, 1.0]",1.570402611396809
9,53,44.57735824584961,1.9929405450820923,0.002937200366248227,15.55387432422606,"[0.0012631313875317574, 1.0]",1.6015361661484704
9,54,46.138694763183594,1.998400330543518,0.0035040542042716893,15.851820895784071,"[0.001433265395462513, 1.0]",1.6326697113650126
9,55,47.72982406616211,2.0049610137939453,0.004121907577170347,16.149771595905786,"[0.001574111171066761, 1.0]",1.6638032751600917
9,56,49.35074234008789,2.012699842453003,0.004786499427199331,16.447736393770786,"[0.001512874849140644, 1.0]",1.6949330876977498
9,57,51.00144958496094,2.0215959548950195,0.0054231280857823805,16.745710881033197,"[0.0011966126039624214, 1.0]",1.7260629438376962
9,58,52.679439544677734,2.0419626235961914,0.011704326674789378,16.95933670557821,"[0.09278445690870285, 1.0]",1.754306974891899
9,59,54.37957763671875,2.1083967685699463,0.03812102047561261,17.235734893523645,"[0.08445335179567337, 1.0]",1.777698899061872
9,60,56.10531997680664,2.2242941856384277,0.06914591506865353,17.534048109822677,"[0.041087839752435684, 1.0]",1.8046455565820927
9,61,57.85856246948242,2.365708827972412,0.08423884791445957,17.82283983496553,"[-0.02481381967663765, 1.0]",1.8334452719331262
9,62,59.64031219482422,2.4954521656036377,0.074983431020053,18.06457927497772,"[-0.08087494224309921, 1.0]",1.8630403320791966
9,63,61.449371337890625,2.5788471698760986,0.04497266817011347,18.30649766265997,"[-0.09755042940378189, 1.0]",1.891438382548376
9,64,63.28599166870117,2.605226993560791,0.010076602616532426,18.603820702048818,"[-0.04550131782889366, 1.0]",1.9203375239697666
9,65,65.15232849121094,2.594677686691284,-0.01088820095873455,18.902071045890384,"[-0.005868392996490002, 1.0]",1.9513961422162724
9,66,67.04817199707031,2.562731981277466,-0.01990886020305105,19.198728706480765,"[-0.018531080335378647, 1.0]",1.9822377850385384
9,67,68.97333526611328,2.5118401050567627,-0.02769780744320549,19.496724916880382,"[-0.007214921526610851, 1.0]",2.0128985311689305
9,68,70.9281234741211,2.456366777420044,-0.02931221569601128,19.79313038729498,"[0.016870174556970596, 1.0]",2.04385729475064
9,69,72.9120101928711,2.4182581901550293,-0.018486199548730653,20.064661899425353,"[0.05787229165434837, 1.0]",2.074177697297414
9,70,74.92369842529297,2.4272620677948,0.008119312373379373,20.335667307418394,"[0.06823823601007462, 1.0]",2.103198735305258
9,71,76.96238708496094,2.489603042602539,0.03660142075761286,20.6333003464053,"[0.027885425835847855, 1.0]",2.1315385112267924
9,72,79.02936553955078,2.587324857711792,0.05251940090912566,20.931247550820313,"[0.007842046208679676, 1.0]",2.161169068568535
9,73,81.1250991821289,2.7058348655700684,0.05907091034877521,21.229147165577242,"[0.003807765431702137, 1.0]",2.1912648048232226
9,74,83.2482681274414,2.824889659881592,0.05608590624095999,21.441697465787524,"[-0.07450219988822937, 1.0]",2.219656583908544
9,75,85.39701080322266,2.905839204788208,0.034411503393240395,21.73470452240408,"[-0.043101195245981216, 1.0]",2.246548846132068
9,76,87.57598114013672,2.9516444206237793,0.01553475127064985,22.032711625221147,"[-0.005125175230205059, 1.0]",2.2781175392275577
9,77,89.78233337402344,2.990192413330078,0.015020095389992605,22.23602460544663,"[0.07836594432592392, 1.0]",2.3064143446112286
9,78,92.00328826904297,3.0466461181640625,0.027119768328604188,22.191993277474182,"[-0.03778864070773125, 1.0]",2.320818864768165
9,79,94.22708892822266,3.0724332332611084,0.011430021082510677,22.38941008194983,"[-0.0981188639998436, 1.0]",2.3462795535142797
9,80,96.45683288574219,3.0404391288757324,-0.020938837754639117,22.042658683450806,"[-1.0, 1.0]",2.20698381384934
9,81,98.65501403808594,2.9428164958953857,-0.054396130529304365,21.823950152901784,"[-1.0, 0.9774994254112244]",1.9880070826054685
9,82,100.82671356201172,2.776841402053833,-0.08774197001234985,21.61368528870176,"[-1.0, 0.9300981163978577]",2.20064539943729
9,83,102.97125244140625,2.5434813499450684,-0.11913784294523921,21.411869962258116,"[-1.0, 0.9132305979728699]",1.9409936800339334
9,84,105.08746337890625,2.245039463043213,-0.14889480654329468,21.216791806351868,"[-1.0, 0.8978206515312195]",1.710759221828119
9,85,107.17426300048828,1.883972406387329,-0.17800422252229708,21.027732074772263,"[-1.0, 0.8850859999656677]",1.5132254811879022
9,86,109.23049926757812,1.462867259979248,-0.20762176963728596,20.838504442298813,"[-1.0, 0.8817103505134583]",1.3464797647494369
9,87,111.25437927246094,0.9831845164299011,-0.23826170429475635,20.647747232390383,"[-1.0, 0.8745173811912537]",1.2072088808608672
9,88,113.24385070800781,0.44546815752983093,-0.26959912084171833,20.456113215312904,"[-1.0, 0.8670802712440491]",1.0916984987183134
9,89,115.1968994140625,-0.14956122636795044,-0.30130498572549413,20.263739798063245,"[-1.0, 0.8621909022331238]",0.9958098156479519
9,90,117.1115951538086,-0.8008419871330261,-0.33328449041127417,20.07080963939016,"[-1.0, 0.8576913475990295]",0.9158324563294048
9,91,118.9861068725586,-1.507103681564331,-0.36554722227898484,19.878085135577866,"[-1.0, 0.8569057583808899]",0.8487447648010881
9,92,120.81867980957031,-2.2669880390167236,-0.3981152855656731,19.68556581400529,"[-1.0, 0.8563286662101746]",0.7921392834570202
9,93,122.60759735107422,-3.0790882110595703,-0.4309980013351531,19.451570415243825,"[-1.0, 0.8558903336524963]",-5.0
